fixed_acidity,volatile_acidity,citric_acid,residual_sugar,chlorides,free_sulfur_dioxide,total_sulfur_dioxide,density,pH,sulphates,alcohol,quality,wine_type
6.07379256139677,0.19364739369553277,0.32148366361847447,2.7722318061349824,0.04756709074409832,16.29301008753093,62.0002511113682,0.9952033882821377,3.238117525528942,0.576215739533986,10.599601262463418,4,white
8.028104499062174,0.6666479288544764,0.01046841487189848,1.0706889454332764,0.09262398731238987,9.910586200012848,63.591205650483595,0.9994616273819833,3.0357548161146464,0.8299372774108922,10.589817918389972,3,red
7.170492703560898,0.3442807988842973,0.13535683460549588,7.246585218882785,0.0545407298150036,28.079951132769985,135.98752164192425,0.9943223391809276,3.498003042829598,0.5186163434456286,9.529933395324878,3,white
8.378942131865454,0.61058904664585,0.41261004182913547,3.397629855432608,0.09304554846075806,5.828442065995904,45.80512386916952,0.9989600000944897,3.138001657356486,0.642402219639313,8.935235249526805,3,red
5.466761514919573,0.31006594488859673,0.2043271151890753,10.047418802751125,0.04226234956331289,72.75167122525538,324.6095947976726,0.9980253325585375,3.262295543500298,0.5968340254511759,10.407889184684725,3,white
7.49850532407151,0.08,0.37224469320091413,10.6592567846825,0.05399885402461618,34.998663300994835,96.589132678781,0.9971227540815594,3.2052538105969486,0.42607355378209083,9.139416967495256,3,white
8.714461213411038,0.7254415384890824,0.0,3.321004607129848,0.10016966042935913,12.745278197789267,91.92587193275702,0.9952730075324187,3.3253546493831423,0.5976548666521062,10.657467441983744,5,red
6.864315156573434,0.2314648689214429,0.2913627611910985,10.133618704341297,0.04975757588654365,11.03279800187822,41.199301213860885,0.9986914218000637,3.208521498807115,0.4500149731197944,11.452115591642974,4,white
10.6056080485704,0.32845941896729414,0.15927585505379943,3.1000340557758665,0.09506094876515764,1.9587137240934815,11.983801600577749,0.9969965600992307,3.188463886984874,0.507784627827435,11.266877441763256,5,red
5.478565283216218,0.40664270376268935,0.3173370207208693,4.596675501569068,0.07797473632792287,49.312540837719204,276.45478771884274,0.9964704259763062,3.000736874642056,0.39835484417914835,10.400134104716365,3,white
6.873330210521515,0.5254002672215399,0.17951803402651478,4.5059210500142655,0.07580681205293867,19.33285339027726,62.38519943676636,1.0019594386007218,3.040583110581801,0.549040336126991,9.502865460118004,3,red
6.796750639385476,0.2615754021145953,0.29651903741903635,7.060526044206496,0.032177433175609435,33.712338800835596,142.21946814651514,0.9935499326732941,3.1420249831115408,0.46286482956527464,10.014660381037066,4,white
6.338511715327589,0.19725027144536497,0.3041119550675341,2.985664560950924,0.01150900835302495,34.22938649978083,127.53524144199368,0.9977665630853222,3.0002145307502306,0.6125639877307245,10.272255904914225,4,white
8.609172633599442,0.6071869700595032,0.4783291544240679,4.460614929515902,0.10472324036005864,15.541482477330298,32.18004700235358,0.9994868578678217,2.9720035039611146,0.7865700334112385,10.782269839495797,5,red
11.960410177769646,0.7948106589488495,0.48230577502146754,4.953671135060764,0.09764575154941856,45.90510010562467,262.3985024085804,0.9991729303091764,3.0777254468968396,0.7468535744447191,11.73372437435821,4,red
9.085575906247561,0.5555090444551829,0.06369322551181478,4.9292638873668295,0.16889167598101934,24.822938805001222,98.92741718513122,0.999928729316777,2.8293625031595324,0.6381083766866784,8.672799690288906,4,red
8.617503499611034,0.7055355733608374,0.3158511676341884,0.5,0.08929685161534219,12.871167585387134,32.09296062166948,0.9973587245211087,3.071987096020106,1.1451158390658764,9.93104154691401,4,red
8.46940732064899,0.5184550976132614,0.4059224499338364,0.6692591800031458,0.09584696381695329,28.035220848569775,212.56604600305405,0.9960468192486923,2.9358511879594236,0.7267642598649383,10.198434778191139,4,red
7.6355129570981,0.08290889113403144,0.4852112181625007,11.457458443991118,0.06532052243960619,35.8270789063936,172.47059103350247,0.9968644376884541,3.1782375870594235,0.3440068698152845,8.468312575402308,4,white
5.909350020302858,0.11972491125011081,0.290902586101232,4.099710485554883,0.01966478989381897,36.94288732243435,216.36121959471384,0.9985538015210293,2.9759994424935754,0.3628499239332963,10.729274180737564,5,white
5.9072301189797045,0.8207676241044995,0.07837461002552049,2.9501457742883064,0.13246182982789925,6.084693690335366,28.036114076215934,0.9987607548051031,3.199996799457621,0.32819799778881936,8.113618162479316,3,red
7.669326332086224,0.27784790054173436,0.12323805370409821,3.588967609848188,0.04387151308273219,46.44252874086046,213.85786522746918,0.9977734778482988,2.936792638062665,0.27644401264246926,10.79816786159651,3,white
5.119018655873914,0.25383564470993014,0.3956700531680864,16.4220217572149,0.08177151512014078,20.346352714549614,80.16863927939299,0.9955201752806594,3.361830009372939,0.4826769205736604,10.289584302066972,5,white
7.183798323579983,0.36748468271196577,0.3579857472298017,6.004254322386747,0.009,85.94385979355643,214.93343373069106,0.9934745723030128,2.9486357408861132,0.3617917671466057,8.94142217008265,4,white
6.214264940351146,0.5345035523403605,0.14920270532954957,13.53868180111451,0.013939295082318212,34.83261262696813,186.9376063799969,1.00289856258224,3.1584918382893536,0.489672046017743,11.889779466791452,3,white
7.901201873262251,0.5923679256616388,0.42539903502475546,0.7148391538363176,0.09229491137128035,18.033672070364787,118.95290335675277,0.9957655512438885,3.115539168325448,0.625642782339783,11.606274501808258,4,red
5.8719837732140014,0.3318915042845646,0.22627661970890994,9.392784654991639,0.04942155082684044,37.17667545335532,123.87316929314376,0.99798494183021,3.0704678698134575,0.5460634003009958,11.02913282390714,3,white
8.147449319711715,0.6300088038806207,0.5023857827481117,2.7003758514066805,0.05801822268679365,10.61584810972126,82.34328633248596,0.9987835262200189,3.1619470922353488,0.41016357130509273,9.778827410602261,4,red
8.761684023232135,0.5011760967980048,0.19153041379274754,5.06647009522215,0.1231264601345053,20.109507591606697,150.19236239446585,0.9993874956779811,3.1505924885933703,0.7587947446914745,10.136271342759445,5,red
7.80412062535143,0.34589733826428704,0.176589124729911,6.577496473347517,0.19688653599769748,9.220824082452499,61.63564311894845,1.0005191963003817,2.9675654752987657,0.5138296699660578,10.669170469107879,3,red
8.39473235089078,0.5422139918949326,0.18582163598558837,2.6016199924421577,0.10389818934533984,10.55018607939719,74.6294610778681,1.0008545483424987,3.3263230444775505,0.4144079408138404,11.161458374015083,4,red
11.439282893281032,0.6418829401740892,0.3315708353620965,2.3597667588025306,0.08575526947042504,9.463690778833353,47.959850591698604,0.9983846801600079,3.0783116870766944,0.6059903657186427,9.08264314844269,3,red
8.855776535399077,0.5828404277899933,0.2130614368787105,1.542006194858159,0.08789683650564908,11.335702088906636,44.31184050020995,0.9976678457969274,3.086383672577558,0.5986265120076113,10.266864621466837,3,red
9.568631062246276,0.3271818555962351,0.05528682558233203,8.16875609620205,0.08072493022443598,10.865807758965111,30.03561586236908,1.0011475992189933,2.8712106022882486,0.6463081448137551,9.547701010039434,5,red
6.44473889767234,0.11764129143651617,0.1855857090450662,11.116647911578983,0.018403176685994973,12.723329867497206,65.88897536308832,0.9999360508462206,3.0067140886155768,0.7038453123182088,8.721566781826787,5,white
8.19344553463561,0.5855899422678135,0.09592353605856394,1.9655764619677563,0.05179327681738971,14.968995046576927,52.33541970463421,1.0013502083046886,2.9470438664683134,0.38413861144120626,9.381999227091036,5,red
5.395056437719955,0.18922500494438932,0.3710879219995019,4.160701278203807,0.039802856942639145,43.631583712907776,145.7785028581229,0.9982704142206318,3.2593675185698463,0.4447838611993678,10.108727613057576,5,white
5.884774433671665,0.4606357159372557,0.28896650258024975,5.915591721518301,0.05782203934856615,83.83938204749111,445.39749673659395,0.9940625962840524,3.2447480356826683,0.37915596287334635,9.861041527191375,3,white
5.992938105839572,0.19605821893402825,0.21202282484797783,6.110717582251903,0.03446019174199784,33.54198809650629,122.15872048258379,0.9971682592054683,3.191099610856323,0.5269111440103558,11.76751014413754,3,white
5.717071057878178,0.7509804186451926,0.032045245561507396,1.8200299202162358,0.01,22.89196406238763,58.39973583858958,0.9978470438864716,3.276957770152781,0.6723074301291108,9.281422595957977,3,red
9.29765705946046,0.8240176758141973,0.27426851963428883,0.5,0.10915356706890325,40.604970836227174,220.84619266695844,0.9978318079775795,2.857565713895139,0.6468279283635794,8.663880586234548,3,red
6.969325218761286,0.25855933152512417,0.3667545180775676,7.19486995974817,0.009,36.75905056558197,181.79518096401574,0.997491634694147,2.8307861332125563,0.39863504276289957,11.412091334866098,3,white
9.86036530999312,0.6800352130896065,0.557119436746996,2.474364430817783,0.07169066860322898,16.012256989065218,90.14332056270973,1.0007345490313293,2.7530549683364107,0.7634415458221029,10.788648377976862,5,red
8.721974996710571,0.654759009307366,0.15112131537571966,0.5,0.0703095214241739,24.418772648591826,134.97022762474424,0.9962008886999592,3.1105164837355668,0.6631517906991359,12.639982266121839,3,red
6.742359191076396,0.30200310040693934,0.20484371599874807,9.853452792145925,0.015041355810907823,19.038068293385322,64.62944054372018,0.9949340648951953,3.205455289069682,0.45294558157815773,10.821951862747843,3,white
7.542645713618689,0.560357840954011,0.2600431543902808,2.6437213629630216,0.018286292348136737,6.465401781756355,19.39150843494085,1.0021137625715155,3.237613417279963,0.7459213250426636,10.880160045112069,5,red
6.831215691544314,0.7019549375426919,0.5064891203399895,4.210980924444167,0.11776177037798755,23.856064534369857,137.40764196358293,0.9974819323463399,2.9911451810971768,0.6755627594876038,11.657113373511859,5,red
10.184796086990943,0.5273985912419098,0.3427679071007764,1.6874257576352634,0.11657122927938303,13.660231078972675,36.98044007529631,1.0038059373718533,2.8506216931730872,0.6696076442622273,10.51480566005636,5,red
8.914372529364304,0.521554295801747,0.45342552207232245,2.104221819570442,0.11049843453621291,13.342398047205691,29.324745148372056,1.0008141380581967,3.0452783148940914,0.626408923317199,10.667238303585897,4,red
5.3501787772668425,0.3129171022265001,0.03917006246025262,6.857836991178392,0.04705355321885473,82.54508665201635,333.7830539813486,0.9946367517847495,3.2723073992931044,0.4756847026431862,10.127067385454787,3,white
7.367539986733211,0.24136217595628026,0.2647773896465901,5.946272819853959,0.09332560891136693,38.317097750459574,113.529252740874,0.9957058717503513,3.1293956597857724,0.5739863823892276,10.557621380589692,5,white
7.18934030462469,0.3914048184094445,0.017240411109591958,2.198404258480057,0.10717137163412493,5.089671545060358,11.081496592282617,0.995514356103751,3.0794475883699763,0.3001265593674208,10.082267377394833,3,red
7.5131108879955,0.22417630664158486,0.44285478940490364,9.852578682516242,0.017554747727122386,55.483053669910106,150.6122654848988,0.9994777220118519,2.876121039385197,0.5494502485268095,10.638793221132504,5,white
9.921802997938444,0.4006866921975445,0.43764328184144774,3.9583159163380586,0.11022647007119736,11.039274055796165,84.0848038305786,0.9988104323688027,3.1085653891361384,0.8505935186517598,9.656619061228655,5,red
11.977533029619282,0.5557297570574672,0.5088583512038889,1.079863317374109,0.10400281362888096,22.669839094685223,101.08551231070145,0.9979115519301355,3.204384413220745,0.45868244803805214,8.294394659985116,4,red
6.961616757934556,0.4010775521934797,0.2867319921852175,7.146607062424268,0.10234855108896432,20.324629968510468,114.00858223084383,1.000235772457274,2.9748764235005427,0.3467298307608745,10.08458826048695,3,white
7.644502326186374,0.4234698732961388,0.488858953526509,4.730203294280449,0.043933047956089745,32.9805744393162,85.58347879718036,0.9968976289906416,2.9073449471493373,0.5827502641169512,10.879736110298659,3,white
5.731220944510006,0.28766712056147187,0.28994015106477805,4.942689266397201,0.0488763648984015,30.61793673810611,120.94046425210222,1.0008634241122172,2.965414558887305,0.6209005030425778,8.637632385302204,4,white
6.322338795511224,0.19521490263092348,0.35598726565659505,7.656029877368988,0.009,72.87779378075847,215.6043370532279,0.9963471188372648,3.235550699534906,0.4833671632912188,9.065691840739628,3,white
10.905656152104383,0.634272469928196,0.012992645689728466,1.6168469892727169,0.0455730294101344,5.703371981736801,41.44637921880981,0.9997167038294267,2.8209591599137096,0.7295033460084657,9.170799490216393,3,red
6.658793031745179,0.30938762118501467,0.3577218497491488,4.392206158685388,0.023030109411875502,18.085181641314975,60.184238175230796,0.9957482797550273,2.968104980531594,0.5112179013073589,10.536049637425542,4,white
9.890653268350684,0.7096959616666328,0.2881153978938486,0.7288155129752096,0.08057054547640498,26.03135303388129,128.21978854558589,0.9975105277602793,3.0278271183499093,0.4656626969731864,8.24966271295574,4,red
7.213993648173305,0.3472167582252349,0.3335410309521674,4.818627134946366,0.009,38.208695910738165,165.94397727545086,0.9952860474551222,2.9432060784132883,0.5640486796302278,9.296468636291902,6,white
7.243396418300335,0.09200882946279998,0.08635037090206568,4.644114297519096,0.07515579926880255,53.62883435283903,288.17842141168364,0.9939590991674587,3.014831779172637,0.46621723904383416,10.328248323034392,5,white
8.130695138846754,0.47588100681422546,0.5479704685633732,8.491912802898849,0.027001496086382363,8.680985543703953,31.459079678214447,0.9966558641265001,3.1725157633054146,0.5201010586216769,9.104112205499652,4,white
7.185949561511641,0.3849000701065401,0.09356536607374036,8.8510236656882,0.05541729244832564,15.711112158587135,78.47445453159396,1.000457858066791,3.080078126451609,0.46953717704731635,9.93609240045095,3,white
9.791515893978643,0.6229120916806925,0.28774075111256375,3.1338530004427017,0.027937579220434723,12.93860011077081,60.50976796306001,0.9993062428396472,2.8297547495728175,0.43688797516045447,10.599845659371155,4,red
5.363310380596005,0.36945914825692305,0.2154017575843722,2.256977775755348,0.01890700930112481,31.75379388994601,189.0029149990138,0.99017230477411,2.9699429067268963,0.44878714600206054,11.077266868970153,4,white
8.254926411736331,0.5691379171723502,0.2390693478462641,4.056334569791804,0.03351125902320244,14.983834179487104,92.507862547691,0.9981180057947056,2.9587594952117198,0.6930024658409595,11.300049278105577,4,red
6.051168349820248,0.37130359846462624,0.24503075124649756,8.439309960856889,0.06731238166567953,50.33443879556638,263.0019968800709,0.9960250808298449,2.8242652108156605,0.4492343925047115,10.382746932161648,4,white
6.952159651777055,0.27037717715168097,0.3909931717428117,4.972192192751562,0.05922316457163027,16.681960002818244,49.528207388286894,0.9924874777924707,2.8554361455504753,0.47238873449387453,12.299145310170825,4,white
7.406216463142707,0.4209713138593991,0.2607560532016143,4.491066112236335,0.07628268260011067,24.060934686032915,123.90429766479328,0.9976489846170421,2.961541359438056,0.5939023364719066,8.171088137496035,4,red
6.371149484930855,0.41151253352250994,0.16135914634740847,5.371288401736358,0.06658087670932579,23.739236296431844,115.92868456555286,0.9973117455356864,3.1895235881556108,0.5066768875509019,9.762021895907242,3,white
5.677790946862645,0.42356447200992187,0.0,15.129530617433662,0.009,49.262052055022544,257.48384878236186,1.0039863750055296,3.0055597505443123,0.5762505156009748,10.436084928007576,5,white
12.775049510223564,0.7772585381293324,0.1841846995296717,1.5564167408898069,0.06599345680361472,16.069080773569816,63.33880176770857,0.9978792438077473,2.550276718908683,0.5831783652321167,11.344606448675268,3,red
6.589770451450507,0.5416053946658217,0.26893675642248116,3.3469315506790234,0.1156875638870884,14.31017736379172,102.25961058073513,0.9981977897982044,2.9946575450606665,0.5830614051096576,8.485547378538342,4,red
5.984040353919486,0.2582436313744129,0.33912999009778355,6.16308180319966,0.021753976976963702,32.660479459359365,101.7966701151226,0.9947875045795749,3.105621321833187,0.6228554140953154,10.859796556953292,3,white
9.080606134688344,0.39461184699369506,0.023737833792520063,1.123616887472804,0.10984992410442551,8.741064484243562,18.54344625503089,0.9969229949863923,3.0798205491864694,0.7240945616151557,9.327132954540756,3,red
8.466049367533014,0.4502091947855282,0.05786035640975479,3.9851611271235643,0.04004670706968674,19.021544748666397,49.42531241693581,1.003111148332044,2.9987153922694083,0.8360173964668064,12.773768854631086,4,red
7.389613444475772,0.25469926523988906,0.4363232864413663,8.383875562405965,0.018622406949528703,17.766652259420816,69.632999272157,0.999630113662582,3.0295058709130926,0.5442947334461612,10.551700490642544,3,white
7.203296417171289,0.5923706987115289,0.4459809264259026,2.0203296476325288,0.06703805584148011,20.675625658722822,42.51052787792422,0.9966316919510665,3.173105886981983,0.6458766650361398,8.774124000348205,3,red
9.101406445856888,0.48499162737218854,0.22620032121575237,1.3431413479289478,0.0946812927475952,10.372008946340081,76.26198073999244,0.9954332856302291,2.892781123381552,0.7053893364658104,10.602341042751561,3,red
5.868282652039428,0.26625362302609873,0.4431770707066658,6.662024129618919,0.03324318600780678,23.039060093940172,106.10495762838158,1.0010776146722902,3.221484389145391,0.4204799334935256,9.815986201710896,4,white
7.423824618255542,0.1992886658437925,0.22699342629521524,6.681249555712956,0.0520397961268322,49.02987892761248,147.2831790062794,0.9971853827990225,3.1548228519068515,0.4701517611114231,11.415399170009382,4,white
7.156383915669759,0.22559186889824193,0.26468814022840187,8.181696347875995,0.04513063607090566,25.216927778694068,149.37797436611342,0.9970324521421684,3.040579052003179,0.4765080960519858,12.520792005022885,5,white
6.113306793423595,0.08,0.2192210708630777,3.560611668904056,0.06670764072671621,26.389370994668468,80.7585098247116,0.9966007031746312,2.9849657055746164,0.4194950439013463,8.944273949298006,4,white
5.784879065721124,0.09299389013146261,0.30594074815722283,5.426853870471775,0.009,47.821744449676785,208.6788244436853,0.9883186435831899,3.1494940260179165,0.4156531520281301,11.876375160937144,6,white
13.534097374373903,0.370251407995622,0.015664898052582754,2.4423680821575533,0.14454593849552538,7.1220654826031335,30.96865342156408,1.0007270285211254,2.9819146350983203,0.4734603141471421,11.720539502451105,4,red
9.42562214668578,0.5025554294515021,0.14126271605622553,3.1246847867336953,0.11012003029311518,18.93757978683855,81.86304898304033,0.9929845248355135,2.9990102328169197,0.47707887158848483,12.287270102168664,3,red
6.983760098653404,0.36623561644700164,0.1777208329070912,5.992079379676558,0.0644634525985931,9.818252528847255,46.34887975346583,0.9980397556885762,2.9945976301473296,0.3055195985680618,10.462125944841253,3,white
6.578517937865378,0.3077453257655921,0.2968673462477092,2.707943101047644,0.051092154814973006,38.13898595197281,192.04545036435056,0.9909323077478657,3.246917598649843,0.5502546753621546,10.310298446450506,6,white
6.609055254256259,0.20094007788687307,0.2988638280014517,3.2279289529290205,0.0715468900093916,28.692644313291865,154.02563080290358,0.9961328515132309,3.099112986987722,0.5986058308998382,11.818644945412784,5,white
9.270513868178384,0.30610461762956875,0.0324225305457537,4.6031081354666465,0.0930883630426842,1.1851982962597738,6.39356333267121,1.0023069418933523,2.8008207487531385,0.5978332125716826,10.987732254703182,5,red
8.822409185490237,0.4777505820460428,0.5363037326598217,0.7853163437900219,0.12489917495891231,12.030365321988697,78.17036056271724,0.9961257599668503,3.0995768365607064,0.4890704413205189,10.300752942309826,4,red
5.487474792253364,0.45134380090505727,0.41126197717397117,4.203509922464592,0.024068923915348855,14.991772416173005,49.927291639019224,0.9930635830693149,3.079858336105563,0.3746489239296536,9.035279871327804,5,white
8.019191040988026,0.14144658022108383,0.27155993329310746,9.766408083774673,0.04266884650429861,25.60401692095651,131.0285634092032,1.000795806728947,2.960404083164738,0.4470295653258597,12.753650442539257,3,white
10.215160550231188,0.58864333698479,0.5586639454919361,2.639763734530129,0.08642530349466351,4.84801031502816,37.49319446870506,0.9978107565958751,2.787256261345886,0.8304257573299466,9.71193277764979,6,red
7.578648856361142,0.11544229410672574,0.7516411575678551,9.724160143707524,0.0369479567851374,23.119576843461555,106.9373767079214,0.9942907020444439,2.870343961411344,0.5769582519767892,9.065020275715115,6,white
6.378649824348426,0.23854538857122132,0.17388798830831298,5.455395957611857,0.07972188891111523,30.11285065037825,160.7851562317172,0.9934313712757609,3.155689742199113,0.5007368955240523,11.631716444305914,5,white
6.101428769667422,0.44577405500269596,0.19555222657190313,5.070257048148786,0.04987667952404971,33.950360427103334,160.32904305361393,0.9974547830517126,3.0901584860426223,0.34195315437639506,9.719845147887417,3,white
9.333424066518118,0.38819892465651706,0.23664285035514906,0.8344891523334266,0.09043373503102943,15.89464793999333,117.20566178554874,1.0010417957357118,2.8682081815999503,0.47505319563907844,11.745107176221714,4,red
7.140626778403743,0.6574946924961915,0.2296802957187812,3.472560719974661,0.08381729172442287,9.622868378443194,53.24970002832436,0.9979949085135742,2.79426472380125,0.653208364407412,12.15287639847043,4,red
5.310142873080706,0.4801736060199943,0.2065253261138113,1.9240499469152255,0.16132879500371644,31.044857770020748,243.16120662854098,0.9976310824878405,3.0637180566689994,0.8023677244009471,12.304934221498387,4,red
6.65585581248874,0.30801411217288843,0.21815557612951758,3.842858469248473,0.06172596714656159,6.930602316039495,32.5339632137461,0.9979864792928422,2.876164828836053,0.4239519655886075,10.635590121093594,4,white
9.749136669153582,0.8231113921631369,0.4004005068217732,2.6959933568421737,0.04742629235120476,22.447124653174697,89.09001330000679,1.0001121325370166,2.9673617295185535,0.4490454588633327,9.3056859094938,4,red
10.320268564861744,0.38494338803068606,0.2344074865027888,1.8240562483555378,0.06182881725415664,11.564868527065574,53.34106379992484,0.9962164514727821,2.840269023906605,0.896205332698025,11.696234281734455,6,red
6.9561934257429705,0.5503886738967976,0.4038562425666974,4.505250062250142,0.12356470108293224,21.874681431935407,44.69696710784151,1.0004443223019164,3.023780664272216,0.8658389340626398,10.382683636614104,3,red
10.453748953617259,0.8310630296307866,0.4385086041184871,0.8296146621153916,0.06869148865459178,10.588209088995642,84.67423778301145,0.9976512637307254,3.0169733340932177,0.9627062425059265,11.456202036311785,4,red
8.205506059452228,0.24862565443460177,0.05383972261928485,1.599461926403634,0.1282745735036043,5.348333335039859,40.39690261120521,0.9993172373459869,3.002022504606858,0.5593901109601014,11.189910867761423,6,red
4.098204349783609,0.42160182913487954,0.7310761324056493,1.672343625001666,0.10368620404294165,10.181466235962645,68.2603237013199,0.9950588577165824,3.108450309161848,0.5340547814982877,9.802057665896895,4,red
7.343806480979746,0.8351091872775356,0.1281501141573546,2.636923667282093,0.04754165585626852,10.278804396531662,73.1635410192913,0.9995112768244413,3.100907706793178,0.4523571552687571,10.497671004549582,3,red
6.592741212179752,0.24682522079000618,0.19270605736517543,3.1375327711299,0.06300890100367094,27.498173143164937,136.01322921730582,0.9951494797411794,3.169573416493157,0.415123393892203,12.571747646254426,5,white
6.910157600844287,0.2982803964170127,0.3188421111184859,15.982375652393381,0.0642455663549782,23.03022817237663,98.77914673196636,1.0043958763484626,3.2377050249565813,0.37414303238527413,9.645085692076083,5,white
5.939909200783806,0.42116465039195583,0.1313979727113295,7.105341678748904,0.017772120399718264,21.55001449732325,120.00098396777372,0.9983539591273644,3.0426367233127363,0.35208570348098744,10.164107312195423,3,white
9.490526794995287,0.7666846016451285,0.38831513254105104,1.3899372449399074,0.029778431199915772,11.152458432637054,32.526173903716874,0.9976611439721327,3.1791783309261077,0.7321411047869608,10.356185905187623,3,red
4.689377268673329,0.9183154783877907,0.33531969749447826,2.7741904524488628,0.01,5.692249220594052,25.382229028409384,0.9972415460475547,3.306776204241643,0.7193187506496894,10.677068396102142,3,red
8.146167412358889,0.3188021805298631,0.347930564483121,7.221750957683245,0.044326924030665064,30.174093165647378,77.30379573799351,0.9966240553698318,3.017458793977456,0.6112504179243885,11.280725944357691,3,white
7.190539235185936,0.5650525150493795,0.6475824398538536,3.440793129075449,0.11890090228078096,19.55708218610914,64.27922767049871,0.9980071576406206,3.227239127709085,0.7177740561241063,9.366146057976371,4,red
9.758021359443433,0.6274632910768618,0.3998781714080908,1.8744791412320025,0.01,8.005664267536098,16.406318309836017,0.9959575590571588,2.950976474696612,0.5339457773401866,9.48874137650466,4,red
5.562750084407535,0.28438550976997423,0.47683328855841156,3.884389870902972,0.04098169694206663,34.12850328633893,91.7955319052538,0.990602260975655,3.294537805913723,0.3729030229608657,10.486597659264563,4,white
7.89656483164705,0.28369053385530146,0.5104634023329004,5.719931476604149,0.036580650432065875,24.833382179990203,70.2113154613055,0.9976197865796252,3.1323357938618592,0.4078310583972102,10.61735373938361,5,white
7.7042832865101945,0.2912770745085068,0.17433653094800622,6.621447693642359,0.037045299807186696,39.024906798411706,187.27665811249315,0.9980844193493877,2.8369594890134726,0.35645290246201633,11.446037760932828,4,white
6.9294728827764605,0.45211032391386985,0.3773518722429917,5.282717514353666,0.05717335659150966,24.588426932069968,112.94607616037553,0.9969990008457513,3.0099658168774597,0.4198675282144837,10.208385443249004,5,white
10.889310931358418,0.8075797914622176,0.031263690086941326,1.955635490532962,0.07901847478041155,8.378175272257273,23.07078202360562,0.9970309782015323,2.911989666798634,0.46085955334402184,9.496995526009876,3,red
11.413479901952401,0.5545763595948927,0.14649545246268936,0.5,0.13400607878043713,10.687876977495696,30.875176763221653,1.002302722809022,2.782820610577604,0.5426187890337083,9.140920568635746,3,red
7.126279446664182,0.2130857249332667,0.3494440792334577,19.031587126078126,0.009,36.73297384723902,156.12429922274634,1.002293728739369,3.3571511271107886,0.6041447494803286,9.60079043985595,4,white
8.10904231552559,0.42550577903514997,0.4351396522339619,3.8751186875275785,0.011275035230811692,8.580292162445817,17.90555831612721,0.995894902690618,3.191564212014599,0.45901811166197204,8.2819099768228,3,red
9.292677915054139,0.38427136641410375,0.17001290726169,5.599476888883996,0.09357970590391242,23.625532548121146,168.91660439952395,0.9985975538924804,2.9602845987934043,0.5220656548477549,9.341436155810408,4,red
7.7146733106347,0.186346321297369,0.24600777488802097,2.8862584928010446,0.07554617784219489,33.30972782432178,164.85912966930835,0.9896073351042075,3.0033146752860107,0.2488818848785782,9.99589679407894,4,white
8.68095721907771,0.5250851828882123,0.16819772202006344,2.7862393699132317,0.09903575429730296,10.925409943581773,40.96047156043625,0.9998973728121711,3.070946755030981,0.41694578843987873,11.168555380288646,4,red
7.529325979945888,0.21721224609794754,0.3674981997836765,5.378047940895096,0.07615531175590946,33.85419470038504,161.14756994943977,0.9962909422136672,2.8620189415408106,0.4885706953448051,10.47709349971687,5,white
7.771537649718132,0.12369810987035504,0.3866170919104481,6.972073301904318,0.031055612968192682,36.06597674747582,179.650621753169,0.9935991609449835,3.267178329988742,0.3813745161962052,10.285514256372078,5,white
9.18002033479751,0.3630764358456967,0.0,1.3988125701500254,0.08530701131954131,7.953479345925105,55.30872344455758,0.9978875106062564,3.034729049553148,1.0286893985466428,10.679275909732157,5,red
6.762661737322507,0.328468862007978,0.05513119728807603,7.614051444097301,0.10281730394793605,38.28674193896224,196.3193477085115,1.0033144835420025,3.0118943136919802,0.44460029264893863,10.965707485935331,4,red
8.463405320799673,0.40248678195611676,0.33646200466790244,2.7555866570865852,0.1325947514185947,14.883983293614156,41.57497116851207,0.9945213270648213,3.133603675066722,0.7288118958215009,11.132214989642302,4,red
8.26393169911885,0.49126873871439103,0.3220066372793394,5.648770056614649,0.04334859576365774,39.398544616090724,140.65706641616353,0.9971104422486242,2.999805359513647,0.650631653729228,12.647923783567538,4,white
7.522645912180562,0.3014578926242149,0.5360215116662637,10.866224275090218,0.03583344879640316,62.901201550904126,339.53516364087193,1.000847856799169,3.119039133024947,0.36933790991723386,9.887738200309967,6,white
7.656826772877393,0.33526447144663085,0.61583788432903,5.738474885549458,0.06456776354662233,19.108690502216373,50.671207283643255,1.0018102341683712,3.1032066492979085,0.5249417289301498,9.815278633814021,3,white
7.31331852574138,0.2892563553622279,0.34425340881633554,7.244488313491104,0.015236144361875106,35.469426665543075,189.30993493134898,0.9986340714038634,2.9426463984544373,0.49479464303359616,12.769896406072307,6,white
6.259600055373453,0.15332792978684257,0.22817348891824646,5.972752698159405,0.045246349979711824,18.83188319629486,93.14263189070729,1.0005975849972217,3.0217890333495885,0.4274493457965861,12.017764341860621,5,white
6.091239812774322,0.21219601368494262,0.2464068378969308,8.762292181202927,0.05305114107717003,3.7363201702485993,19.143484388408943,0.9927080521907932,3.2243351070397117,0.5029797333758471,11.214286036866197,3,white
10.472030322840324,0.5350726083264431,0.38527738123587474,1.128598012882795,0.12486291024477325,9.57070228577673,66.8136799946093,0.9998180341466553,2.7697006751325133,0.4963237001253554,8.480015307086969,3,red
5.540383766927347,0.4146093552443274,0.3276419985358213,6.472959985890501,0.051750899056038635,8.756495857629139,49.548139213953604,1.0001767496907956,3.1506636446088927,0.5900405089747319,9.390763871923008,3,white
10.930758842261106,0.6728279696993984,0.060564491531079595,1.3119410942046852,0.18429123997647895,16.84504742018913,39.16147489998413,0.9975205660911367,3.19544088714884,0.9007414679538561,9.782091869533291,3,red
5.894717722268524,0.30419691680554045,0.4824606457241275,10.769648986836948,0.01621677926258741,27.994735500560765,102.93450304480766,1.0022167286519572,3.252792171775317,0.4160765815688215,11.613259102500102,4,white
9.385607179921536,0.5553595244440167,0.35999009459417636,5.134758305202599,0.13000186932444002,14.666277339355116,44.4769396928604,0.998751599169995,2.891463610912057,0.6249654865834374,9.829246115251678,4,red
12.674711665524764,0.5909270918231044,0.14501143476809397,3.2735959800223036,0.05960432409532636,22.83543063460837,78.87046353435947,0.9989890547679863,2.83780971038747,0.35970896538559555,8.0,3,red
6.95338148887744,0.29400593061162483,0.34208822955810214,3.949276987844615,0.05074200397021894,56.36411107479576,331.6979599302905,0.9924518990820066,3.203986640117818,0.4993049697122289,9.572713436459972,3,white
7.192279409070112,0.9943476807777774,0.4395934942768688,5.4199698692704965,0.07491192690349772,10.579629029498946,79.39052447035651,1.0031588897374333,2.933849772869468,0.6115089721477462,9.29308347077826,3,red
9.64475430997318,0.7289946679324371,0.728396930106454,0.8956582775168586,0.07539638636127155,21.688712259517267,110.70803070533526,0.9924264155924261,3.102400370867711,0.43484068413859595,9.692263231579586,3,red
6.738806801730615,0.12156165733333243,0.41220832451189265,3.0818219310078447,0.05790312164935659,20.727606763974553,65.84004678182798,0.9988038888279475,3.0095767575455867,0.6650439692303142,10.558618160285128,7,white
8.713677063848577,0.5207491297540725,0.0,0.7211281029820377,0.01,13.009984778007638,53.93735819291541,0.9993939785018467,3.041331700948366,0.7605290889244689,8.857779654787336,4,red
9.533803260627778,0.39467761098286686,0.2855791557185765,0.7990988561547328,0.040951188456033204,6.066304614188278,34.66625303110833,1.000458355177278,2.983203951247272,0.6552370042032201,12.045780979443567,6,red
6.0773574112435345,0.3143297690924155,0.3517830596095977,2.2988181348116976,0.06152206842551171,39.47461086264194,161.23973554916483,0.9995792754279564,3.1606087807496013,0.490190842946126,10.452135897159478,3,white
7.29432863897909,0.5283585806040434,0.23519264244312632,4.205967216365222,0.09054463390278564,19.725869620093608,151.9616028076115,0.9992637323343326,3.100781642717447,0.6826508091757181,10.846562049101323,5,red
10.934888488529818,0.7035356902919043,0.16101566314958882,3.3449731845850894,0.19065988970847447,20.14473122017071,129.5876373879808,1.0013952834240996,3.0181865420817022,0.6323504707378856,11.284662124150943,4,red
8.873924525527844,0.4892337994577252,0.1050243809434904,2.5175076774219587,0.08896336189615087,12.3266535662175,65.00646627517133,0.9964956800890776,3.1595634858680537,0.6812985287573773,9.976293609525786,5,red
7.689851533075192,0.3007765878991904,0.24360219147419854,5.1522471880695315,0.009048019050454145,33.33355464886003,159.34618792579178,0.9979218055658209,2.8963271929115972,0.5118463245198493,10.554559831479832,6,white
12.160177858267474,0.541102372972635,0.5024780876595393,0.7209112675718258,0.03632374600453386,36.16847005837036,275.28932430806066,1.0007326309466742,2.7964400671661833,0.6260571753883094,10.134154239035402,6,red
6.772671416880963,0.37837917519532066,0.21150672791161965,3.0153690419257186,0.030517786952050818,41.396473062366404,126.69052848962052,0.9975832370001222,3.043566017846474,0.537999335275223,12.30088365918953,5,white
10.41834482724597,0.48699222214945503,0.13761335449838077,0.5,0.11510275860874455,13.78913059501349,74.37676811165635,1.0003563545982954,3.0997728323597378,0.8480357288850736,9.048816358238305,4,red
8.241035691442473,0.4197612725647212,0.22375704391874657,4.516107369312369,0.11347032496296366,4.960066883230043,22.76867585813792,0.9966438953024175,2.775004217316163,0.6043148980272735,12.263919783580729,4,red
8.173441943197517,0.8745256436960216,0.3846056119056452,0.9291831572458508,0.12766651266616527,24.411208527823973,102.31873127091647,1.0012995420895954,3.1225524391876758,0.4664981891698119,10.426517885116684,3,red
8.772623259387268,0.4033787276959605,0.2766284902399501,8.008964926767561,0.038880996431817305,29.530798987022933,97.46235380798853,0.9999319305715105,2.889953557598622,0.4908210223037537,11.565663424854309,7,white
6.699144983124418,0.41577845520580714,0.4153350912130374,6.9685563913207655,0.09294020330300173,30.331663562901127,89.45971120179988,0.9978120416613802,3.1932301741576503,0.6119017686068474,9.676465913258278,3,white
6.6533853175628135,0.4000707751183687,0.09989224571741862,5.753429892384113,0.06136552120538545,37.74458114585788,111.64674853098741,0.9946315564881889,2.906903317399398,0.42134677548463667,11.106831001556943,4,white
7.8541385232711765,0.3238136572141458,0.1924028299599271,4.256116442923284,0.029590672858403833,25.575511019635677,112.06860690291565,0.9906904473339504,3.1693897854240505,0.5431619546071925,11.152417078652032,3,white
6.496028556292763,0.31911072442409,0.47160231752351667,4.164627811742803,0.07428071289359768,40.76802275168433,143.8044787316485,0.9918577840131743,3.0495958624936748,0.48982260603660405,9.862421016808904,4,white
10.23046158830702,0.4052770643967367,0.38485791200751973,1.351324446339814,0.08901079639984304,12.14988246761337,50.94092045213925,0.9983349453240614,2.948732994732159,0.691076291164226,9.12969484550109,5,red
6.21190778540324,0.3763109012043459,0.43498450503710606,2.206492452216332,0.05446451174286967,44.3324804095061,197.52538095641077,0.9966061664343477,3.2541705510838748,0.5279840511781247,12.002735934619071,4,white
6.687013285173019,0.2256963505070357,0.32525713846022114,3.0425313783757,0.07003555912292522,26.744587606649336,136.81557488707813,0.9950917720515055,3.303522857933162,0.5242532851185879,11.131378590148016,3,white
10.46164366149007,0.45230834371075135,0.2199448389443727,5.635364515683353,0.05756744400508686,4.17829749477564,22.855181235462705,0.9942799714753929,3.0831222080850504,0.6885366069131493,8.857574400629506,7,red
6.164793520639675,0.3445734947084272,0.33045196842099045,8.605959431073952,0.06495627497110935,37.36302260890183,118.88475968863125,0.9915762757221778,3.2037345897898444,0.5993385872595862,10.3430835976763,3,white
6.069468345015809,0.4845893295523032,0.3161215880417519,6.431066444420075,0.03225628832922795,50.04828854248986,131.40572969065826,0.9994323311617118,2.952488712865717,0.6278466540937507,9.768840726592346,3,white
6.388108443875623,0.6301214016921188,0.562207064498385,5.022810429465108,0.06791796879630085,11.171676505484182,66.30141636620614,1.0022663769083897,2.9279841918965372,0.7056051706204743,10.03902434652234,5,red
8.417411325474928,0.17778987060358625,0.1862760778949784,8.01861409339233,0.037437354805671196,24.505376428564297,116.7934413676476,0.9953056705333869,3.0163703202349437,0.31644714494197823,8.938409659170183,4,white
8.946336346710138,0.2591503326744196,0.041391837476062565,1.6438386069131314,0.04542883752294714,11.342709636489573,84.13348327369283,0.9971236494568116,2.7412440599727517,0.8335665328750964,13.043500118266895,5,red
6.685078301384482,0.45255194045644986,0.11910328534892295,3.591698477648796,0.034753648431649534,24.732062154321696,103.23044590463527,0.9934175893512983,2.8325639566871303,0.5277282775495018,10.098544765291653,3,white
8.243684146114546,0.7658555743015295,0.2640988027545286,0.8127065226154807,0.05231594785272424,11.886042874780735,52.974006513911156,0.9988109062950312,3.119791309512514,0.3172492079679062,9.927308671990918,5,red
7.327681465152389,0.30553833653853324,0.32273076716982535,2.0477140305263637,0.03746925969804307,55.76747486412853,166.1066523012221,0.9970159812348044,3.2573170231922552,0.539695292446216,12.141030904698518,3,white
6.604642385842963,0.19622409001378158,0.17525799368389106,4.298687608857731,0.04892442622620502,33.83242651156593,139.3648753627994,0.9951204417417052,2.926476526974687,0.6242627321579598,11.426163600329016,5,white
10.137327233442857,0.2676407300963125,0.20313494961486328,3.520539922101336,0.019152819393364898,10.029377523344142,35.21044377449724,1.0003830580017583,2.979038802699189,0.5827311908068692,8.966359348031181,4,red
6.971888448843203,0.2979493362791247,0.2331387058544996,6.795693403505813,0.08900257595617476,15.556425702090943,91.20826110494026,0.9994288960469638,3.1997582616361426,0.2812884936424902,9.785936752450922,4,white
6.235417494650523,0.32243449438614025,0.291639227104864,5.727543715834164,0.043194824463998624,15.345326633942319,56.97330181781239,1.0013323860594499,2.899601418583197,0.32370147808537597,11.013163590662842,4,white
7.48612734317209,0.6215705041813882,0.11171934916985587,3.7005901898283504,0.08301162488550043,12.791898903922721,62.98088050936425,0.999813195325275,3.0732758030656533,0.9392533080355792,9.697882286321603,5,red
7.373637552424786,0.13891948171747354,0.36497418351067057,0.9085265275216047,0.12753290757166807,11.616365742970183,83.31843573982576,0.9978496564106574,3.4174693184659035,0.6861374198974413,12.580953413770088,4,red
8.322654338158666,0.3986215734402434,0.2350500564278919,1.3090692810123095,0.0763210566267433,23.940014773316506,112.0726495904741,0.9958341321054927,2.9865416185440656,0.5564734707671743,10.696711144120046,4,white
7.461842238906743,0.23777432782785984,0.31806331166645657,10.236749279978454,0.05060579526412752,21.81505071358473,120.99945754356318,1.0064007567964737,3.166472320455413,0.3692336082919847,10.616320350876887,4,white
8.18123185591825,0.3622061784306017,0.5081158909101982,7.024117300270402,0.052298120907801456,71.83512572757695,371.25139133553427,1.0016975239493275,3.2820386156623518,0.544206237131588,9.273052919100778,3,white
7.593239875634794,0.4097753711787242,0.5239969414786675,3.0221368635478325,0.06660991497229866,23.010964273344023,68.18227726094892,0.9939857209625147,2.9765987133477063,0.29659562071434636,9.832903804423198,3,white
9.778330064179624,0.41372644775758366,0.14928114612313043,0.5,0.11484646525367366,22.654310417184558,57.35613437342202,0.997767702289957,2.896919053865657,0.6645062204938018,10.784763794332813,7,red
10.750164591412396,0.7264358217069684,0.3360585318722839,1.6214992762246483,0.12880843786494414,5.78180152683661,13.433378359829366,0.9939405943785531,2.8060157637551217,0.635463820473474,10.408011285755462,3,red
7.41821704160184,0.3250634339926807,0.1732087672252429,7.222303427689438,0.009,33.83103330912433,180.93124049624655,0.9932897701683381,2.935084124637228,0.5564986238511052,11.510589403655871,3,white
8.667979602289359,0.283435463675766,0.42021886384092605,2.947054538716378,0.06494544562985517,8.81231348667641,25.491640975892793,0.9981684282636755,3.232822077251279,0.8501446906716861,9.860559772769522,6,red
5.302831735883354,0.7784164437465413,0.29948622993320606,2.0119722496726,0.20893257868438322,12.130617003954157,80.3111645904444,0.9949112967790544,3.1690714651426877,0.9712950027932874,11.381614848373399,3,red
7.110466636412605,0.49237581368851546,0.3616273010093249,1.1804099013105238,0.1325008251974975,12.997576109150351,61.89352602994623,0.9959753582354337,3.208731423203957,0.6767925043836801,11.076314064445459,3,red
5.164247642651916,0.41955415800780516,0.4026910557060053,4.3774878037917375,0.06513476527987842,29.00052623486976,140.0392834251067,0.9943751076024179,2.872070867236536,0.46345688761285575,11.296692393080228,3,white
7.329731300625891,0.409288362366204,0.17249269074245477,0.821159875628271,0.05281590258939296,5.34893594443806,29.39413084002153,0.9968979272160198,3.210342449006159,0.37622060990944034,12.047892797876276,4,red
9.347090531805248,0.28772365755558527,0.2444456109636708,0.5,0.02969826609503584,8.328008763036973,16.762995096494386,0.9972737127498311,2.8310968034087542,0.6187360924038189,11.0016952973654,6,red
5.60389098382853,0.2821404045400808,0.20166672163253319,10.389573377085043,0.04361663335787553,39.36183141827996,171.97306892942808,0.9977706055786603,3.1184712437323565,0.4911217450207828,8.766737382602075,5,white
7.940522173781076,0.18178861240856323,0.4858012915326426,6.843535338632481,0.05187017576376852,43.31210879768918,175.00360251463923,1.0002886115194458,3.1281860430679678,0.4256199271141739,10.839966215256583,3,white
5.533177855598624,0.8692255350682296,0.34981795318584985,3.730104062050068,0.07264290862535018,8.004052820979577,52.63401854609477,0.9991298825588508,2.986142453156736,0.7655430971656676,12.597250102497643,5,red
8.879958357188295,0.518733236978086,0.2988340185272607,0.9008555548103199,0.1830222126869025,4.632152874782975,12.471604461276469,0.9975399153728884,3.183493945319527,0.5435468647010391,10.310356747444558,4,red
8.823263007116502,0.6223590436716949,0.6412899124125544,2.4364327243210133,0.1630550470036366,6.990194877399363,36.69936852989051,1.0024968606353934,3.208235316555816,0.3,11.963921133055042,6,red
8.864933820365307,0.4141667185315743,0.4633556787002655,7.7184934697971,0.09496062740976571,24.63085119782855,139.75219184872768,1.0009960305673042,3.1573582859783818,0.7703984276898187,9.269110064172512,6,red
8.616972335108027,0.430354116492561,0.08875151031463749,4.027439143189194,0.04593165280166407,16.498168028797775,49.677433476210965,1.0014843333789385,3.2891030815925415,0.7671925154761869,10.513380346116497,5,red
7.252185989589482,0.13373660471009755,0.4635461103614518,4.3928480144285285,0.020026227003507566,18.13277396444494,50.432805401708734,0.9978770894035404,2.9331525490251367,0.38254934615371544,9.847598707349606,4,white
7.192175767031984,0.26893508515691655,0.1547228760386618,7.991543643901654,0.009,44.94868135085367,176.0046046576409,0.999868054480786,2.797822200552381,0.4611329644738454,10.856749953246487,5,white
6.068881503097843,0.4732956690752661,0.407077603510748,15.467301117579552,0.06892207729190453,15.981518846982762,42.41489679386504,1.0016869774150763,3.0370050935353974,0.3665763512314792,10.037652715666548,4,white
5.877928083437125,0.9156086645501355,0.02132412416736873,1.323844954464027,0.048818990968486464,18.983959360708557,86.59403826839616,1.0013304353567143,3.1014897177355203,0.3870727011633568,10.011206068375143,3,red
6.7992654746354635,0.3989160012844757,0.5172663551900345,4.706035555903711,0.03584671102439202,37.60926093962757,139.57021486913808,0.9942590528783737,3.1054265413395137,0.4059853548693184,10.36340662264512,5,white
6.26644873906286,0.2168515198199421,0.2503878669428257,4.446293274494218,0.1436875664343913,16.90454442945711,109.49968296237144,1.0012936724539263,3.2326934831887604,0.7674301804161713,11.805872715241971,5,red
7.241410816304992,0.14247969326855314,0.5402502737227165,1.9976733295403566,0.10824700847712589,14.261439415230313,78.84461702758269,0.9984630437937966,3.0197174343942215,0.5787758013091918,9.260211047205935,4,red
6.860450679283712,0.6290093778244193,0.18844356014325425,1.7235738585179388,0.01,20.16779802136215,59.08460383331275,0.9988694383040669,3.1394565931731355,0.5831139573370954,8.0,3,red
10.083315683922713,0.6180536834265795,0.47728628078533375,4.2445169329970955,0.06724737553722766,18.435360985211933,92.5338992015278,0.9976729810355878,3.0231900583553473,0.6588884475762935,10.843230559662585,6,red
8.513754892629434,0.27804845605959355,0.26823631064205156,6.31875327891264,0.03167412153438094,22.55035684869128,114.2325568224727,0.9935033519734426,2.9782635125362016,0.22,10.737627360693685,4,white
5.774920192415469,0.1557803405378101,0.44439495051630235,13.4028982553708,0.031647233869825486,29.42891983920125,85.01336239811664,1.0049004530096695,2.9550196822325283,0.5262966917489205,12.04461725604731,5,white
8.26767244656543,0.4262281278691905,0.5002693572234161,0.7832141315232397,0.047639003242052946,16.26892681205064,47.38955064551191,0.9988533407556989,3.240532560418839,0.8090118870896915,13.530465195317904,4,red
10.936958358388289,0.5402623624814752,0.37478049229550947,2.1294906905233026,0.06475602084762254,27.62076749700139,124.30710844254703,0.9987404960549172,2.984097654051081,0.7161897893939206,9.65806410818115,3,red
7.613613120023064,0.26654848721767177,0.3736493572992323,4.862517631556582,0.05479086017057071,30.7153286257077,181.21781383942084,0.9940033549171253,3.090060400845135,0.5678704672958855,10.601544058072259,6,white
7.356160804621563,0.308681072998565,0.4351393725744104,5.081027083422659,0.12065415020490322,7.808048338135625,25.378515707747926,0.9972909967280938,3.4212121010885563,0.6428563808756619,9.162446034497956,6,red
6.797442358458075,0.5264651961931974,0.3509185691766768,0.7502304998486367,0.023077431242372742,12.054211665143868,38.39167197026262,0.9988174311318694,2.660637630961026,0.7386282707306533,8.72898417963318,3,red
10.24438187345178,0.38415456133741144,0.6041378919970753,3.684631703816339,0.08816553582754451,13.516565458829941,83.72382971415946,1.0018155641705633,2.971181726949694,0.7030415239739006,11.235313049328397,5,red
7.21194570642525,0.13072098793713896,0.43222379108661235,5.452700630972826,0.04873762715395277,13.417035406418416,59.7072308771547,0.9981191254396197,3.1152669395985826,0.5644070915853014,9.775327618625154,5,white
6.864594039665375,0.2576629662213127,0.44094643890879626,3.3653783091141554,0.07024829701296639,30.514505222686893,144.23567449764565,0.9945976550377224,3.1723484343219295,0.49768640219561316,10.793604418885149,3,white
7.2728109773713765,0.2832158619565182,0.14091308844021427,2.3309659001930463,0.03003047315569613,16.76135106800027,76.27498185698438,0.9945175808456107,2.721358755336304,0.6337738975150365,10.293606017481729,3,white
9.519821834853136,0.42504606105759113,0.2368726909984612,2.4849706205802033,0.07288463824720068,29.29458094286826,182.15927612750335,1.0013804615075481,2.8873082407767354,0.6137439524276916,10.855702739264961,6,red
5.893869738514296,0.7096418197747374,0.3415178099585282,4.039275627375244,0.12725965676865847,25.13266002050721,101.35516775098375,0.9953532764915346,3.280743838225737,0.6817981720556499,9.929186874740378,3,red
6.413987095286944,0.40995007670065875,0.17741291156409153,9.342752783814284,0.04609964440313428,45.09809860957251,122.06222001205482,1.0009732291589661,3.0058469580022398,0.47215589360762916,9.630459133740375,3,white
10.30504820522619,0.46424212076382043,0.25414678573983146,0.5,0.2015504010684383,12.730869511251708,75.40468273472295,1.000243861283169,2.899286581958494,0.558584301970609,11.215209151093383,4,red
7.843776638208579,0.36776314712602676,0.3430198007115715,2.98716166520094,0.06177773944149237,35.921380821324504,102.73266886359298,0.9937994233451477,3.121846522687231,0.3215443519532446,11.395118669428538,3,white
12.234919563344965,0.31623228457468777,0.2019153711159678,2.5115798544789345,0.01,23.087726792652607,57.84914746748268,1.0002919273069517,2.958094960929057,0.34180842964691316,10.547021051161872,4,red
6.221621093489373,0.28278228856277643,0.46711787842184943,3.3164405174008866,0.06286308287412273,13.446458516656069,70.74015121560898,0.9971999809717287,3.1527074169924414,0.511295430560902,11.115383476389871,4,white
8.808749695800632,0.23369537399749485,0.3883001309294631,9.48989624890718,0.08257953235207692,11.712539904117897,45.92135755566278,0.998667521876491,2.9711018413034327,0.5241201539919091,10.212446543060983,4,white
7.0841564030314155,0.3094843563152678,0.5075353720163719,5.242005985287905,0.018301940006700674,21.91891815497025,84.03443024594509,0.9977293247297137,3.173697824064004,0.5854139495638193,10.054965566633989,3,white
7.499234880448852,0.7009197443794383,0.0,0.9334115979547953,0.1433310334746958,8.830795996542731,18.407599797992788,1.0005572882126221,3.1285173960017745,0.6706512637723718,10.944263978863109,4,red
6.917376776303517,0.30618353205715376,0.1973153429496481,2.793332798084642,0.09699824973020363,48.98751147038695,204.67111186839196,0.9966848963863617,3.1754107714256015,0.5686745594889927,8.0166728889429,4,white
9.304113212176926,0.4447089175272351,0.19684585577455593,2.2617815537039294,0.06930136878992246,5.875822446986019,45.99467341379195,0.9972230010420835,2.993047028282722,0.8276596771968523,8.649352030569924,5,red
5.742974008307888,0.40192579890966473,0.2927223741782062,6.408025479322195,0.06208282555848178,13.126383594828612,68.94036856703744,1.0006153609094874,2.966098044885836,0.510074924222397,9.244939406978716,3,white
10.285229504821674,0.371963134383819,0.6254833833206386,3.412859871090475,0.07324636084448034,7.214703294803611,25.70154468218458,0.9989759879713587,3.1436310528445697,0.513782945374229,11.894578578728575,5,red
8.344354785358417,0.7391380944694743,0.3760465077585162,4.856062984829757,0.13657455727100287,25.321185261748873,193.14815761093155,0.998875472590769,2.858744793371155,1.1023009801245365,11.136937053776684,5,red
7.376289039519931,0.21860511405997585,0.11411989917463111,1.8524828951316359,0.02822282456001918,28.817919657610013,86.38011850258069,0.9911254908343916,2.839000177637317,0.25933944028523026,12.427750041574368,4,white
10.01069777566455,0.3194149695721482,0.033313698475186976,0.5,0.06411211389116368,5.888821051148155,34.0145939110809,0.9976319075553826,3.1253349066364464,0.49303161841756177,9.817719923963736,3,red
5.988244560334138,0.24724229262767017,0.19092306307180176,3.5746524929687977,0.07075368039022786,5.967283878704222,44.22371923880929,1.0003126187505271,2.95066351418147,0.4428389488174946,9.574682463908557,5,red
6.168369765876454,0.2748854368178366,0.1668930267286063,6.263856900030973,0.04632595221847112,14.91778418526735,76.69042655850907,0.9909407407005659,2.811804411345101,0.549294685016887,11.301424695945387,5,white
8.812630481967142,0.5956929804439206,0.17248942237039883,0.5,0.08347548790102062,14.308023484540136,36.27426420024905,0.9996521970636396,2.8919177993881924,0.4542554955560204,8.49096371131559,3,red
7.820966164937138,0.5333929321300726,0.20036366613007017,1.8815754011205519,0.09051848139375136,26.280753036329003,58.435866289057444,0.9988156604753469,2.98343746238197,0.4415350451226906,10.210828373526034,3,red
7.518792943159102,0.2956573748996737,0.2415303995548772,2.486849230166695,0.02193709519503881,26.44421628380931,68.6545050443892,0.9945941485751367,2.9127951504559,0.49794947007457874,10.068061602224104,3,white
10.434785413474986,0.24538567363421604,0.44392415235643073,0.7166562720864261,0.0951686547492349,7.953954598479745,32.87067252366307,0.9983058562696853,2.957482682583861,0.4696103467092152,11.298209969322158,7,red
6.261655454570536,0.3267616279944246,0.5087562340066014,3.788664655882277,0.04501689916831583,24.548617019818185,132.15736439000327,0.9967184586352784,3.1731734259890336,0.5213461406678966,10.821145263075199,4,white
8.181336579018696,0.21064314904819714,0.6029986096243758,4.660088982821958,0.0444771730252866,27.569564541079608,123.29953076780389,0.997044502738045,2.8776640108260487,0.4718834347796282,10.060388015292585,6,white
8.499456551624931,0.36827576327761335,0.8608845256410186,2.581303634579763,0.0885274935557295,4.456370851924022,21.890002820167346,1.000454453981324,3.2218738357821417,1.0271561931535833,11.08714068906884,4,red
7.566470060075191,0.16163671033855032,0.3615528934513315,19.109222737377845,0.04948809236951214,49.29372637184241,145.7326429137689,1.0076853440136357,3.259752252020256,0.4601954259285362,10.07505451718718,5,white
10.203277349438782,0.45125750594178615,0.4016545383760061,0.7975040617880661,0.139679876851447,16.737483076904326,122.72189201193024,0.9965478687847575,2.8691128059268207,0.7182673309240225,10.628162643457577,5,red
6.395800535011619,0.2872644213043306,0.3460112297584145,3.3169536068144216,0.08972575154251408,52.46544505294693,223.56544737398676,0.9969247581968459,3.1268775384186034,0.45865335403329927,10.816826938795623,5,white
7.363387712696515,0.30895007224671295,0.5903724898500797,3.1230920089139684,0.032081738468319576,17.035088434161178,63.87017652225077,0.993087716560493,3.2386629075312063,0.5019849088997888,11.073033493333421,5,white
8.331311244622238,0.6729676423319289,0.2772652190424054,3.722969405361073,0.17411030750129192,5.848817646819231,19.20776677409564,1.0043238119861144,3.175493598019036,0.7243127951389461,9.002154332287505,4,red
9.117715693952412,0.45325563268300223,0.3568832768768958,1.1521887876776686,0.06837811391278813,7.911265757979301,22.643226469391195,0.9956711553388881,2.9922828470973966,0.8651905505879333,11.54148827723823,4,red
8.274311935103393,0.19631484365126062,0.3051483826156037,7.431044185219435,0.07902809143725803,43.93197649993206,173.5499341063801,0.9987374281236167,3.052663076452457,0.4957168899387051,10.76597051156746,5,white
5.081465849700896,0.311837245005863,0.26701742640788073,7.10649499096025,0.052612912342060884,49.41435353242206,253.98311342053123,0.9938940116262514,3.0369165995130776,0.4759013912706857,10.441392730648715,3,white
8.455993320110355,0.800136762314176,0.2435052076206101,1.1777420242615044,0.01,12.352987788710696,93.8416303984124,1.001566652198891,2.749753223478521,0.6606771918760942,11.153032197539433,4,red
6.260946849041542,0.2893132957392326,0.2140489934807966,8.401002892650968,0.05791034619797525,70.9456662627676,380.685069983265,0.9959768649146551,2.8092973626355824,0.4966266234478077,8.91144546648377,3,white
8.277054717945513,0.6018601620689503,0.3605079761776817,1.568132233816143,0.11598777137913008,8.409317154112484,57.186101850277616,0.9958790857630588,3.1069037556851566,0.5063530856659568,12.091360661731377,3,red
6.356469665630655,0.2774558184521118,0.2745365780084452,3.305028846030905,0.040750425372766685,38.05136355252668,183.53371275270487,0.996251462150549,2.9934260897821314,0.5611147762155593,11.104097092259186,6,white
7.7801416874583875,0.25891916754937894,0.3586700240519553,3.579095833476283,0.02282945928706142,50.30497423224709,132.32424306462795,1.0003135515000692,2.979977567821691,0.3082377537900318,10.021699602838966,3,white
7.236860559117762,0.13693474862787616,0.5040690840983191,6.447546198518793,0.01950520348413078,14.092238557159448,59.253001989022266,0.9986983979555647,3.0928225934095406,0.4504879903456679,11.541815127663863,6,white
10.80810556881424,0.20564352123559648,0.3872311304195726,1.4351005574983127,0.08515588573615904,22.134255954129998,165.02913620847914,0.997264547811141,3.27184161970196,0.49444918289560513,9.613856631237521,3,red
6.904840058802093,0.2338282255477595,0.48662831731904066,0.9356974606078897,0.0528333989261846,8.23623947941379,22.345868753284243,1.0002644116839376,3.0685976508088464,0.815765763818078,9.422418614332601,5,red
10.091463488459336,0.6277936452265498,0.024278138004478922,2.3941602274922755,0.0788603595483798,10.991650276312912,61.49384212645311,0.9997110735789096,2.682736173222024,0.3855900230559772,11.913149836717649,4,red
6.513376518967456,0.24150334711915514,0.298180587331915,4.65616386538065,0.07472420236048104,31.00335053029264,145.98454351400824,0.9941185232716158,3.1253245654128294,0.37119367771680856,11.90281311103658,6,white
7.045990354268235,0.34747335553087744,0.32125068386110095,3.833026180988483,0.03290628202034606,27.970648603499686,122.62829652774015,0.9956722967195459,3.1993004423189837,0.27573938935889575,10.339608320085093,5,white
5.649137640548473,0.34704054890594516,0.1912271671642301,3.237302218433291,0.04344322020846948,42.79596099246943,128.74796392695123,0.9904619540403427,3.004464209016058,0.49588661178376336,8.17930222598708,3,white
9.21614707426392,0.8910967198686421,0.4245089854821157,6.163693720790303,0.016478017499198166,11.484375556842284,51.8023516156216,0.9936809892387336,3.3529290216666046,0.6565274538180081,11.67439779639456,4,red
7.227392916055048,0.31317880317096103,0.35844059590543964,1.6823703624390394,0.049162223632058855,40.45987046740222,171.76469564208753,0.9949951376470743,3.112478749819716,0.3737697963823926,10.741007806417329,3,white
6.096272548282333,0.34187727395848067,0.348765263039114,6.2027721903573205,0.026539043170191078,18.074064801044422,58.29694407401707,0.9949959044293726,2.9265250808948733,0.6608607106461742,9.793184352822282,4,white
8.849291767252073,0.16360321386088073,0.29275067540880284,7.706134629384069,0.03469208187677655,17.976091597014463,100.32169390956372,1.0001900262060537,3.164689142698583,0.5056362813783044,8.0,6,white
9.412421615801899,0.4774739715952021,0.3937891783545061,6.2139116944892345,0.05530252722272403,24.102300638961864,102.3958798613386,0.9982152215848948,3.414654254974252,0.4844809540854226,11.172412202814593,4,red
7.842008381444253,0.6848852279047541,0.2655250913338948,1.367802165033838,0.1554474381830405,15.654162135134719,63.032046178351784,0.9967128619314674,3.088179684799597,0.6384676501397684,9.78037256569953,4,red
7.020269873869861,0.25756815351094575,0.3884012023283063,6.431524932710779,0.036961141618997564,43.593302733629834,213.1011682972479,0.9940218697080799,3.0113395557325635,0.5830352569942802,10.993171398017003,4,white
7.474881968690525,0.3796375304132437,0.668947139941638,8.651684459484738,0.07711486621131881,10.330437033866659,39.003165156550835,1.0010615163407837,3.1807258994050365,0.40551187189306914,11.742518235505395,5,red
7.9220771409073265,0.18696884288543353,0.31909587829711206,8.964402934243527,0.057914824503987064,30.08996034729639,143.32022114182303,1.0051728188469504,3.1182873079995366,0.31244149090437456,9.757882599366557,5,white
6.398109978811213,0.3186316967958487,0.25084901953363437,3.5834764601079696,0.00961121899426455,29.981083282948944,138.4249005834214,0.9912562532112308,2.907808276568748,0.3179236640905997,13.135167663475148,3,white
5.422810129484808,0.6172519071130055,0.32634935357674477,1.1393237928760915,0.06230345453227598,4.592239657235526,31.795585273707374,0.9934961246680067,3.2266345451072587,0.4801340059941155,8.587324416757472,3,red
7.299704783551574,0.08,0.45219823134707593,12.767337488955498,0.06000392483766469,44.691854381673124,215.746958966981,1.0003755338967772,3.1677179058735696,0.44495851355641386,11.721351584644907,6,white
7.965662152599487,0.3221327069515601,0.4296952707723971,2.304211548854538,0.009,48.05509574874477,267.6456413180643,0.9946949677061111,2.957002917962462,0.5078688295724483,8.0,3,white
9.958426716108011,0.4632894202245009,0.30678208315983346,0.7432580842962756,0.05200565460152762,14.014035305091499,39.663522975764536,0.9976901096027384,2.9264574931656337,0.6775510819788446,10.958014058360703,4,red
9.681865602026233,0.5781306165329425,0.39358551758186644,2.1070953128184597,0.05877598214529729,10.105961754105351,28.451484924823216,1.0013006330776029,2.710444837937327,1.0390387036819437,12.169776902754453,6,red
7.467083842318354,0.160019382595111,0.2577607023739267,8.072852184543194,0.05183235607926935,18.776361225844443,80.86529442716662,0.9969386471337498,3.1509527868735216,0.5172023458835514,10.092723821560059,5,white
10.95989421488381,0.2990613996460575,0.3074899844070632,3.062392480443722,0.12223034193545979,25.298335595909506,90.87714658467144,1.0022219287589682,3.058503676717778,0.908603605741983,10.14309330206598,5,red
10.269612484312587,0.27987695598255274,0.3646621322143892,6.373643317553822,0.05462942125632518,18.188040648056326,145.01504309272966,0.9997873921994948,2.7827491406817866,0.8674730846301071,10.458606581621357,5,red
6.9368858954117245,0.4075280993218131,0.2527034210575781,3.6154633943852206,0.06040212384213908,22.362734352001638,114.49457269471064,0.9969639006824076,2.8791557012057565,0.5758693741786644,10.772418884347086,3,white
7.510086767737803,0.14772032477608082,0.41725288482186546,3.8807113089106124,0.01660069843726021,30.328925205486133,118.75869971525624,0.9954872850566578,3.363548079935756,0.6460236555366349,11.142615053838377,4,white
6.626441343236513,0.2785618318490396,0.4509352285367576,2.2784481511132597,0.009,27.973484670811843,147.39658201188269,0.9914011650318425,3.3523489712608003,0.45233810591275125,9.915965581404583,5,white
8.15035661618424,0.253552621590309,0.4299298666302024,9.35290290921097,0.05816475016235832,19.335973873423647,104.96884144475555,0.9926746264117997,3.2982419672721583,0.5154019440443621,9.922856724373888,3,white
7.487982340499302,0.1,0.1831126855335099,0.5,0.10845560975288639,11.02483955931955,66.30867814816006,1.0002991126843237,3.0891215111831127,0.7124821270129529,10.663502492956155,4,red
9.45932005120144,0.33827954064643295,0.42939869508922635,0.8246424197433975,0.01,38.18112138493209,143.57392366898145,0.9996041607481678,2.9785648289853732,1.0355958114034962,8.0,5,red
7.076264845728996,0.6890587887476011,0.4829958267916496,1.8694904335797744,0.06189070721774245,4.1793058010134185,13.752053268269858,0.9949399370781066,3.244269057619549,0.6498378912333034,10.300098183287076,5,red
6.112255111282499,0.3997741936627171,0.40391461068528667,4.323221100695238,0.049987965509309215,57.979569019989384,333.02373168356263,1.0030087538288335,3.2437829414452355,0.47512024052253093,10.203458108894562,3,white
7.887896530436941,0.35445896031071666,0.2190252779273439,6.303170785739104,0.036779056541044096,20.9644378717195,113.87919027259296,1.000949110862667,2.937274657760572,0.4467387449724808,9.034455593201425,3,white
9.466287481997348,0.33142249417009706,0.2581837067701309,0.5,0.04957264766951268,11.118033617693213,38.32653741016468,1.0006684534722394,2.989221326125046,0.7418453885930107,11.584878724084886,5,red
7.594010546368638,0.7367547228971687,0.34394024717690647,0.8921022385726193,0.06820084469204123,8.896157883575695,19.95343223267383,1.001521146047931,3.0415047347934654,0.9101235462191908,11.925975281563462,5,red
8.447980016004891,0.24981525824124484,0.38699651845651695,1.3042573454832298,0.09895405093703047,8.296605497659042,31.865317810727873,0.9967735089091168,2.9289830118216456,0.4310536018518484,11.416599750126329,4,red
6.462235032157128,0.17862668464348386,0.24289988350350505,10.040513303795235,0.04738479212392386,42.59232100094929,245.61090493171875,1.0036263179954883,2.9127098072498994,0.5949125285334652,11.218921959693217,6,white
7.399075713019628,0.2992821550361933,0.2579976502015247,3.6249950112294034,0.02400116541054559,6.62985700924548,29.998472226071943,0.9970553097182462,3.096568679879317,0.537973539764677,11.510227955275777,5,white
8.602091701586533,0.27686285653906995,0.43615824408517934,1.3646701148858316,0.11058418488554912,15.436488148596352,119.09170032196616,0.9998813233529384,3.175500036775935,0.6878706405748645,9.923543910619701,6,red
8.040340196276343,0.2390931413676625,0.28536632823665153,5.5809796719151255,0.06968662233304998,26.823452854126153,129.24303605984088,1.0025884370537275,2.90782600481656,0.47167101811401657,9.385484399458987,4,white
7.102670302317324,0.16948269189809448,0.3740382907861232,3.9892931717899995,0.04087100948400886,30.737172378298308,99.42131686116912,0.9993474818776412,2.894939809602102,0.543563021313992,12.647861178661024,6,white
7.571106171126226,0.3568744454611623,0.19877295772134143,3.071809332979668,0.047202434660079375,44.78749115996218,184.72543438155304,0.99445476131982,3.0584573365254393,0.5584147466726823,11.326193459978512,4,white
9.504205960408902,0.614184770917778,0.22638575548153406,1.297651715605263,0.2322248115612601,4.1241914457059545,26.76564288091378,0.9992071230449322,3.0626497809779387,0.691408998174035,11.126796206904887,6,red
7.277098759210026,0.4836722232637979,0.42335329336108896,1.0233883782822737,0.0759094139928333,9.010981972078142,29.64638848890868,0.9975558748977095,3.1102819265683803,0.8809300412030852,12.925973247522295,6,red
7.082458519415721,0.30447279181600173,0.237437095726093,7.687511158919712,0.04057582063332822,43.29402408508189,138.23793015938924,1.0004390832448669,3.156366435212496,0.5529195201131952,10.056699394456363,4,white
5.135234281950397,0.49586349158350723,0.21971762507172699,0.822207911999485,0.03259900604513361,36.04879054209589,138.96320488578806,0.9981437594603231,3.184752924005575,0.4611830959658044,12.095106755496097,4,white
6.864086119569853,0.27445733522455357,0.21299271294955052,5.812076106358374,0.05359595121147035,34.484151609972706,168.67238866576952,0.9948411649964645,3.2952301012027667,0.5538614964247145,11.784422202436513,5,white
7.541488163534876,0.5266324238397385,0.4431589172131971,2.199357103575515,0.08941511429934311,19.507487365720063,47.69492164508014,0.9972647443082187,3.1432390234939738,0.4792997358688613,9.241399369317815,4,red
7.801244831094584,0.26561357261085805,0.2873017397594146,5.989006717090891,0.06586968702388508,36.6477195887762,194.5983602794612,0.9944766605604506,2.9815518838111656,0.565967927436018,9.082960872239028,4,white
7.319488738033835,0.5151174765483142,0.24616369059944898,1.1115129636596721,0.054226469917145706,33.846765105619426,168.17666005506328,0.9947444261531257,3.126575628183248,0.8610278760039533,10.015542435345353,3,red
7.767483467099466,0.29801621465664835,0.4775972952557343,2.9738782729289786,0.03877182846061346,20.2557641978624,55.617380612063585,0.9928264767961446,3.0939520670102234,0.22,8.451232869911191,3,white
6.023826772217291,0.33979135073989386,0.20145332562053386,6.295181576417361,0.05974866878694935,54.27792545775657,171.50159268929718,0.9996072226316011,3.0299689451816096,0.35332146738050235,10.740040994556207,3,white
6.044288173320503,0.29078996982674366,0.37040675779158,11.0503281725139,0.0639890988872002,26.576587343116913,158.95829757633132,0.9975276510915152,2.984510387681954,0.6098253492290969,10.452823273800199,3,white
5.810836285412446,0.18812146911222322,0.42411138834029105,7.697392990416674,0.06059442707464248,52.66671644449878,267.04055890019373,0.9983257154289473,3.1467644677105167,0.4711339925219634,13.48949799600872,4,white
5.786512616375374,0.4989270860106525,0.1137402128473819,2.4108718067447006,0.07256629033267213,4.373890958998974,21.839301813852728,0.9993928617076693,3.0136963461063075,1.0475737321056675,8.803251463595124,3,red
7.269824520233731,0.1820977870424203,0.3269157320988976,5.068572094914898,0.05103468257810996,31.835706223092277,92.04482793103794,0.9966203138587587,2.8597955643469195,0.5426383913999238,9.593591016327329,5,white
7.882840202795121,0.6370557814997515,0.22553622676967355,6.670300415410462,0.042259753409226775,12.420340096985655,85.27920087721512,0.9963368645484149,2.980906001575314,0.6264673911401091,12.714137624640374,4,red
9.337629451236891,0.393965871291288,0.317538039187822,3.4292815282256623,0.10971626688088172,11.503109384003377,53.59897570074132,1.0011150879315445,3.2483115051354616,0.7377198402966954,8.4930727487364,4,red
8.65425077351084,0.6740737145409829,0.5581148704981789,0.5,0.11968273011088126,14.707222666041995,33.64726272073258,0.9974976157798103,2.8593700187330415,0.5749934249866224,10.919040377021647,4,red
7.599809157591806,0.5961257912269121,0.37157952636326275,2.036659128239625,0.07590311148679722,10.495454515706825,65.49943457759515,1.0008205116027027,3.1957062842701727,0.4147519359277593,8.97768854266812,4,red
5.403250036607533,0.2552392852082154,0.22883537682743108,7.4451803451723935,0.05766931620745523,31.667343574811134,158.98238068411004,0.9996034547639039,2.8537223820111937,0.5095061199455257,10.245584529198549,3,white
6.184087004370592,0.8224421225245209,0.0,5.333991765839568,0.02429444432676542,7.303625633435802,30.40337338447412,0.9996855495747647,3.234417957664194,0.7719537723406819,10.974399755504969,3,red
7.027534244988539,0.25149242570942515,0.41010107069780866,3.7013872628616022,0.052537677238947963,18.2804657323492,66.77607933201628,1.001650852274172,3.128749018655693,0.3001489707013386,10.15186156200071,7,white
8.614221410281287,0.701517418496529,0.12592640691135787,3.3048979103320266,0.06685228454657863,13.687774902790949,35.8819461377146,0.9991584141133703,2.9556793072872347,0.6488728236682308,11.672279837306515,3,red
5.404249853096237,0.6183754912948852,0.18701479492473871,1.6648515798450891,0.11807183055101514,13.816287892414092,41.52802248281728,0.9988170914485764,3.267573443996148,0.6142531158250005,12.546895487443978,4,red
9.375729172380685,0.3471520725838886,0.2599070759266664,1.268620400098272,0.038583313534527035,22.097450316248306,97.61189535606671,0.9986713966820256,3.2306872513541856,0.6487525358530509,10.864753989141791,6,red
7.145117238832768,0.31051731831289453,0.34877230408311727,5.979341552594175,0.050659433244087254,31.24810530124161,171.5493335784992,0.9948362584504918,2.970373111764065,0.564793386011822,13.260539972061911,6,white
8.38174440932435,0.8077838350889941,0.3853016127109775,1.2977998934600452,0.05199642310372764,2.93330503331123,9.41229818439338,1.0008872422049535,3.0200360806377797,0.7088715447525196,8.677366322381726,3,red
8.71644317088483,0.608648870554343,0.3634835811186319,2.8117054419623404,0.1367270522414432,27.709771129368043,110.72657173300014,0.9992127590447683,3.1557268170105726,0.6941548593458305,9.783268477603272,3,red
7.059737773930033,0.342400913211282,0.48280086624619706,6.576575582101755,0.0497118967016093,28.47468717407814,97.55707132690293,0.9974698505188131,2.9858551629349463,0.3254294959466111,9.346212961126243,4,white
8.321407081329053,0.3620117673668247,0.0,4.394326223831477,0.151325592238565,3.2789810236001147,17.628684881479128,0.9984734044814041,2.983495023870604,0.546141599035709,10.207849891751554,3,red
9.513800839956557,0.6993388138378789,0.5613524032463019,1.784364206866035,0.055568669461855374,7.341131492118787,18.141133370456462,0.998631753973112,2.8393841862247475,0.5710831269651804,10.959515597902161,5,red
7.610843463375917,0.27120735090828585,0.4855966523903179,2.9464815281108008,0.0751003423013553,62.6163190486311,174.36004052874299,0.9942430490303462,3.1131907919488726,0.6936269468221027,10.098358238428363,4,white
7.81187082405935,0.3498164421750891,0.3301811279013859,11.006695657140796,0.04816562772634084,33.9170578069176,189.63193587594333,0.9970702820858813,2.933526060923874,0.5574787593315165,10.329747928340387,7,white
4.981373894173062,0.25716781086455526,0.2962244189940785,7.75806737364858,0.019226823309442566,25.29471232132256,117.47612197948051,1.0006623970434672,3.2993657680415303,0.4409587570926911,11.984556849346436,4,white
6.890708481432478,0.4097437183442513,0.46987004736735455,9.706083633860024,0.05542223168846006,51.34831825752515,403.4169387518815,0.9976652564678138,3.010630186930458,0.3,10.123262795270414,6,red
6.6734098556366686,0.37570368301362234,0.2932872175453381,3.278602173009829,0.05491065129777224,30.35039991427994,174.45967815000665,0.9968388618877817,3.134054266896227,0.5430452296060678,8.0,4,white
6.5929606965214855,0.7015645941043841,0.5669488660165576,0.9821622771876907,0.06833202457386867,17.596286516745213,68.76731231959819,0.9957376502574798,2.9417197963950876,0.6031558918607756,10.366363182758091,4,red
10.750666655118431,0.4477226738144711,0.21138827019339426,2.2147786073395865,0.10617397475828044,19.738997525707404,146.8211362328035,0.9979503738721462,3.1276904368809566,0.5461870119496293,12.80329134208329,5,red
5.1906199462392895,0.3951985565847456,0.12770116365448714,6.750948451669854,0.04491816913940401,18.046295063582733,97.64378692939106,0.9957850291050007,3.0168793561496923,0.3389647700868451,9.731069671096103,5,white
8.828542861516608,0.31937965530931534,0.4713879129688582,2.8489705583277956,0.10672640855685778,4.927590244990295,10.698390467071413,0.9978758982799254,3.0028565354401926,0.4762279481403648,12.15185764087439,4,red
6.927741783984809,0.2734571905577813,0.44427844827969826,13.315480255549407,0.05811494509775082,25.983179523954213,78.06121593206856,0.9997584874817403,2.979047084777816,0.49117669278377535,11.45448536788912,6,white
6.226556101823342,0.1348126383126831,0.44268623092890735,5.3880857260762625,0.039767554892810336,48.80140436750715,216.6112242047928,0.9937705186870328,3.2413399734754527,0.5741147092978759,11.23390071093809,6,white
5.6073652000742715,0.3908820197917504,0.37326108194731766,2.6937576685613625,0.01,8.067106755527595,49.018652296734444,0.9948659713816941,3.270345721894368,0.4546967200066711,10.0668266343318,4,red
9.70621152336124,0.4794784861639807,0.667012357122007,0.9759971059916193,0.04345605014266749,13.619559768568054,96.53312649188422,0.9987241885713036,3.04145786931759,0.7297730808326535,11.895690301759286,4,red
5.569041255562127,0.8408534932220129,0.6485779171019426,2.6006238118416176,0.01,14.374084385754557,33.3295307806715,1.001537603077676,3.1865030227547435,0.7628666315470294,9.722932565007003,3,red
7.667126821320322,0.41635565442757294,0.3872549243745492,10.90303845263264,0.02098883400404286,54.744779123777604,318.3363554851169,0.9971262176466912,2.7709170034139854,0.7293549578019035,9.747619471474035,4,white
6.317811688136762,0.1756756590825616,0.4599012471314693,14.869952549659788,0.039953687682741,25.235416841814626,101.12931234881817,1.0012117039124324,3.1277680274975346,0.5692179776045095,10.961109764185954,5,white
5.916853193253123,0.32425911570851296,0.22005074245042916,1.538250972699708,0.13256875914378755,21.18183846373352,107.69238362857764,0.9969594445352439,3.4589809986869593,0.5228490231595717,11.658574318971107,5,red
8.94141083817625,0.3989594705787558,0.17653853497382105,0.8552277870235594,0.1013615260647814,17.35371990968889,74.71062947619757,0.9963300360267439,3.196060054014521,0.6296762636665937,10.005773235004948,4,red
7.146067010775354,0.3527462194532093,0.3538372261664882,5.259611162994831,0.029428187341782878,74.20877399677595,366.7426787257277,0.9985891586964714,3.1573873355753648,0.5434988526407166,9.0810504633056,4,white
7.579592457714057,0.21927895570042205,0.33819399311263665,3.7210425981555972,0.05009755411782786,65.14518684816072,380.37720861874755,0.9976434368317092,3.2379351072706917,0.6453276373890207,9.632316185980883,4,white
7.6454397211101,0.32553137878303373,0.30429886759553176,6.383971968061695,0.07420638461138326,27.189397457762446,160.50338727710192,0.9914393840241996,3.2483965052241577,0.41454580207047786,9.633438155605504,5,white
6.565374887294997,0.2387309840319122,0.11024896346259197,3.08559217331443,0.07512273183626988,36.61019377257225,118.95772741399898,0.9973679214200399,2.955930967551022,0.5218144135008281,10.462245330605562,3,white
5.882168693683955,0.6978663497371562,0.4333216985261624,0.9896209145199791,0.06890327028596761,8.681021729712219,29.29584128344208,0.9976171620164445,3.009760291153509,0.912205751076413,9.527757746715295,5,red
6.774667568474087,0.749377133305517,0.2563961421469673,7.748817166408462,0.1114635885046178,15.995278026998335,48.896340890157376,1.002605134744636,3.1226863195382304,0.7563054173593872,9.437399069087476,4,red
8.1807182905203,0.5874514118754525,0.18333704277990426,3.077790607293084,0.07171095055679248,12.395571283941164,63.762310525520746,0.9977545353674134,3.2121471933304346,0.7430220092364647,10.540325056359304,3,red
8.59440757394701,0.24326112796429955,0.3060441718459752,3.030158370199893,0.11151061870178307,30.833913312720647,62.597562236154175,0.9981381355977239,3.0428792767107278,0.7857865292419135,10.706875912107215,5,red
8.424640544220287,0.606247831806823,0.4488490103458218,4.27949375593501,0.11897803570591256,14.990396630403975,111.671729126208,1.0005892688389193,2.871338115583407,0.5576113197063702,11.499973675827203,6,red
4.386734019949507,0.42023907722251125,0.7191357739776786,1.1645826213922303,0.11566196665018416,5.422878791434107,40.930462396593946,0.9978451548020153,3.12851799154842,0.6122531615522562,9.79112209481109,4,red
7.338315440778253,0.3278674367586523,0.5447748839804852,2.058432343206264,0.03332744624951331,45.73834947029661,156.6070815724469,1.000309548649238,3.04726060476717,0.50258177367729,11.526421448401305,3,white
6.909024838503098,0.5173102199493637,0.3569768445688583,1.5673896617577325,0.042955498873779537,4.1081685383140565,28.397418997677764,0.9995774859452281,3.507131934754632,0.7015540091564331,12.003865754314015,5,red
6.25811567731977,0.39278099799572497,0.4443577794027348,4.433887906582667,0.009,38.24404423542441,190.20478679246395,0.9935528656681146,3.1538769661097645,0.44928772362352304,11.47798204248509,3,white
11.07509921668378,0.509979308957234,0.0,1.827805274874175,0.08444042044535342,6.515866719389956,39.504168244276656,0.9994438284395974,3.190706429998743,0.8299699985806126,9.404553362195543,6,red
4.798794796515862,0.24359000898402966,0.17411572364813263,3.8093650954299685,0.03503689459526692,23.52824624327906,86.70904143317716,0.997209782596054,3.286549622783349,0.3938284347079577,10.414621725370758,3,white
7.106046219506649,0.33788091097845563,0.28383599893709405,8.881809874267052,0.009,17.015292848281174,98.11576671442702,0.9987216011473014,3.0930261739016003,0.49567074391760396,10.177910851110045,4,white
10.006005926416442,0.7389488217281335,0.24448695918460223,0.5,0.0650561410037824,4.143797045436875,16.039253840857217,0.9957178168368865,2.845815758496364,0.8371050002336711,11.675958713525551,3,red
6.791740159646584,0.2810225474252746,0.32640366911165886,4.114921739465329,0.05106397773704283,71.481318287457,402.32006136115274,0.9974270780904847,2.9063013027706677,0.22,9.295293578758203,4,white
8.374250038533846,0.20044873063051344,0.2788173062291888,2.567589489142951,0.03686008937314751,23.63599156514891,70.95927318892323,0.9946774310562365,3.0203389576818047,0.45640410579658763,10.807816487990213,5,white
7.4849487160311545,0.3648496068900061,0.277679763573006,12.10318651321439,0.05530775912713576,17.905951893587552,102.50193237126224,0.9996334145510137,3.17422032075282,0.506711075013249,9.54915688298322,3,white
8.082540094482697,0.6600286444089989,0.15488644405581029,0.5130355036564751,0.06235871108323569,19.932755421593743,68.59584696349694,0.9938023830975229,2.9563016605308485,0.7601873384047544,8.373765705037025,3,red
7.2996593801310246,0.3483709150402494,0.5290717505975395,3.2396175203733666,0.05555255791296149,22.58988987137031,130.4891676894797,0.9967357127329816,3.112669038809887,0.3467938762939935,12.115455319335144,3,white
7.154205440338716,0.2636374551226913,0.4101547253905319,4.210561196079951,0.03764239340887316,32.80821608866446,149.5462870749354,0.9957605638994238,2.9109122782781114,0.3685749390766644,12.546861313653764,4,white
5.925449343675259,0.2794063573531195,0.44787090254447065,8.502920987273036,0.07282972459086169,33.49989512800255,109.12689318302708,0.9970216794721724,3.115830123531908,0.5472258385408006,12.089133315755605,6,white
7.608622242024903,0.3666320364823763,0.2844415693090115,3.8301674294271515,0.030220194071424362,123.04789940456796,307.67364172537737,0.9970817683915947,3.045998220170418,0.44145490951598926,11.03623213967521,4,white
7.689203445662,0.6063309880035361,0.5337841778596051,1.4154978454281555,0.06145676395908346,10.840940360681948,41.83071695433659,0.9970352283330121,2.855069232542629,0.7887799536654645,8.289502500053189,3,red
7.876760947585575,0.4643085086822807,0.22641575862707475,1.3648785068777562,0.046136660842267405,9.853764221606857,69.78506978073783,0.9948854908664183,3.0840499895909703,0.6012577339590266,10.305671757617487,5,red
6.184416466825483,0.328561258014952,0.26299314750572383,7.992102594645254,0.06241896349630077,28.10772535050798,86.89312334738864,0.9952450453968019,3.132875879779842,0.41279557707335224,9.68418247841586,3,white
8.536342953008209,0.4704999840410248,0.2383832252531649,2.671043352002319,0.046960082914246234,25.43230633289735,152.35524087519588,1.0006399932244205,3.1732544601325694,0.3674810226484386,10.238609022201915,4,white
10.25376465468565,0.4857087521366093,0.3181013952272164,3.091725404948006,0.03606443761281218,14.506397654404243,60.624196722472036,0.9974005462739324,3.093228714896032,0.5233534138984173,9.820707425813813,5,red
9.577358109732042,0.8637366619401539,0.10823277749054044,3.151646594028767,0.039740559317781025,3.675619287513095,21.2539213906504,0.9983093190818724,2.9257883641147724,0.755767035520014,11.194536032161015,3,red
6.5254693051394455,0.2777837315369146,0.2606931570572386,9.891871500562694,0.03564519081039204,17.90188930502875,46.17173126280407,0.9997507913483225,3.2313822678091904,0.40633632393819613,10.121153337327648,5,white
6.38666861959276,0.5159893045376956,0.268760950106403,0.5,0.05719197989678021,13.077637893379377,34.7080501736189,0.9968010154108635,3.0022568608819005,0.9247563268004433,10.274621791019769,4,red
7.642063640416737,0.6289647609409871,0.4133645964560455,10.404425980870503,0.029889786970535546,32.73037839476214,161.44018100733103,1.003671432453549,2.899120819706816,0.6612322224420035,9.136332779121203,3,white
5.706417489572679,0.2678992796757117,0.5103237439613036,4.626487063768901,0.06301351728218359,37.30514948068719,173.75024451399977,0.9994572148739426,3.0114717619082496,0.4775460972612754,10.284085016481523,5,white
7.475342952730016,0.13280207229705712,0.4104861986922929,12.509380736851913,0.031098030968121075,19.536034424520835,92.9263224101948,0.9966922964123577,3.105484977589503,0.5057214338258954,11.540583754848718,5,white
9.156879076380337,0.9983029605524711,0.13400560206895717,1.2253845319131176,0.05104207035318648,16.62167909732822,40.52049547960317,0.9984327519149742,3.319767325757422,0.7300678539055956,12.269060139675522,4,red
8.632936933666059,0.4897761231730666,0.5038661574993997,0.5,0.010489360869104805,11.88252969849723,43.636003382253655,1.0008883981335766,3.338903608403219,0.7283998380372381,10.641162809239372,3,red
7.19187861673633,0.4461134296637164,0.19070030541503397,5.6164370604620535,0.044786038991850616,17.00365105437941,54.940445917159906,1.002762489800122,2.9533080901989353,0.851901566980386,10.48697729502971,3,red
10.748199266264105,0.5461245226259448,0.220817663929732,1.230778796996449,0.05011299453866624,5.623828839696636,26.22768050613356,0.9975066574331952,2.94600834776327,0.47230413710100727,9.468841246452767,3,red
8.578764239360082,0.2855075638314712,0.19220677987265078,3.4897141905365885,0.06466297883350132,44.32184298343624,157.86520355225596,0.9969945954734479,3.128555129431918,0.42858893676887094,10.904881284389594,4,white
7.415353852851145,0.3833797191514072,0.26046083186386243,3.9156800474942743,0.05358140505307042,39.32224682930699,154.93160616965775,0.9964446030750633,2.93999318758074,0.5901771068127094,10.592946977755366,5,white
8.19880689469494,0.5436809704542341,0.34681600344272256,1.6150922706200408,0.09371863167542327,11.89026871310098,40.00706258113873,0.9986616737550971,3.166106977963142,0.5056623025588405,10.472033345402933,3,red
8.380577741237904,0.24295344789197687,0.21393291629479783,5.352309292297606,0.09925868888084403,31.860805179191026,214.46499002988577,1.001044762794269,3.051263483733019,0.6686425495236726,11.170079965958864,6,red
8.231731483904618,0.49491650953651745,0.0,2.8775502153601207,0.10411310157940543,8.188545855186572,29.42361611341002,0.9974720674850387,3.182881870333959,0.5818757664509998,11.48482267394768,5,red
6.9527147446644095,0.4617570066222524,0.2901199460918945,2.411994408782569,0.09324102730862203,8.979043164354811,66.88612781577068,0.9981443404790401,2.7261287218613774,0.5919425878936364,10.151649400012618,5,red
10.111316637611097,0.35230768511278693,0.0,0.9230292446484551,0.09661941658083284,24.74656624791229,86.09002400375041,0.9966001329237005,3.1972696001087195,0.41401395836310273,10.900417200872637,4,red
6.462192343080176,0.6868335135423039,0.2625316153507501,2.692464306144924,0.01,19.765589343717544,142.43543742173497,0.9985986314197485,3.1412441283659467,0.4875834485045392,11.210899437368433,3,red
11.803271472299379,0.6268932942289339,0.46899036425807517,5.173228638938843,0.16534959715178232,26.86827059880811,79.7585130242215,1.0023764650309,2.983423522990902,0.4961894611464775,8.563520355775754,3,red
6.671464520990176,0.44593293931145683,0.4350593859914066,1.7531872510249908,0.009,72.52549235739096,390.13039359503284,0.992255840790508,2.765081319909911,0.6098454905519362,12.162284855529766,3,white
7.2226112696050695,0.46871389599922747,0.2589049349059892,11.28685072131361,0.06426258861889499,51.77835393189617,233.8760352956778,1.0009237653333367,3.100996403107758,0.30825320763649244,10.823758889469586,3,white
7.617925197794079,0.5014646768551454,0.5614082648841349,1.9367518175945622,0.03300398373332345,13.64248990794094,100.43453587465352,0.9987954751379665,3.184789533145453,0.7079323836915349,10.005236306645054,5,red
7.251112984440837,0.268996657574029,0.30996402931815437,2.3010457652742344,0.07633604734603701,30.838250912118497,184.43198027379646,0.9928689899311127,3.177225858530623,0.499790452160883,10.730118759722991,4,white
6.7384784780916265,0.346013157945084,0.1588752804819531,4.056831707198291,0.0626450706071415,58.708987891600316,233.21976630323044,0.9940590061736059,3.0729169571861203,0.6655717166844215,11.745958094123521,3,white
9.711570888125218,0.3810337602832305,0.11799267276444719,1.5780749389577224,0.03414121315215098,19.55057658615017,48.95484489092084,0.9980477583332296,3.029314457456714,0.7198086266553624,10.379421755195276,5,red
8.735250548333589,0.3403371645536563,0.20632382157742418,0.5,0.01,3.779411101981447,20.95130885899868,0.9973066612127007,3.0334279774564123,0.8227780221993655,11.708114469303343,5,red
7.573452582433738,0.3250642936723964,0.30976405083697095,8.657969424201207,0.042757723045648,51.48354411745055,258.3849428527412,1.0007351849784714,3.029649049242212,0.3186511171817398,9.361096766057855,3,white
9.783177458076246,0.45950325786407764,0.1813658779466424,9.155040437780455,0.11003853132206484,10.303500255510919,29.265931849878793,0.9969228897361738,2.9397460746746247,0.32120082633437,9.165632343380622,4,red
10.914662162992148,0.6158673489001619,0.5048648371431814,2.236765859325319,0.0964477040933067,4.280780779715619,30.442035770410836,0.9984411984389203,3.0275692979381077,0.7743068048797488,8.013387109596989,4,red
6.891722552354167,0.26231541357083177,0.28854543028584834,10.499526678618992,0.06423228998108264,20.933502424582166,119.37525971676523,1.0005292911192634,3.0258718172207444,0.3193771235540957,9.720853606366786,5,white
9.616877890829873,0.5199615660216129,0.307800147891334,4.736650865287812,0.01,14.035469771182429,97.39715162263373,1.0020118639272146,2.748273980469417,0.7459363187906053,9.41343021642219,3,red
7.645360123292263,0.6012446360187337,0.10524525901492895,4.4273960779053585,0.06570394329937086,11.946294665512138,75.07675326990508,0.9982140836972108,3.1489637768594947,0.8008455235694029,9.702636711806997,3,red
8.3989548213582,0.5703045441316391,0.1481174872815812,0.5,0.04797587499674224,10.454746193595238,31.860879882737677,0.9975120824918592,3.093396027225672,0.7879485508614703,9.18347345296205,3,red
6.933908584237729,0.4016982039205251,0.36407853836550547,2.92433003733863,0.03657457443537731,7.291329948026329,28.9492092195746,0.9984500175478876,3.2359024851468923,0.3764056918080214,10.712116439966648,3,white
11.443225361407087,0.6343339711784437,0.09752632577208514,2.9011300848291337,0.07436093884920333,8.566400064159474,30.149206693495508,0.9948836493468813,3.0068330806335517,0.8325320381507115,9.184079600498432,6,red
8.428867748929335,0.4915802832325626,0.0,2.167812838845305,0.10702684715621966,17.253261449966374,97.37050667460143,0.9962512486398497,3.1170367020341274,0.6076927957938267,11.363421061642274,5,red
8.39259231630854,0.2479024830600809,0.39983042273259745,6.8449662394284125,0.04560032860908,14.844379794612609,56.68237963243039,0.9955612382762759,3.2023289033250406,0.4275040604219044,10.840628747794632,4,white
8.867225578987814,0.6927082713955152,0.2810243196135951,1.811577684959717,0.057434333626154965,11.848816279953724,82.2133100410491,0.9944871348924991,3.075332712275504,0.5116855232377149,10.150644928428713,3,red
6.269525708450071,0.22260645873172175,0.16743100088492688,3.3932269773217474,0.06146943896123158,66.03311164053866,281.30820028882215,0.995652854617558,3.3653380564475546,0.43353984495258546,11.241144977208842,3,white
7.016569870442898,0.09042538565874234,0.13171144975286764,4.749219591595194,0.014373992808223025,13.207532484894097,73.92411153331078,0.9948464543887282,3.110462376236632,0.4006625800093274,9.12926098952827,4,white
7.380028238041663,0.21066034630656588,0.5577441690958949,7.404777448470605,0.009,23.835031310411228,69.64719510476559,1.000821287981956,3.0121649449381986,0.4642772463352454,11.34414545330318,4,white
5.580474780037523,0.19331808714058552,0.3269648168269193,6.197936042258034,0.009,33.28749820831812,189.19568264647103,1.0006609122324723,2.981731750909176,0.3868631442387959,11.909919891153649,6,white
7.111273540567365,0.15580146400518402,0.3231736620548927,5.60131025003866,0.040048191782452135,23.535332304458322,84.80325010621387,0.9970013161074003,3.3508230413851616,0.3996584524707812,12.013752964786566,5,white
7.269233162082697,0.3921394019970303,0.405539298719951,7.6027431219893495,0.0682281587041873,30.80733741744741,131.64814303603256,0.9971674228886966,2.9423916461635575,0.3769448690294761,10.127419722824893,5,white
6.6596301170138235,0.900117283389258,0.3786909139256874,3.0583158339312515,0.07434045107784237,3.3977042659788785,21.49013257280177,0.9983337156880757,3.0934098454705756,0.4295396184444369,9.898318300017207,3,red
5.557434623212772,0.3007519637716122,0.282673004767424,7.111274392427131,0.009,39.01919510324296,163.81570677312342,0.9922135818224433,3.1695640254824906,0.5957887556564543,11.142258177131634,5,white
7.19854975196096,0.40060858873997574,0.3699540240588147,8.02961968289335,0.041654370705593274,35.95082773976373,174.1781552916112,1.003934065458004,2.8693746323383125,0.5397515882361824,10.822154279840078,3,white
8.421662603272967,0.3370149778425908,0.5051132455899865,6.38150818983615,0.01760620884377531,7.258725458533545,44.137828412746295,1.000058584963836,3.197031794270949,0.8079910423165029,11.13189246640945,5,red
6.494076493246135,0.221917935317223,0.311743693584771,11.739666957171394,0.06126763128719481,50.06181859920366,220.92012757734287,0.9979766587438114,3.1183766759374474,0.47423468245792116,12.315355282577672,5,white
5.431316475180317,0.4596370774758677,0.4419816926834653,2.897472012186923,0.03896571528611491,19.95782383401712,73.01240880928671,0.9986693732266471,2.786600137048073,0.4309182943045278,8.691615378448676,4,white
4.597011392831398,0.29138999189031844,0.4495424005314366,12.318789803328691,0.07632385887129607,65.78541187179947,295.6429527662599,0.9972038422863136,3.1076494387297053,0.6156775101454559,11.00372115627633,3,white
6.330780028372678,0.6223553756175128,0.08759120389690192,3.089342613339014,0.08677415624261747,8.209543591694228,37.703995923019306,0.9975780843161935,3.2683104610315814,0.8859422564889963,11.176362273724434,5,red
8.105282263070551,0.7460745034299966,0.30938079258579937,1.052751805061363,0.15224544412614557,12.998656400017259,95.72636449542493,0.9996367494842409,3.1324643863143558,0.7385526235025779,10.140781259433277,3,red
7.457034852235714,0.2992869676498132,0.22765461481509722,1.3147818359498626,0.07440927603942911,32.6956021046876,176.06629352346386,0.9920543464222056,3.008687744053106,0.5303355451240582,9.36776146002487,3,white
11.068646427471197,0.48523559728696153,0.24502020682238312,1.545602997033706,0.07775129540278179,8.960756165369276,45.44369286613291,0.9988933066422351,3.102400508251521,0.48583755016737545,11.475340361453808,6,red
8.663959365021347,0.4217538240887816,0.654618828424502,1.315066697000713,0.08959734200631382,14.539026236249178,99.39022311614161,0.9930774132799169,2.8383778390118666,0.5299925509650272,8.213029919186354,5,red
6.882686915042347,0.2996986049989412,0.4880695128177225,4.926123991249846,0.07458198755784204,30.282141788118363,164.37844422882495,0.9940423067921268,2.802597633103255,0.34494784998603456,8.835635462483047,5,white
12.457778365348606,0.4975136155536874,0.383770934016763,1.2984918911669976,0.03783428625489712,17.18419166198315,45.516457796581776,0.999463793376187,3.0080750711782427,0.4827414404388414,10.387680911394254,4,red
6.528726534716446,0.3986853790504875,0.33956265377336775,4.977342207598718,0.03788199583646629,45.696107393464004,116.37961573756449,0.9936222159281314,2.9571696248425985,0.5567866144857236,9.591109612824706,4,white
8.700544748784562,0.23927627313700833,0.5481936753629632,2.5103958969877915,0.036560610054652914,6.754822322886814,45.41912149923024,0.9967794052716128,2.916060646738863,0.6512423931002396,9.611647701270314,4,red
10.855777113004157,0.6605172416326395,0.24668530261681243,0.5,0.059093206849137256,10.497029239391582,54.930074395404645,0.9996707383477189,3.115933008832238,0.997689797966453,10.39203556154644,5,red
7.30820402723813,0.41686507868999145,0.25360588548670654,5.987698201838169,0.03246147918522471,57.12667397321195,235.62956570041453,0.9952393912919313,3.046177757541229,0.6640069237234077,10.61197192567316,3,white
6.1232701007563195,0.6510632662164917,0.29752868828840934,0.508468058714557,0.1445247954680197,13.771269900180037,69.93624479905212,0.9960811409552165,3.0813653658537734,0.6833390925129031,11.459579814247943,5,red
8.749698871664712,0.28066380103811056,0.41781437836706625,1.4659078677325152,0.0294496459212477,53.64695340403021,190.49735013409654,0.9982635419885385,2.72761207333678,0.47187967483651405,9.867579615140032,3,white
10.522142682280128,0.7776272263960915,0.27966866335264345,1.791112668108784,0.10997958026303435,4.419607780944331,15.517774041169185,0.9989667922618527,2.954395018677044,0.7454230150157575,8.780516900168731,3,red
7.1134882811480935,0.2589127246810569,0.3296805374420813,7.787365260679093,0.05089231047647224,25.354770000619716,122.9792429470055,0.9970122713784543,2.9290171769752016,0.5925506190309011,10.476887092711962,5,white
9.401070514771177,0.5407334665856314,0.11944021501000737,1.5440067704446527,0.07765406205467039,7.573342361178481,22.413151238285394,0.9969931644222917,3.144344850792294,0.5331058189313622,10.812912086892807,4,red
7.431452086915751,0.1799298563220451,0.11754793169565309,12.63556452993961,0.06399986156037243,40.08301052884044,103.89574333530784,1.0049044026604093,3.021513565870417,0.5317640141252845,10.669361868894358,6,white
8.2556099118572,0.18027487655429075,0.3223651119777176,4.809459434815416,0.019392706014379646,13.782022657882367,70.15085772283754,0.9950316747922565,3.266480392477028,0.540431982611877,11.01637147740794,4,white
7.038235146061961,0.362751421473121,0.188383007464584,5.542363224064247,0.040608568085048265,14.930431753826937,66.91238563208776,0.9928793490926758,2.833378847721865,0.5506504469210904,10.646161586776044,4,white
7.341668260233243,0.5606749200275878,0.14453898350004507,0.8975870673374551,0.11670968451970712,14.489218901558926,106.00955583643656,0.9981042550916986,3.1933915927319494,0.7259941043038326,8.770055366129059,3,red
7.972799023979055,0.431319168432021,0.2083094000180869,3.4078725333656044,0.03312544826812077,56.24402916793841,280.3567601738663,0.9931779028236987,3.088265366724875,0.4232701977155129,8.426926754836398,4,white
8.4831041562116,0.23549965174622656,0.26971311027359296,1.1389639320978202,0.0656472303876428,19.180710891250445,109.69664375240883,0.9967718983648651,3.1400956882550877,0.5927022261571787,11.959352697205922,5,white
8.64588818097428,0.45806548658937163,0.12433524832116391,0.5,0.0547139883566202,22.529544751903494,152.60366904489257,0.9988706681611356,2.8489833147955275,0.7766441271211003,10.081620190287099,3,red
6.1787685906597565,0.27553139055710363,0.49657642737081525,1.6628724005384332,0.05443533919681544,23.50311041231896,113.67890600563442,0.9982467639845264,3.2308354376637185,0.5295978702757919,11.127359982926345,6,red
9.782945082425154,0.40956690704121507,0.20164395730007373,2.6421087013103515,0.021465283666546042,27.289014309652284,54.73243682546833,0.9983813560197754,2.925455904487494,0.46790596824666875,10.308081191487851,3,red
6.1247191565493075,0.49961208982579813,0.3580248207224402,3.5205170788980773,0.1552089688768668,7.379714321306632,25.26744980509166,0.998970729134863,3.212760952238983,0.6542017758317774,9.437359169243248,5,red
6.97522862884603,0.22971071412366678,0.28530829763551224,3.792843417913966,0.042542073001536305,19.218342654719414,86.87535962778055,0.999232206875383,2.9444477906429207,0.6097801563931763,10.583439995875471,4,white
8.20556891187575,0.6622780014889672,0.0,1.9024011838367914,0.06815698590342603,12.852164903154149,45.975846597250744,1.0045427653633145,3.14794174375628,0.7162178485316655,10.41737373116311,5,red
5.859034342994954,0.6396448617632919,0.17742657281842508,2.243453269221297,0.16164982514658238,19.67836873023018,40.794813214861676,0.9985926833339905,3.0651074298072167,0.6400388509563869,10.283721110926743,4,red
7.920113264946054,0.35186693541733927,0.0,3.5808395278553182,0.11644995559980707,35.51860655102948,173.62547193641916,0.9982302885520625,2.939353012965764,0.6265798025194638,10.932540712043153,5,red
7.341066327747562,0.5476369676247612,0.19543048984843414,2.305958360057019,0.09242580389972099,7.862837958389416,41.03873052062798,1.0015958226243924,2.7794466271814904,0.8938438252717452,10.074036689086446,4,red
6.259496108005181,0.41313004188811875,0.5772703892440385,1.4598363208009473,0.01,48.55046932893036,370.47937162171564,0.9991609371639882,3.2266801204420315,0.664244876774934,8.949466049168475,5,red
11.497967018049003,0.6194058601825739,0.18344749005546457,0.8910165304725959,0.09700253280350347,9.66001059179736,57.64924086412688,0.9981270707726797,2.910882675836634,0.5828736741576468,11.435818730034557,4,red
9.438443333011065,0.4127557591174708,0.32006257091290136,3.4622836948293485,0.04867137301209961,20.63274863288192,53.958913372164844,0.9988051825869138,3.1814298994604413,0.648717725298921,11.659131482673613,5,red
7.84121261000127,0.6414477669809356,0.15472694399459364,0.796425263701327,0.04881413636694387,23.40693033260823,102.70301743813529,0.9997242530787892,3.249889100518668,0.4242304900104054,9.914762280884283,4,red
9.812372352559844,0.4005524025363644,0.34005929799032875,6.3770345978192635,0.1035161134355873,10.196722042795878,58.79143650680913,0.9979724336566566,3.0452249758386283,0.6233483822722272,11.367592226248245,5,red
6.315131585596391,0.3945324265698895,0.5817052698056479,11.592545386857212,0.009,34.0097069252828,132.2385939491717,1.0038674067934148,3.082060333811988,0.44091432965371086,11.6473543268892,5,white
6.949376958440528,0.24379994610094963,0.5255049742568887,3.4430110682898505,0.06325174382193847,49.1028161395617,209.4121941753811,0.9953393662734418,2.9922176012359305,0.6115597995518989,10.733988350519395,4,white
7.200826096787706,0.2746941680720543,0.19644517653999224,1.9058060546975635,0.01,9.32925693730105,31.633100207322574,0.997595132910958,3.064086183903168,0.6243412197717333,12.383341649183787,5,red
9.5268425088735,0.6026714162605897,0.39903712733325714,2.0380068756564227,0.09381261428965658,7.07749879336217,43.42313335147305,0.9963006843820411,3.039086604155642,0.5928751423873045,10.404387416562235,5,red
7.02757288785386,0.6970112230546227,0.3215841090568731,2.666286470748458,0.10785574668968086,11.010033735045186,69.33065874278078,0.9985075620847331,3.3079377188784007,0.8974917943477089,9.107191871744119,4,red
8.3173962037333,0.4730464790549357,0.2764889593227247,2.7551710342138227,0.15955379476664344,9.099481888024865,33.99670587249175,0.9996792383410165,3.0407073635286674,0.8833291040046292,12.23532598076741,4,red
7.167703744701555,0.2984645856993256,0.3381276472339352,13.000551347096946,0.053469658861800516,59.58331686300117,292.8066969548378,1.0051891568287836,3.12017893451129,0.5373637433089176,11.681382002921588,4,white
8.18288995157667,0.20963132345080027,0.27957048889545166,10.246597358155672,0.044547516309187365,22.37424426904963,100.56416514173976,0.9960993273186833,3.2717873766551238,0.5863589420837219,9.960379052043217,6,white
5.266997369463706,0.3464116853744453,0.49125857154577507,8.052367197052352,0.07650917446027464,37.37784970693105,135.69015258776525,0.9960654475189248,3.3892599380089914,0.5183596175780488,8.372113706085106,4,white
6.156497277630423,0.5895584417986023,0.24576566712826853,7.165460050591997,0.10043668746106924,12.085670679120957,87.25172119111143,1.0025859352426105,3.1107989081588627,0.5953877656282829,10.906361229012301,4,red
10.472050597227465,0.9197004220821952,0.09567446400728993,2.3449438354264207,0.14907525600782953,12.469728836385897,27.33839785503034,0.9993878432215705,2.9253137921415413,0.6361691970861543,10.695692316900246,3,red
6.2766728520805515,0.11483165115090041,0.45859967754536995,6.764781695908367,0.04754408875330038,18.64819110776434,110.6084754407179,0.9940540891926153,2.970955353866859,0.6101750884681576,12.54034637075759,3,white
7.239627929521722,0.1730882339301179,0.3389028684815462,5.886916593364665,0.032806119389509614,53.90510558635472,158.028155947815,0.9962960009614971,3.0734461723456676,0.6052639965083808,11.340395004727442,6,white
10.175613199428087,0.513704009185251,0.0,3.6418899264484863,0.06898890266294505,11.046647272719795,30.739878955767875,1.0008805867541526,2.9984987166210586,0.7888846311658151,8.520805137136946,5,red
7.929941954513726,0.5254951474258741,0.2090731511441336,4.516066313403273,0.04022105539184605,11.328886893720831,63.66781634710844,0.9996889699499946,3.0176556309468228,0.5977643068056847,8.504255137214756,3,red
7.3498328596383,0.1,0.24791648180682796,2.600788734793841,0.10267022358245748,32.969720593507034,186.52326665837057,0.9964190751559246,2.9717520583862544,0.6659962727497016,10.022264977803276,3,red
7.281032502745163,0.44217594653377357,0.08814132616994186,1.3417927637986895,0.049310267390851995,26.073943736266465,193.53654781893252,0.9998132141875372,2.9732481424233153,0.5991456289119224,9.203554535795616,3,red
7.570329944277084,0.19226489961907284,0.36125023281253155,3.7999071619020066,0.09104834188573069,17.3863530914875,87.37020053961734,0.9965484990256762,2.8720489203555597,0.48861961609222404,11.315499779262776,5,white
10.626673647804994,0.17605581391231973,0.36770840364338864,0.5,0.11879449743233292,15.514246616401987,85.86689337084637,0.996514378384806,2.9469149818969185,0.7801509658005223,10.363825730876927,6,red
6.786507825097658,0.15421594439946804,0.4616613060458755,10.115533535057978,0.009,28.933993974453834,78.21837376384288,1.0004432387602094,3.1809390562562583,0.4465775417631163,11.535381066276399,4,white
8.187664342299563,0.5881701885532606,0.3755474028050272,2.3154522400736477,0.03041490785250482,11.800141479431774,46.36009927954041,0.9970605193175265,2.9963749400738666,0.46885140572415374,9.691033808924495,5,red
6.6410154699385355,0.41226637703706376,0.18149694186754908,2.441216647369615,0.07514878710535197,18.894337909170098,74.90206952443603,0.9997532731953152,3.1904848028660173,0.5765594984146116,12.33369735884006,3,red
7.104600077285992,0.3782156128430855,0.42586536239636663,4.509529521062543,0.08732731850177106,13.871335406711069,51.641782967059754,0.998661875924394,2.9606987786296246,0.6422767663962028,10.465841956780464,5,red
8.807193242123612,0.2017662528933581,0.3214331237141806,6.577951366314776,0.043571202109821044,57.457993603082905,283.1060531593163,0.9955382768582769,3.2971404325464313,0.39481454413474165,11.8591469493261,6,white
8.504502573910228,0.4719176290084156,0.42416534535340256,2.4802181598851547,0.01,7.708140794509875,60.67052019105214,0.9974662747847924,3.081874490445733,0.43564406093422103,9.280020935995,3,red
7.384899414227055,0.1548475245784656,0.37042116274998454,5.2294423359955875,0.029146229964767546,65.08253452810055,232.8182033122101,0.9945520101811357,2.9428550514062217,0.552973996849735,12.85282972288838,4,white
9.308272138546252,0.5527483243183542,0.3334333936480216,1.9523827721788418,0.08210081496359237,14.312694229352827,61.279041748429556,1.000607894131774,2.9598501328365545,0.8300063657904053,11.86075542653806,5,red
7.791719550112828,0.3287615367277907,0.4669708109638031,7.136341469482971,0.04773962487517749,29.69339773258446,84.2159075614424,0.9961368718900685,2.9248023474385323,0.574632543384133,10.930833326887177,4,white
8.930947984731226,0.6678944501092443,0.4640628261315857,3.06061401932987,0.011576515568184453,8.964280316524592,22.836226642378065,1.0007015489116629,2.904456833154904,0.6983197242470988,11.05033626307836,4,red
6.563904210877788,0.5756731390690233,0.1552436810658464,2.102293015235137,0.11155797329989403,23.105949956970548,166.98952569072964,0.9972645661768841,2.9047222015682426,0.7809756948113094,10.108214238568252,4,red
6.548815944635771,0.32531231087104856,0.32566276833353547,8.779724457556316,0.03854359211031885,49.29255589245842,216.33354372382883,0.9987124302432587,3.1239590440848457,0.32504442937846956,8.079253227265225,4,white
6.842349208818835,0.22048502217335517,0.23019692528160396,11.348785809146221,0.04200184661322039,42.651409750779585,199.36717465304872,1.0015035348277057,3.167334848617351,0.45058139744088926,10.437362993444568,3,white
6.096544826066447,0.3616490342575931,0.30821166549682655,11.091411673747068,0.033584070656951265,9.174583181350261,26.66477203286216,0.9925067781394983,2.8869394814125506,0.48911158098737934,10.335788190170282,3,white
5.703285653346635,0.17946650941402487,0.21709813533527367,2.574771748465087,0.04594091403100867,22.274836575795756,64.96945258376553,0.9938376271343987,3.5564371941814086,0.7430033753658897,8.618939553970753,4,white
6.47948275329611,0.6952969890804164,0.23572558046514253,0.5877612409353019,0.07124525909680732,13.859806990675487,75.44958909723776,0.9944132173246493,3.0719016696723553,0.7897205426755542,9.026347906257504,3,red
7.292695375412897,0.36214824391716366,0.33429305823549427,15.629535634347544,0.013047109154851723,28.164410041415024,122.46941484967893,0.9984841795638191,2.840588419686152,0.42192010629162935,9.2429606627556,3,white
5.433816040232413,0.2458533127138361,0.43477867254100544,6.447379335174891,0.03236827739683562,21.889303223421397,67.50516690112744,1.0016742197426718,2.907454918078093,0.4993577093926133,9.703188266733024,5,white
6.787825469636611,0.6666071461616178,0.45759355815192937,7.8919080280693965,0.01,30.138094774734302,239.58475586462987,1.0005808324446372,3.2419982727129044,0.7565930339418143,11.33087335942975,4,red
7.298079913194841,0.5289072359228192,0.2862104470873546,1.0692194385415992,0.08217457539740138,19.80759568483557,104.97775975435475,0.9975515503843798,3.135751555695462,0.6518434112338448,10.531557750032345,4,red
11.828181357697247,0.39550189775339184,0.2862805606666382,1.1023024080590302,0.01,37.108352370463244,265.8096855196349,0.9959861945591045,2.977696208408444,0.7304654624956873,10.75825297773191,4,red
7.786261217176086,0.44407522582727577,0.13609870441093952,3.8465547104280486,0.05252484441731766,40.59314476330876,235.0034700749051,0.9937728304387724,3.3553244019715414,0.8053817498906772,12.276590583202896,4,white
5.270961189724784,0.45462922006600914,0.2296053180405745,5.789406317409481,0.039713176247200166,31.09736811842898,118.07996920581112,0.9959853490270391,3.2242268350332357,0.5967094584795046,10.824385495012043,5,white
6.394303813863764,0.2758952148298127,0.4802640786665494,10.445983313222182,0.03646450397191682,30.544830286423814,145.8633884924097,1.0060626570633553,3.161693979317439,0.5123044361785719,10.870308262739847,4,white
7.397305176496911,0.6068949851369033,0.1675666864016941,2.931309636049768,0.05385644487080484,15.992362327590186,83.2424744644182,1.0013154813069511,3.1962402933201304,0.7969906257722116,9.727048980637928,3,red
10.277378378663432,0.33338370235893583,0.14161546495929378,2.253732605239247,0.11760992707357835,10.697643994169738,63.84384619791249,0.9987576177504717,2.7823630021736467,0.8355918922955843,10.193429209028247,5,red
5.479241866413805,0.3345169461222244,0.2952390653886123,8.61679589946495,0.025047235527129594,11.223409896080511,66.4468501712058,0.9979714481636499,3.1112671398305705,0.5621732502005511,9.215420518951912,3,white
6.459364605796105,0.5190535477145859,0.33714889331766196,3.186883513548686,0.04361114844083142,36.29863352769324,193.17390944404943,0.9974081789953518,3.412191090165608,0.6240083714881699,11.468915820354718,3,white
8.21820053299362,0.3944666157275672,0.3939157361252476,2.051042537223219,0.009,42.79081689043725,203.56164718104185,0.9924882052712891,3.305042620580055,0.45940145690907414,10.753805114805822,5,white
9.146597095117265,0.8381075264256219,0.16582541366678583,4.84522595288711,0.16002862355112096,19.832126362215075,66.42534394265398,0.9962708796270525,3.135139550206424,0.5225277929181887,10.610601749764928,3,red
6.182285529474219,0.44718358587443896,0.4404688446579983,9.904902077084724,0.024574944618748356,28.24826149680683,90.07217577842401,0.9986255342343053,2.8521537563813815,0.5083082237107902,12.860839333309793,4,white
5.392713732483737,0.48328159803489495,0.17390812619023205,1.6494938105069712,0.10868696714905038,33.3820291321365,196.23326789092113,0.9972862448495133,3.1872220078267435,0.4618189950816156,10.597393230910232,5,red
5.405607872795672,0.47542763908983043,0.10283527283460969,4.382643655700207,0.06302432524449282,9.470217656736102,74.22628071943947,0.9977032557423038,3.1736687498823377,0.5543495211985388,9.69519852611069,5,red
7.879218319562443,0.5233333765312859,0.22411548528455205,1.0361114700030092,0.015547494197951359,6.116187435600951,29.69953427574192,0.9998178843450386,2.9138258468609557,0.9043188754016991,11.506444882912444,5,red
8.468864919229684,0.34564637162074313,0.2263380701907132,2.967665270756881,0.07837973059727399,16.231199365113728,45.7298120810841,1.0004869636095073,3.2367746090880916,0.6257933687583446,9.88126782630781,4,red
9.957703546810178,0.5567601422963802,0.4391728010687594,4.537094411117774,0.1543315475565889,16.536968358805588,118.97035622710305,1.000961534153153,3.0236807663338277,0.6883670920650814,9.693803306101332,4,red
9.137167148813854,0.3450184746333276,0.06151251974975963,0.5,0.0686266162023372,7.2497542306630525,41.48072233213116,0.9986658928621557,2.864927341729614,0.730441554310394,11.232185091085382,5,red
6.843814676272382,0.2714005684354687,0.4720242533722324,5.508108034189661,0.05449104819768992,30.869148581951574,84.37503497661687,0.9988799048525492,2.755150529997427,0.46248057078283944,9.45276967690319,3,white
6.25611703148093,0.5005786352677398,0.5820474733146804,7.033437742845452,0.07036498328259944,95.41642194582161,366.7088484296944,0.9989293822216369,3.1888432882392586,0.39546752558221737,10.523792584518441,3,white
6.194308763848554,0.4308234931581175,0.2418151120031577,5.3194580936626,0.055316083300268576,28.720687370762786,89.02279015322121,0.9928828200996829,3.1629705594137048,0.5572673836163834,10.039957410926323,4,white
7.344111200290347,0.5656239410232766,0.23317303363316735,2.502224443711678,0.09864599750944784,3.044457320100102,11.304528008135437,0.9988141142694644,3.245602426760139,0.5381996068186806,11.955152200242221,4,red
11.28315010937342,0.8719787482811387,0.27454157822414155,1.8352903149146058,0.115863309458311,21.719741288881416,149.52087997963895,0.9993480123972442,2.6524757146362927,0.8660662817226442,10.78274954586747,3,red
8.926744625083932,0.6554517928119324,0.261352673392764,1.809586325719244,0.12702408705157067,17.60317816378857,124.49874531133648,0.9957398987795079,2.8012487484045483,0.8341887702212217,12.065173680644147,4,red
4.8471791026129445,0.15155491377173796,0.20541231234096946,3.020135401339072,0.04719538450823864,54.63767871532758,230.5870075707258,0.9964906417588495,3.2200885137777777,0.5787766618429371,11.272367649039737,7,white
5.9274065133831755,0.08,0.32463566211098577,4.767601884435306,0.022302329824512388,32.56313199295422,162.07555682382824,0.994571271869731,2.9853747360789398,0.36105727203588256,10.56779560970218,4,white
10.473368166432408,0.596535594595657,0.33260665975887177,2.1091963553552877,0.01,8.90479590910248,66.21349348153302,0.9997741133168537,3.0711998309458224,1.1875753489800278,10.53098422504707,6,red
7.924351680793522,0.6359441127957097,0.438585259080681,1.9246388121264117,0.1863774972125133,18.376460481805935,49.898916455042695,1.0015779162672818,3.0803676466548273,0.7277447923838289,8.0,3,red
7.871571164445153,0.08,0.3844842115050757,3.1972729862040934,0.02104919142547448,84.69999057168557,220.79151948387596,0.9992742627643658,3.016997154363843,0.3770119094343279,9.062206859103735,5,white
6.3569504936879415,0.775545277395292,0.36269573412550404,0.5950893812280887,0.15018295577539875,5.196606794517534,19.312463237591146,0.9994640616288402,3.0270067426057925,0.5563078351996056,11.479178016266586,3,red
6.383037776455503,0.5287200767392343,0.34355909211815705,11.210560131538898,0.06517751288335029,44.99714840214637,214.32460783423,0.9986171961886605,3.1590810223623236,0.4444182257721689,9.839888049772709,3,white
6.4162407562394606,0.36085407583221935,0.08587931570719373,4.08432820407687,0.056472237601443764,43.38643259440465,168.09022430415067,0.9993927586725856,3.147616955598349,0.48335532545622506,11.012946485636329,3,white
7.296829538474299,0.249914725103746,0.0,2.876079984569065,0.04285781395090669,55.858146408316635,308.72285102188897,0.9941612941833614,2.6762387659927867,0.4164106124316325,10.348605445225392,4,white
6.325734268259893,0.2861182207144246,0.39365505479268464,2.33632089328864,0.033959666569481795,19.068898842349235,57.52558854315893,0.9942358228298495,3.070063260527614,0.5201931198391263,12.191985013939368,6,white
7.328995717369246,0.5006479464901226,0.33349351927653054,1.730610828699195,0.102442782934834,7.508691452075613,19.486309626258596,0.9988539673883227,3.0415217385361832,0.5378680492535766,10.156688563918845,3,red
8.890888899114842,0.6754504036906062,0.5248804239508674,0.7499327162363166,0.10770442149990304,13.522675380214688,67.82756025558088,0.9972296984225573,3.333236707820258,0.4524558716093706,9.752807275287797,3,red
7.203130145148719,0.11442654895020457,0.372591590807118,3.046454728270881,0.02521262897527166,14.76835977844162,49.07876754229553,0.9941574285737883,3.166805195013006,0.3961823061586607,12.727174706167698,4,white
6.64295233434986,0.4744048675687902,0.36093174640902626,13.16958525384554,0.06193007245513405,57.885781304574756,210.40920026274998,0.9921850172399356,3.1892170389106065,0.4967960005512873,11.8639270638398,4,white
6.639788132893949,0.10571120261829406,0.21851220709276487,2.2630198710653753,0.0653705886201105,58.8986256757586,151.22800187306512,1.0027888051476932,3.000121067922544,0.5030267000590534,10.853638032990753,6,white
6.586253271440414,0.622869059186738,0.39371588594649487,3.155207735632243,0.0700058663621605,17.280722590243485,120.7663251834573,0.9960027682691223,3.1190468663812996,0.5522211112463926,10.630280969484973,3,red
7.78812371749821,0.5230684754898727,0.2989474256864072,4.870595472154746,0.01,4.861711401990779,23.745980861024957,1.0002019446141848,3.245920467413897,0.6602624746300829,9.041628009932186,3,red
6.631435293218484,0.748357585996253,0.0634232716160675,2.0658883172648155,0.09101326467634303,22.794210637235572,80.25855462168059,0.9974252166787274,3.168304575567969,0.3,10.736328639937467,3,red
6.149624152346052,0.20702125125114737,0.2886956305171934,2.9808184791342307,0.04781699137125909,37.28358487272134,177.13834893435967,0.9916661704902174,3.107836566685548,0.5577648836714099,9.874148186246918,3,white
7.58490295129889,0.1,0.09861020467207304,4.0373849896832334,0.06719054587662866,5.658783462277452,17.28055975792162,1.001440144676219,3.0025719701350404,0.7448945423046854,10.974526525778252,6,red
5.970177383929289,0.3915847274936647,0.30306214146438865,7.864162643060375,0.06407385398078062,35.56890559172002,127.29878372121135,0.9930944001668239,2.943556478480955,0.5546322154978863,9.782460785978627,5,white
7.017607409903357,0.1313646698093427,0.4882441626921883,1.9636241587712615,0.040232393757246916,40.82222844712256,122.3869386549854,0.9981578867458079,3.1935475146422654,0.48770274354126103,10.938996668479051,5,white
5.5805462966415575,0.2679553004638835,0.33448983728561565,3.6470461918747223,0.01878039037675819,62.79479811897165,256.4382240312983,0.9924589466875604,2.945136418536247,0.3357799314229077,8.945245992633634,4,white
8.596782281814127,0.34038519862874195,0.3912944658655928,2.4925412381518126,0.09160194566760615,7.5998695973330355,33.39881098498226,1.0010650116375641,2.9455993824716025,0.739108478972839,9.026442666028553,5,red
8.255926361520217,0.30280668676531913,0.1974442809097814,3.5912235134084245,0.011010534312575461,28.3552681655546,164.46977029836594,0.9942351584222916,2.682681302608944,0.35417257736596286,12.909585727764187,3,white
7.976424247257867,0.7475059215067656,0.21684556798579147,3.30624301784528,0.1327707740912115,23.24357263708921,115.95995997643365,0.9997420948099318,3.0129350027516915,1.0162673560932622,12.745404233487017,4,red
6.914011447331343,0.31713790976173895,0.42310770587897584,4.211664712495054,0.016602067995870214,61.28280265730233,290.87960267764373,0.9988435803917336,3.109588872513729,0.5464532155462937,8.843481501308224,4,white
7.397523086035456,0.8208049082386817,0.0,0.80201786043215,0.03147952008637717,20.792074286795025,113.40653996232061,0.9953774363539459,2.8891686161740417,0.7183120332362882,11.352623171483064,3,red
9.138640431497512,0.5052592673670155,0.30705474696534407,2.4207548938978243,0.1028560641183027,10.61195715692479,74.62267707078404,1.0031929858697384,3.0252614452362954,0.9206217003947218,11.337649251175973,5,red
8.680602841274524,0.7367202276554159,0.5466062412078856,6.304347323924214,0.01,21.582974744180387,110.81216326774401,0.9979007631793972,3.0633248191715503,0.6000182360052693,9.76207049271296,3,red
7.229014399174324,0.20384284729070723,0.4200074156528068,5.261155777512953,0.06258606543422693,33.000068744637346,110.12491417255238,0.9977455515105343,2.9966266617897226,0.5609450482430136,11.203181015700622,3,white
8.523829623370103,0.3536775408903168,0.5854987034891914,8.46970554427672,0.05258230368796197,26.80297068299179,80.02671641187919,0.998135398205026,3.0198836382681566,0.46611836782760513,9.988593710921178,4,white
6.779167586226844,0.6911068965337008,0.1655873478268484,2.6825951284040745,0.18071155814393197,27.913627884007255,97.95110415303013,1.0005142524516544,2.9761951863781055,0.9103935517630803,11.103222303591984,4,red
7.284694405275047,0.3328158521711683,0.23378874587773224,7.220999771667057,0.059359610390608275,30.733988283896778,85.30812532200282,0.9972434796017773,3.086411187566154,0.24147962114209115,10.06796241106996,3,white
8.239095733513084,0.543827940390846,0.28684494228267315,2.998438441789109,0.06713242039444263,9.00277767367417,54.95429786582502,0.9987562735196407,3.2576200483783126,0.9733637278414131,11.185304262224749,6,red
5.7015765047780995,0.26759393220637107,0.23805562915855577,6.182426529759618,0.05223648528841761,70.86662599718774,313.0268592424211,1.0009770352360172,3.185145618493346,0.4859850794809218,9.829086513474072,4,white
6.635357417430395,0.3824655190284435,0.30238982860663727,7.692586648617883,0.020808505837384122,26.94248210736528,72.28867289513369,0.9944878679985956,2.8352066120334096,0.555626617495126,10.54797832107615,4,white
4.887216416845353,0.3389917232843665,0.33542588605170115,3.510254915405394,0.04163395833003121,17.85929301819765,102.94403021245935,0.9945657685269225,3.0483638164200357,0.464101109633914,9.780294914209424,3,white
6.0357723680229345,0.280056185546921,0.2588882059263086,4.4468527592118345,0.06129588500554921,66.71936411838585,282.688064730613,0.992370437919925,3.0946488522512428,0.5061856001228571,10.109444961909096,5,white
6.675581250979277,0.46289003262348194,0.5966818021793864,4.184145479520685,0.11512151816896914,16.57899362998075,61.032223419038125,1.0003511513896364,3.193982069331891,0.8410674876844464,10.97384211408892,4,red
8.356044051211182,0.48711325937607686,0.36641307003492096,1.8712184194864705,0.047601639475970806,11.314239720178637,40.06334874157425,0.9943562088780077,3.210163586891567,0.5146597433339172,10.830801691243426,3,white
7.292930328793923,0.6553497405422088,0.8303279408086578,1.6497256055059997,0.06579028504631208,15.796105204978229,72.10371571516565,0.9943460314359982,2.932446193224281,0.7982730738470021,10.812709018636523,5,red
6.001709405788022,0.1724134074511034,0.35577588179751646,8.097629130005803,0.04738770885944328,69.93158460752032,410.0460122104407,0.9991241144438208,3.3769952631376783,0.4672303442466921,10.403364420256283,3,white
6.310011717770153,0.28463835579165436,0.1189053365863176,9.17510880178586,0.026108945451767437,28.46954113321231,108.526334889948,0.9976740665486906,3.0115563837746753,0.5592612814772884,11.84184583171127,4,white
6.927420666123604,0.30988142249081474,0.29621536678111426,16.503798584315696,0.04943915316701976,61.23344233151552,166.70391074443424,1.0030452868042654,3.115124746055513,0.5046322811899656,9.839826121981922,3,white
8.18526373071224,0.169633072903281,0.07441206619112906,2.010609374016375,0.03511193878740332,64.57661762391372,202.22803945025555,0.9913764124684779,3.302160206880141,0.47183304646687874,10.67932938313646,5,white
7.527297392630834,0.25171927348878737,0.1882732469244281,0.8101142562331499,0.009,32.24532494513527,124.32851094367442,0.9939410971207765,2.7983693628950657,0.47225560049491083,11.955886603997184,5,white
7.5668141697460145,0.3410236006004664,0.3494014693203589,6.215051625177361,0.030979657414306833,29.548830859511412,114.58870382444186,0.9968595982175331,3.2154417219245737,0.47734221146285755,9.234961166660675,3,white
10.167920648378225,0.6771979338560516,0.6110901576233412,1.704770720791089,0.1969390607237388,11.857534506287852,45.91246653170268,0.9978990209379676,2.7938031677040827,1.0017256445151528,11.058075895049504,4,red
8.6340859884925,0.6238020371082809,0.16949423546783712,1.5530225607905495,0.09562198908225235,16.522295559749473,69.55658906286638,0.9960142299199247,3.237880647112672,0.6038596911258781,10.084157158147143,3,red
9.358844884990749,0.3937768840574971,0.5246875998401661,2.752618938800154,0.047316562906893296,3.5377542701326563,11.377210887126841,0.9967982496423485,2.92670736480152,0.9077279227612126,9.74148704798073,5,red
7.022576276524949,0.34811469645654936,0.28081157726465955,7.664669514984517,0.07926916803464315,44.282559297552794,256.13027661471745,0.9953957987711948,3.062086444344514,0.41154259591076303,11.094703371011649,4,white
5.816927337025984,0.27135425794269963,0.44516755923327206,3.745589916152801,0.06443923173173753,19.984280123454717,56.301806873630404,0.9940349752306178,3.021409382989995,0.3608931308170893,11.613376414286444,4,white
7.956272490862381,0.6154456819183916,0.4386545309160289,2.574308639962592,0.0985959052688345,1.9874327360327306,8.195047722971085,0.9950272582916335,3.1036128732875374,1.0308667437645953,11.433481869379762,4,red
8.409276032462287,0.5378860649562398,0.5397245708575911,1.3683415239168641,0.13346676053022635,25.718388692549425,156.3397380929834,0.9997488394311459,2.974176957487044,0.3370066439116198,8.864187352349527,3,red
7.614107239950991,0.24216073073061983,0.2841526215174338,8.876248462362675,0.05201747448445038,19.858862477961946,66.39968021107987,0.9949064175843295,2.946196244869033,0.4691181359130191,12.036622364204396,5,white
8.658729694244451,0.7292745204716551,0.11449855347101975,0.898659144165033,0.050280192514363484,49.97319471684604,312.2396519650068,0.9990418571419222,2.9522762976484795,0.7902501915956072,9.736448461206587,3,red
6.546253293709128,0.25926561734640047,0.3725629183247229,10.545157974401445,0.06862653820218242,20.568739389613416,72.2031430945989,0.9972522168814362,3.3166530695890137,0.34942955827878824,9.6471072241343,6,white
6.108907188123501,0.22590727714051315,0.32657682502683066,4.393971107126419,0.038295797332211966,22.550467524245462,77.45213301960538,1.0002781987722302,2.9347931473620346,0.6839467326114976,10.897023453915295,4,white
7.493750222448994,0.4149446682538017,0.41093585093893176,3.3646618928074106,0.04508463510185133,27.879675235191876,94.94883845939215,0.9921570931822414,2.9813420965313404,0.6673629684373314,10.703176468624628,3,white
9.187300661548727,0.8170109113804951,0.250381595571681,3.616278354895842,0.09631218760338614,12.571729452837875,51.77074025438176,1.0007784845974692,3.2767235945720206,0.7853986640101798,12.01783872175279,5,red
7.794320708670575,0.3481953881309822,0.33039310885235784,5.561035865468503,0.05846224065040975,34.75179808494281,115.11120855331914,1.0003084357587857,3.0796988171712414,0.25975810379483333,10.309096002757665,3,white
8.095867287089325,0.18498550931435334,0.3925532846659455,4.520107871528848,0.02655119976749263,56.19461604281293,204.6922234116747,0.9886890211030988,3.071354326507858,0.33660735640910777,8.21543535902248,3,white
5.710582261867584,0.36451077351444383,0.31792567532106875,2.0307903021094678,0.09178229938626702,11.919859343865868,63.01361475509535,0.9947384702772107,2.942155181295359,0.612804821146792,9.779677572239484,4,red
9.405342002529725,0.5784428494241194,0.39169116108815655,4.823873428941794,0.1224802608278445,26.505002132442506,108.39612080214691,0.9994531273076164,3.099123662995494,0.5396469069925603,11.312136547727093,3,red
10.935850837783931,0.3241292826822809,0.6317859520188713,4.710416370109961,0.02957506662131717,28.28053995845226,143.58866152250644,1.0025129522719027,3.2700954595807943,0.615378221883029,9.942356506582735,5,red
4.541069974686597,0.523584533186453,0.05872626510290893,3.0345754855262923,0.11800588918674751,17.230396966314718,51.009636222014066,0.9979416408171559,3.293528624180646,0.3,10.592669884733121,5,red
7.564651080706645,0.3854277888775379,0.2706413462534606,1.408788186346257,0.01,7.598098301354828,24.02848135024232,0.9996629701715617,2.982507376809251,0.9237444202011791,12.246927278354212,5,red
5.809774979445422,0.1645347815096417,0.4024857191254267,4.155049147157546,0.02107657810620599,47.4769940493891,182.49350022131085,0.9999775995444407,3.2491835438794943,0.6128351116016472,11.217801760743308,6,white
7.843283455963359,0.2364821227301217,0.5406217204839256,12.8971581994881,0.11064013747742693,82.3655320756418,366.10813334954156,1.0002427510059093,3.321298965958229,0.413216534489494,10.683606447814398,6,white
7.202341852256813,0.28106788632350116,0.3997345134196469,7.344490833939657,0.04692219688524976,41.57180746722008,191.79174030089897,0.9983357980846999,3.0721244122015494,0.3718239229852089,11.567940115291304,3,white
8.143663232213775,0.31338376190773637,0.30243412878658626,5.022239576493107,0.06255359641798454,95.49915590128077,322.2148632621344,0.9973659742696164,3.295124414905135,0.5073777309975785,8.813126226698346,6,white
9.56599247797849,0.45654092134731805,0.4584792033945228,4.31502390324221,0.02172755965785822,42.596804462778906,199.5959721774741,0.999788044111571,3.0546840553824426,0.4409075377334249,10.066091440963124,4,white
8.041965338439509,0.19948303284140667,0.41884419676369317,0.7333541793743543,0.09557929055348575,9.708999148336307,63.49908226355757,0.997546040912574,2.9189370178000345,0.784433903357034,10.29348490995581,6,red
6.069908349359038,0.19133878124745513,0.340456330265977,2.462055398066818,0.03409152123895457,41.647592382075516,238.53851469116103,0.9960713236647276,3.002568730532736,0.4700734035595598,9.272666110814697,5,white
6.087975112082159,0.23819673053148616,0.7361446631873578,1.9178787536224031,0.08468198747325612,79.76551442532113,320.5113654533363,1.0020431925443023,3.0877002521815746,0.5066840504381543,11.23554730099953,3,white
7.544701457870611,0.5337428673815734,0.4980150017211037,4.969816469182584,0.013026032036263152,5.534817301081381,26.05803249214062,0.9998334247510132,2.969112553617347,0.44531630753937795,9.626123620166176,5,red
5.838376369292385,0.44624411777959044,0.1010442426366184,0.5336815292360014,0.07130455697364796,15.186622978210869,113.4066676433174,0.9998130236559617,3.027095671117548,0.7490718185694599,12.762563309964564,7,red
6.2310872698997155,0.264350360942831,0.46727346844669626,12.144186529470675,0.043488254109269424,33.29960973077511,188.06522682021998,0.9967113388477493,2.96345785149762,0.5922426968302893,10.779192110369303,4,white
8.552321160180746,0.14933919733468656,0.3247648235009108,7.977953444288376,0.03620690872211048,16.02889256653298,69.29401914023668,1.007006789681133,3.2736264540505857,0.36144069972748416,11.160483573995913,6,white
6.1090668788656926,0.3498975818344767,0.4252300941202972,1.7196857703625832,0.021073855552809266,12.66797367395452,73.4158701216737,0.9933763851602075,3.0215426036973527,0.4699304996838304,11.323093343602762,4,white
8.496001551303895,0.33063794986946626,0.4020270050094526,11.639155251050127,0.04538514903187756,36.48435637242232,127.0172511643018,0.9975314533628487,3.1267476426609293,0.4132539741549175,10.823180685415695,4,white
7.043709985647739,0.42112968659596395,0.36327123532393957,9.862835933879966,0.03569632885169211,24.300430509323167,76.45956027861763,0.9983806431261404,2.9221668395779994,0.5113598996153862,8.0,3,white
8.677627411777312,0.578082797182067,0.25468604763361546,1.481191144303378,0.031359395870571544,6.44266020180476,14.818846004215816,0.9973043696044743,3.1320493973691934,0.5358980411130374,10.878084649440138,4,red
8.624868415633836,0.5106856140792388,0.0,1.7756276237883293,0.09955990168989184,5.077710200396117,37.6044096049157,0.9995957471003805,3.0491547790032674,0.6197506186465512,8.0,3,red
6.1925745530370895,0.11107590770172998,0.1063832620910033,9.015291045628139,0.02839250609520911,30.462711802119138,168.34173649869007,0.9960747060593869,3.0848730937850974,0.4843283649845086,11.044295822574398,5,white
6.885357215181302,0.23126470607899408,0.34097897116812076,0.8622912654361174,0.013587836196338778,20.155654289364843,57.49937126198415,0.9999474338296979,2.8830987152169456,0.6462436074208376,11.725635881879606,3,white
11.310361080580368,0.49834055376217945,0.3564007733068155,3.9214263999156733,0.10096085513135412,14.655214367485796,69.402363289835,0.9983256908891804,3.301825190264293,0.7511215683505323,11.116480575196814,5,red
10.843275329531611,0.48457636961726824,0.5122262578429573,1.1063555518091621,0.11457947676528212,25.266557992015017,112.61585056861394,0.9978631909782365,2.9168569759722236,0.7241290297211238,10.216177759311455,4,red
7.451017621302999,0.20169152751650654,0.3895681196374434,3.7323328618295593,0.06593818464387245,23.369043932896773,93.98588298945369,0.9987586322197224,3.110594743652303,0.4441890990993085,10.737248928850555,4,white
6.4020820342178215,0.15640836247633969,0.427271255909516,8.89742790501448,0.03343697528676448,42.505817207707224,198.0875400996793,1.0036572592189323,3.355033268566331,0.4911056729457619,8.0,4,white
5.72412062250402,0.2555298343271427,0.49617450088419485,4.890535355565409,0.033377377891103725,46.10662268420514,229.05276415239655,0.9944848744307089,3.091742000483349,0.5507614912310278,11.116364866800245,4,white
7.503539045401318,0.41965915625222483,0.38135600080277676,2.706395292841048,0.05444041052506936,38.969479773482774,193.30898863087978,0.9986589629300362,3.011107168518036,0.4127557465316863,10.009874878472809,4,white
6.8358168577419525,0.5632192345754666,0.5442900806590747,1.3609383205392471,0.04839021173868726,17.5816725543335,131.73703364852602,0.998775587219025,3.2711991682118624,0.8826682669826611,9.516502059622233,4,red
6.963761756447056,0.24637775857904692,0.5474827551011392,1.8392584803822505,0.0327349282046088,16.347703881842556,44.319305365831525,0.9938527866930009,2.9442179512421474,0.449037409603509,8.59981271866426,4,white
7.27963130883005,0.6007972110909869,0.05172913331985535,2.9813139913393205,0.01,23.024270902592235,116.70124401400032,0.9982407780441305,3.1774799252568724,0.5942451325642546,10.702294807317237,4,red
7.851707825490775,0.37426956674992745,0.4014645986639922,2.7251932042381126,0.03530499772932569,43.60802054520925,172.8167575757025,0.9973907060513056,3.16334101654419,0.31433483167309106,10.99817955913088,3,white
8.848621552574754,0.26379591762065685,0.0,1.0553913514427176,0.05530835624851053,23.230735011394362,140.16043042055577,0.9990442516026952,3.0944196609549763,0.4964356000939166,11.718731563178423,4,red
7.3772631231593495,0.43263124956861493,0.3113590135060789,2.9322131321320475,0.012337119567646701,24.47225764018359,100.83571164803843,1.0016590045952702,3.1089769981929294,0.3401139692275591,12.118644564658485,5,white
4.857257602682068,0.8319861465337594,0.2727118828889225,8.655845816169675,0.18369177765471845,8.06446802366141,16.140591196405115,0.9979973171341641,3.055357915671895,0.6883203985488483,11.397067046141148,3,red
8.035348699833465,0.4933387249681462,0.0,1.4461702256738451,0.05746117180339448,6.98911125547983,54.446502776401736,0.9977935351069425,2.93533067120179,0.43803587100383895,9.660600200209164,5,red
7.290414064517108,0.26422775549301,0.1151817160563979,4.635676929848699,0.03451313590303355,34.02335203353206,91.27500732709835,0.9970610427985969,2.9059360593475425,0.3228535327934807,9.081525511348254,3,white
7.060461847013093,0.17284210594823024,0.7175794952171433,4.046054836897221,0.05641073459816695,44.2359833967429,157.77499141844743,0.9984901336489324,3.3086426251368226,0.5567141888774614,9.643732210873496,4,white
9.175581066720282,0.2775310510760552,0.2105189742006007,8.209997864475145,0.08802768988256446,24.274853559972666,129.35682398704478,0.9996516221056675,2.805398222120234,0.3932901801860241,8.69018411296404,3,red
7.8980822146743925,0.22788326329918523,0.4890984860367342,5.487380412792415,0.023696537698666094,23.416347486639417,121.95963563443414,0.9985544158632746,3.331333425840607,0.38894362029879326,8.74341769901875,4,white
5.950622913158769,0.31193218860729377,0.12080023175201185,6.8865663401430135,0.07156974443256546,25.69649204377903,114.62926385807512,0.9969524049916918,3.0077668831280606,0.53189071654217,10.30041952808438,3,white
8.863147833386058,0.6278480278269979,0.31988665251036574,3.276272587965095,0.11585171826861668,19.314380341068382,53.19116364104732,0.9992526687433563,2.910817515112355,0.4556313775803622,9.569563947202273,3,red
10.900235543083044,0.3776558021016428,0.3580051111008411,3.1759313856840725,0.05421202682137434,8.586269991297117,23.76421641123993,0.9966049688007571,3.2956583417509826,0.8675279425533055,9.799775107467426,5,red
6.951337516211065,0.3176505680977427,0.30372932719055856,3.8411165239045886,0.019087244948696923,23.75694001884599,106.7556796606865,0.9944913710533895,3.1792002510475506,0.45548673602078094,9.497423527629525,3,white
6.293730681212536,0.3134328253533525,0.4453070010018553,4.611302432086633,0.04945486174432889,41.14202265865981,226.9791873328571,0.9969199706022753,3.082493830668233,0.5147857697494556,10.281255952284631,4,white
5.571422303364682,0.19097806579361581,0.39477197163889854,6.94863561630299,0.009,58.24649669020288,160.68748063788834,0.9982731181347085,2.9185526080751374,0.4469536554248249,10.958071976145463,5,white
8.982909927568201,0.35484759064132004,0.48141079124808583,4.848175962507407,0.0403739526434747,7.5291925216016224,44.839859272824135,0.9984506174606935,3.1301206451687915,0.6281575785266332,10.076650168564361,6,red
7.471886847600017,0.4484189511210905,0.11317199930399854,1.7550669405155375,0.04073059166618744,28.807782165725165,189.43753701612923,0.9969705603049371,2.980973132125479,0.575446394559451,9.826974403690038,3,red
6.8901889820966575,0.1606273755724242,0.3015802249241313,2.3501093153296857,0.05704167657693368,62.50945690770371,190.2968739167802,0.9941987406588844,2.998330739441763,0.3589576483526484,9.831515767653219,4,white
6.3991637068751,0.22360835303857896,0.37322377635998594,1.6136082085005152,0.059187702336737695,26.107883751201445,80.80025082247597,0.9986188072904241,2.8831861424069603,0.6181206346324646,9.773197941889785,4,white
6.381594671554285,0.2880915225527121,0.06392293134345639,9.025599664162968,0.024724110798410106,30.265684557114366,111.28862326254226,1.0001531521134803,3.0201072321432525,0.4068090073831312,11.607010555925786,4,white
6.0508845791750865,0.31200775621770704,0.46438399559228954,8.917047267165723,0.04942654197228817,25.614879934073542,107.05407701362323,0.9975011834935102,2.9840327535720546,0.24614345549308886,9.261962016278002,4,white
7.758687894338379,0.282141062840429,0.11952206151093847,5.386439161269008,0.056819157571215195,16.94878468481848,43.730754815458155,0.9959818582547335,2.8464855203245563,0.6767810653374878,10.37911888448396,4,white
7.386381602277386,0.08,0.24455550165507217,4.084858995823909,0.0368918848269551,17.69476656751643,64.76343383859802,0.9959250577775889,3.037999895464628,0.512622013252269,11.24843185221143,3,white
6.965775388311755,0.4298692317328269,0.5109080944568382,12.940284800802775,0.009,19.602095667165308,51.285769274296456,0.9986013826316252,3.210529667531258,0.5736819237798895,9.674850337126381,3,white
10.242798784675536,0.5661978284086941,0.0,3.7028219389839947,0.0396592566525698,17.87145836841389,37.888748851098896,1.0004131288643088,2.871355137168366,0.622911238983359,9.725005637781688,3,red
6.395817576893794,0.505928372027322,0.44573009497444194,4.285901609302243,0.01059568409287645,30.18367118796836,139.37570022904396,0.9949776406554789,2.7331506515637853,0.4697421206503584,9.861015484680248,5,white
6.079938373370761,0.47484253341324134,0.41596888695588513,5.073176527292849,0.03913980483675983,28.862294354060136,155.7483822694667,0.9973587070742836,2.9292035180369043,0.49104790149417826,11.309399038121484,4,white
7.173539609792061,0.4892328622070303,0.3398215164401178,1.2940365681475057,0.07285901386659832,7.13214293523616,52.29184508795073,0.9999358917188054,3.1975374058631916,0.47756294537868993,10.304326292610604,4,red
6.757141774529284,0.19402340892684927,0.22155839922479742,1.6315271966280451,0.01135251379519396,6.4924020277589936,37.9175286978384,0.9947252994922031,3.3635979330373247,0.7360177802245724,10.1520125598413,4,red
8.907091371569969,0.4671336132226829,0.38422928229653186,0.5,0.07505474542451707,38.968330233234546,192.93770641807154,0.9964044350128538,3.0169295551477364,0.48330682699173344,9.16981255139947,4,red
8.774336593809577,0.4323187160478761,0.6212356783263182,3.0767640896438446,0.057510186732604454,11.575632474893435,28.361833720926107,0.9995081157049415,3.301933505879744,0.4420406521073792,11.079147801054795,5,red
7.86064185735567,0.43952280459034476,0.3558592161583419,0.8529605029905363,0.06916753378708806,52.832982023372196,315.8231184361003,0.9934998189601711,2.9777302268492334,0.6002997005089787,9.760822388298177,3,white
6.8724728682926814,0.6520266568410684,0.08688580401998394,4.469808336111149,0.057776840416839545,25.498752277271997,121.40567187096384,1.0007075019200726,3.0128062250750234,0.810301134575338,11.375159682283078,5,red
6.974813236091324,0.2187606215278686,0.5261243153438326,6.614939381249897,0.019998332563816234,16.25102820680721,75.93348251518546,0.9957489995021982,2.7788450056916427,0.43817756740495695,10.864070850237336,3,white
5.1527641839155915,0.40326475043818444,0.5384247327782912,2.946519143680917,0.02760055300737819,21.72760677115949,105.75519162770757,0.9966327331667886,3.0536672450423534,0.6627975121394528,13.702659309867906,6,white
6.925560875081581,0.5987483814016796,0.16539799859659915,2.355522051634549,0.055909841035377494,16.287462715096883,58.91078029201424,1.0018296967679254,3.129439270181923,0.4451822081847331,10.538390948833824,5,red
7.673451448037866,0.40456183122182143,0.12738278002934098,1.7147815510913018,0.04663519456383829,37.1039664646868,159.34302792905623,0.9933876106956521,3.3368038112790406,0.42754769622743816,9.46907522377163,3,white
9.368187365749277,0.6379871713993168,0.4313294010411974,2.781196714819778,0.0711582981559026,17.889043362323953,75.8825475455578,0.9979754074436124,3.1486967047292667,0.6337581076284399,11.1152546603945,3,red
10.984661786362565,0.6911347796049918,0.2702290403188226,2.01328646036735,0.14726037979692616,11.28281341767549,27.21985182357554,0.999443417840382,2.948413599102052,0.939356125706609,11.166222977803296,4,red
7.066235517639109,0.5729064168922613,0.21364458277673834,2.221511485564718,0.12322613390245152,15.6819463102478,97.02078626811586,0.993972820129051,3.080044013657658,0.8782430434153815,10.127346234830208,4,red
5.968598083179795,0.20715259841152484,0.3134198224464121,2.6310643059164933,0.05192731594520782,24.025532275583423,139.58662702819302,0.9968173572497872,3.093712522199317,0.5460053423238694,9.786969275353371,4,white
8.137997594942183,0.20580960785250701,0.40024647037013883,3.4561637948130928,0.11717519857216002,14.993277409860532,58.9299100698595,1.0007594846134185,2.878537684831465,0.7929626124146704,12.657737821676589,5,red
7.057418932098738,0.6703388958084812,0.1589226311751321,1.4831625091774854,0.05989971649308036,12.456263020629997,92.57792543019893,1.0001669717880517,3.236573210357927,0.9607624987702329,10.06843636183059,4,red
9.923741944852106,0.8363986900343429,0.11195378043621551,1.5624322037953933,0.10867783319857288,8.671313457548596,63.6821265122066,0.9956994073992578,3.1673290186762224,0.3,11.026891536086907,3,red
8.28644650976175,0.4306655337393596,0.26737082824209496,4.31992513822741,0.0409179318586708,14.537985989639676,82.81803308633599,0.9963300502374572,3.1176966577704253,0.8203127044565154,10.445334052530802,5,red
7.181531985069329,0.3646335217995884,0.4753836254763847,8.006303137619087,0.04694396117568921,38.18555886577823,149.68631286124216,0.9958602547424882,3.2914161874041126,0.5777334769590646,10.401299896016011,3,white
9.300139251023781,0.6214384388442579,0.22220761165154584,0.5,0.11646687316803822,4.805060371658485,28.837244614528235,0.9995166102837122,2.847761717044406,0.6544573607318558,9.226267434946513,3,red
8.222503772195655,0.7326890451389902,0.2344897299492229,1.4459110135268218,0.10294134621936775,18.95863083916202,57.572393015525655,0.9966914148872621,3.0435450541816564,0.6459070015780831,8.996160548588733,3,red
8.896344814899804,0.28763844075889466,0.43198663754650696,5.014107344715889,0.009,32.15060665486392,158.64448542415533,0.9967326889275079,3.0307705456903316,0.5947955430398987,9.28772888513744,5,white
8.481546795364931,0.3096012053138144,0.46267928733398045,5.0456251809807915,0.05709365937865133,24.645335475939717,137.84229862431098,0.9921553244112835,2.924013947363396,0.6561762225571992,10.364070296066213,3,white
8.566448169335505,0.38943608572807825,0.3738468941234572,2.625386539447468,0.05011623381889,14.383606414171508,55.360144139510425,0.99378638447215,2.9479777603596755,0.5644591361463793,10.43764418638815,4,white
9.330216917287588,0.4865736221686624,0.4685668100761032,1.5217486396813176,0.054793224265756495,14.492813432886585,44.49858235749731,1.0000907011586988,3.1676538191907193,0.6392341181638842,11.457936199688886,5,red
7.502536819657246,0.2962498510249089,0.39656786603870336,1.5188647413501286,0.05313909509215788,14.750133399939463,63.16283297427037,0.996515523274387,2.9280583995355145,0.45200523529842124,11.5818215978858,4,white
7.433106692839252,0.41938584729693495,0.2567701404900503,2.6119372134377663,0.08329799687195857,37.635764423856514,99.48958498183599,1.0018107676203827,3.036002734660763,0.46092156392498584,12.84111479648175,5,white
7.875704891314417,0.08,0.3725792195424767,5.9735641043789265,0.009,46.98687288682302,122.59500176566246,0.9992062625454966,3.0216483316274734,0.5588185184884569,11.244062241166901,3,white
7.0203587339358124,0.3772128131900094,0.2235121549331026,4.133380440951557,0.08882736617204237,13.47075098413511,51.49557428278825,0.9979040402703746,3.0007868450167154,0.6549934101789943,11.389386988901897,4,white
6.598634343349939,0.34901337767224394,0.12343752393671467,3.657902748141656,0.009,23.185852061080517,83.28950607328517,0.9959110565774757,2.9402193424866265,0.40689932077788415,9.250917762632533,3,white
7.392782597353795,0.25229241119440493,0.3066430362502809,4.584156285733405,0.06833754129796192,58.18646877945436,255.44144628044117,0.9959848505441617,3.032718791008824,0.4244960552512461,11.880843929600074,4,white
8.199728988641581,0.22446317431771204,0.27792534035130273,9.539774674772406,0.051248265693919694,33.88645597906273,119.97177527183872,0.9979360203141917,3.0980077370097066,0.3416835344191408,10.162706107775854,4,white
9.645826579736992,0.5040642399701093,0.19645105652986383,0.9092253008352391,0.11465953695427616,7.73015337267174,33.89616561667726,0.9988546715348179,3.0955359362043873,0.609355074240328,12.237935582388028,3,red
4.785348429932211,0.5625838805666673,0.024470087929932466,0.5,0.05527088378885692,14.926249406901832,73.92523457952979,0.9994729386583421,3.033212430229248,0.5116676259481634,10.878374974399943,3,red
9.357076935769234,0.39635529457435137,0.17668078804300014,5.0303427101184575,0.15777218269057602,24.56465041318479,154.67281718952538,0.9986801098578948,2.8281095608441533,0.5708592143595688,9.895296820057386,5,red
7.623536351626387,0.34640862287702223,0.041611225082242576,6.774326621978739,0.03502246765277052,26.155798834743003,72.40012111085748,0.9965502127057801,3.0290963666709354,0.4889691285627159,10.06408375303594,3,white
6.913150062270345,0.19331414178319645,0.4821478554205063,3.810497538483949,0.054387921233295534,27.746519056140016,153.33357123683447,1.0001863057074802,2.6436436599512265,0.36570265421371423,9.905610707347556,5,white
6.752718745066474,0.34320484771210563,0.2889863550094219,11.799361443385054,0.0151193192668884,19.864706550196782,51.67025910283114,1.0027994958121584,3.1486136336815953,0.5100484287940247,9.759898387017682,7,white
10.77100793116744,0.5122988671769451,0.3051007099901877,3.065978421233981,0.09381067455855248,9.192255148036239,50.98550762432611,0.9983074742583926,3.2739674190693195,0.6813426974809598,9.217854642218583,4,red
6.045325129418319,0.4049537639352686,0.5464378315545031,5.4718138103955045,0.04907300323627511,44.88346304687997,148.1232244515111,1.0011523153662873,3.228327497644891,0.5062476402839309,10.016792928069357,4,white
5.653730405009364,0.6037673582471322,0.3173686331719285,3.137263052505169,0.0673725195147217,8.687534528656107,43.098877774023514,0.9982267937440312,3.144393416970194,0.6124353318311727,8.98625493446037,5,red
9.856183600093527,0.7154510217257316,0.17345336244701093,3.0254092059992455,0.104760513576412,19.75392732839752,157.04447917179755,0.9975732751465012,3.0106164764302155,0.4839305447717711,11.19339488828218,3,red
7.8228660526277904,0.20002358722121016,0.2486209148343576,10.34324786858718,0.06271808254988263,22.92445032422958,67.91150065374462,1.0015893969873202,3.1594361268426496,0.5288221177619142,11.446868961699842,5,white
6.358497740603303,0.4455068341826494,0.488289142964193,7.853482182822448,0.06523173718172298,47.757004567883406,125.93066148436674,0.9985935711562284,3.2733191565196087,0.4330018181189309,12.810154660240311,3,white
6.540088051887064,0.5986085092789,0.31548685510172164,4.412179299015218,0.06994904260589391,10.372392923862536,58.13143976127729,0.9984534208788115,3.3143041569481766,0.6363588482602347,10.422136293295278,5,red
6.786901153254731,0.3083149495518419,0.44001219248692475,5.769797793511828,0.020008292245299184,44.35695890661634,153.8003418018976,1.0012241748420805,3.042755051208909,0.6034243478148575,11.063402977427813,4,white
10.052699188243118,0.4309450723078244,0.01428452454008916,3.943085015529727,0.01,11.505696745588804,89.71070162716649,1.0006465140394138,2.936309359432658,0.5484019835486496,12.16450804441894,4,red
5.122594472037541,0.4498688153783592,0.4469530933706605,3.4683551241135264,0.07955667242564102,25.523829982223738,99.14400932587353,0.9979088115052983,3.211418990397266,0.5488633109679485,10.776922246397529,4,white
5.74465697969922,0.6114269233249521,0.1461031111673185,1.6406573673184706,0.14988727665075025,35.83039837553535,224.14178915955128,0.9965948605380195,3.1348886038212087,0.4296150807521263,9.3248784247419,3,red
11.278859753820159,0.8038368893460413,0.0,0.5,0.02067101475702411,31.20546561916506,159.95760443660157,0.9983910348525039,2.7907087882732053,0.4722065168863224,11.40904187831788,4,red
5.125649172594029,0.585767727840865,0.14696705692931977,2.0049732892093015,0.01,14.387831150575625,98.86123663001443,0.9974085022131974,2.8971218505556764,0.5427361173960521,11.657052793334309,4,red
12.487511591224987,0.6192227398350688,0.07958438340152019,6.342103073461393,0.1176827221494299,16.86587227871991,88.61588528678422,1.0013974429862322,2.9221644275768703,0.5551214800499998,13.796045192223579,5,red
6.656140556680339,0.4171908995738063,0.40917349952816245,1.8933008217668696,0.07470005329065568,12.308493494716854,66.64863889448948,0.9998608901404429,3.149239612886954,0.3811840615293277,10.052905930814006,5,red
8.130894462286047,0.3052656345698924,0.3934154270188452,3.757664460007302,0.045210171452797626,48.575669406274166,278.55934040830175,0.9979599223201746,3.2229094168574,0.35725245249357945,10.37995075472328,5,white
9.27339072830547,0.3959175239348392,0.24050078072329775,1.0347275293437916,0.10073327285951701,22.870295668007998,170.4597382794811,0.9976966592408548,2.977547871873265,0.6278767143767068,9.351233269095246,3,red
8.770374358861034,0.3942863740039983,0.11132284869029563,2.5127833327033615,0.10064158858635051,35.1497782593308,156.09509482883414,0.9970797805090389,3.1951097341983625,0.9648294356932745,11.260304072121517,4,red
6.029914590192829,0.5150409969268349,0.14654460689882925,3.5569282977514765,0.07102728303331482,20.19150126084927,141.5387347884192,0.9978317069505839,3.161760419223754,0.9006769233022193,9.11733606956383,5,red
6.844657495954927,0.5455058989483474,0.25793033082308253,1.6931583440362632,0.13832883916790867,5.080893350681447,30.938353142767337,0.998372051672593,3.224763281959184,0.5326440486725996,10.544395758288656,4,red
6.82845184871826,0.24132954587245564,0.0976356870082701,6.069147002326469,0.04050179333353037,54.64586601865394,288.92598863971733,0.9925940225920798,2.829625992216549,0.5457284386946921,9.983188329647742,3,white
6.756359071613942,0.4723374845250224,0.390729425739753,1.2390553928621693,0.045550858787472684,5.755452470295669,40.36542998122475,0.9975039103075206,3.06632721768424,0.7510512174634881,9.045853818903126,6,red
9.951670616622405,0.3789422598789789,0.26173937953536613,1.101396613123059,0.1909823599667774,14.672030613359425,102.22696795284247,0.996556350072055,3.066001607226986,0.47771988792959796,12.502754513204795,4,red
4.873978298390915,0.35301060979994997,0.5413213476400823,1.4021132871399988,0.041540159352393254,17.33706721005092,89.90153525911428,0.9962356239609921,3.1422713878924275,0.3332486818235414,8.585961339652542,3,white
4.981450740811748,0.2903780683596,0.35779156971786036,1.3295924982453173,0.14361594523031432,13.270651429035762,85.6068338228331,1.0002467206900074,3.2143876719170144,0.6043048267688623,10.598100692692194,5,red
5.706716920147968,0.30287555802171817,0.3871895275856718,8.555997301042767,0.03301942868000193,21.014315458590048,64.25955319710705,0.999467926061349,3.1280472410904223,0.45020046131070224,9.797470484881089,5,white
10.0993216276443,0.4901743477545611,0.4836271383753955,2.0254028725859547,0.09488722249976209,15.435807392562705,46.443975285011355,0.9974257932436729,3.0020595461696984,0.7169941991413933,10.595788317563635,5,red
8.133457787797411,0.23670140911868046,0.2703231335730343,5.615102985389294,0.07554149693927752,27.40411849726421,76.16136970833243,0.9916607395489678,2.812056866406934,0.22,9.685655258955741,3,white
7.373815632070682,0.12705722799673105,0.25724152977146914,9.247631512306084,0.0742810109226571,58.95128816926072,319.46536830681237,0.999528198337239,3.1644497954135935,0.35851121854304024,10.42760073309592,4,white
10.155561648268186,0.6284120422762483,0.3888698773927402,2.7580955615276332,0.08893152995086066,26.889083119355,74.19415305054171,0.9991614083889188,2.749748964513345,0.8163052107922569,10.456324301631362,4,red
11.448872913665195,0.22965486670203394,0.08502622205615099,0.7105519149730576,0.09218257337347886,8.655379464865629,54.47534242148405,0.9996721517483407,2.9031643259005624,0.6663399935695126,9.515304045518464,6,red
6.12348252225948,0.5854490971107384,0.459348397010095,2.1036911689463285,0.08438050482500016,23.46755122487658,152.803268126764,0.9961924242433148,2.9409984098411686,0.5639441757206961,10.499674961897254,5,red
6.008084782420289,0.6629858865597505,0.06880755845924591,4.92770102002179,0.14814425111248983,10.568580768375629,55.71942964182778,1.0005880920161343,2.9343887448014274,0.9756634226843593,10.93178803510615,3,red
6.597245983178644,0.5932606773574849,0.08913549259577525,1.0781041257401602,0.14301167828360709,21.485085503991954,60.91294206819262,0.9982286747962468,2.996142668319024,0.3,11.104557350152803,4,red
7.764042284111413,0.47690905790743504,0.18069199192569474,2.044874640467146,0.08405705652519263,9.313358932156575,56.25593714067701,1.0004267236754718,3.0340707053709033,0.6953840997580488,9.681807816303706,4,red
8.634143120069677,0.6914310768557957,0.20896387443759679,1.3342776475942555,0.11577528070062496,23.842547624175104,54.75881243187453,0.9954082276206101,3.0648993600606746,0.669016933325976,12.674434916185987,4,red
10.268788484950116,0.36091962911262426,0.0625768335335303,0.5114189367244361,0.04801314473254517,16.21440589258134,124.5306501616359,1.0021253075561258,2.879000536137305,0.4174589080196728,10.361174491092452,4,red
8.792617256723902,0.5261538870172815,0.07735976906441785,3.765775828132599,0.12480004482852988,4.527669108092935,18.036444662655953,1.0013756834041116,2.8156508782426375,0.6982061603289696,11.575556089024799,3,red
8.60037650014079,0.2883160083399297,0.2357505608012812,9.555533285242717,0.017930838002157674,69.28271838634728,276.65349702089003,1.0005477336690662,3.1188194080325604,0.5550575859253175,12.625058649192528,7,white
7.411370865117633,0.5931134178692407,0.34349361893094854,4.753039842781973,0.11858564244580577,26.423363857805533,196.2421897983219,0.9992258071334674,2.903122039046618,0.5724614982931954,10.468138438476007,4,red
6.590073002390826,0.08,0.31006826843794777,9.32356904705064,0.06383308940926903,70.84723109484602,191.7163348148544,0.9981650502255677,3.051487919641843,0.5762716938300477,8.602229486349383,5,white
7.769886373499473,0.3466024855544939,0.3491625553452043,6.472559009170295,0.06304812020810771,31.773528472262104,118.59525460838886,1.0001511732621515,2.8863316404901567,0.6201713386416365,10.213644342153813,5,white
8.71426825953625,0.5305482836276146,0.34998485943398405,0.5828271922473947,0.06702974280746808,17.94291578006907,135.77153833641,0.9941137710633634,2.66770510349976,0.6935832667685253,11.97150679841601,3,red
10.160125581400614,0.6834992615219995,0.17889633619414377,2.3144229312977687,0.01,19.931403077146328,148.8358761739356,1.0007681107809059,3.2015151842081893,0.5742656052735308,10.156072780191849,4,red
6.055223757756731,0.27079084113302704,0.11258556529175329,4.008112146456391,0.13676269165404162,16.122512021907266,67.49623871628957,0.9974941942224765,3.258256251653087,0.5257758734622254,8.0,4,red
7.065235251876576,0.10070494227158067,0.3787390596156677,17.828562650478784,0.021142462066139477,23.63176803116589,137.1622970219522,1.0031476999420177,2.93383507344846,0.645071928791798,10.943098132021149,7,white
9.182889074209994,0.5272442271488609,0.07441941344540642,0.5,0.11756045249012632,5.42209822241899,42.88461865245139,0.9954326320806791,3.116373351893402,0.8862697533520486,11.072916867330845,4,red
7.4189406289348,0.9038146370409514,0.0,0.6827666643388187,0.14381981056602078,14.387958779299893,47.91023211615953,0.9965171170089628,3.046637892024247,0.3993878465661858,9.126329324891753,3,red
8.884151092266386,0.7957772629506612,0.2077000038625456,2.416693922504013,0.1460827491186103,24.38220829260552,153.8702908921188,0.9971420675200197,3.0726647235227857,0.6510203042803119,10.620495043041732,3,red
7.398148049062104,0.3147410488336668,0.39983250863410325,0.789096336912675,0.06928862906366165,10.713827375126623,57.003747445854785,0.9991430915288873,3.085110713129412,0.3,10.329190122384535,4,red
7.085602589355176,0.7117670760816741,0.1528913324724993,0.5,0.12463597505676077,14.060382206323904,68.25225135131853,0.9960894975509065,2.9835516896660943,0.8116756783776976,11.190456175575042,6,red
9.375093156394387,0.41792311488779865,0.23641290900800144,1.6295691958936545,0.14419753654602208,9.064072447240143,71.03640136970397,0.9985161917074458,3.218551977052853,0.6108690558975426,8.661072196703339,4,red
5.443692746645817,0.3484422720043726,0.4234572922233467,11.509144116152825,0.017426321810859048,36.9228095988141,203.79484059655988,0.9977853308619861,2.999500444725356,0.488035322892759,8.3801225909757,4,white
6.3633652039095425,0.2858755387939084,0.41438900745868945,17.995022333642577,0.013375913094085909,38.92386800119081,100.2805232828881,1.0035991734273846,2.7039214074310767,0.43151980128603273,9.66878438486448,6,white
5.204205358330225,0.41168798384684824,0.47876799695743466,10.252868563034266,0.06306683847621995,78.866502725065,213.39957444492478,0.996643347427833,3.037901474523648,0.39600868431062647,9.287279951218732,4,white
8.67045746652283,0.1499817756690293,0.10879180178276487,2.742868446322122,0.046738135130001336,33.17742161645931,88.5935109182713,0.9949468875001178,2.815187322144065,0.46557778345819745,10.110837737615757,3,white
6.765587944203497,0.26317947093678856,0.432148004462502,7.629457919587545,0.046127272526186376,22.460557530438816,101.16388290972662,0.9984854080900468,3.2255945522310463,0.7745974048944937,10.728947924024146,6,white
9.87450183080379,0.6701049937099948,0.3784164694717109,1.0354779557423144,0.019503698910852338,12.169863465233902,34.55649602475394,0.9967718327265896,2.9655300027525597,0.5844025073304193,11.371584917850322,4,red
5.47244801975322,0.27611737113439044,0.44070983561533966,4.075137617164736,0.054539696735546726,55.35920053089492,144.2127494647526,0.993747934482088,3.0308641535622307,0.3262113747098282,9.40530929761851,3,white
12.924287583202354,0.3313539229011613,0.2712919704663996,3.891268043990658,0.1743226517227377,12.961830792221003,76.15994826194445,1.001164961777462,2.658477189550793,0.6626484323476238,9.841167704613309,5,red
7.871110226172183,0.1365437621532103,0.13142580578457178,10.7621764646332,0.08627030644997302,34.67091236741432,101.15643859999011,1.0012930438899756,2.9394492206908116,0.5443593918366129,8.307707635240822,6,white
7.702296042060748,0.2494837700057018,0.175904456090179,3.552530210604453,0.041028369526250524,13.85356402829608,41.847697686471335,0.9964858942933267,3.128383080323232,0.44759069928465134,9.371919053529778,3,white
7.88989870164424,0.2108541557227614,0.4991389581438951,2.084026681714992,0.06292108640842253,20.93398821729769,78.38654841143706,0.9996987929113536,2.8579189719300864,0.6278247407407426,10.18703736439186,5,red
6.748727114035666,0.12062741440448965,0.38607632415538584,2.6023445781367216,0.09698178284352693,32.89990615345354,133.4043069463691,0.9924471062751752,3.251490994396531,0.6006969126015642,9.215637101142427,5,white
6.298651868303826,0.21516588158560054,0.25508136280820426,5.34025505964057,0.06664910766985246,16.597468899234805,64.97200985140111,0.9986021117896885,3.0915245601362646,0.29104513745305693,9.500874705611718,5,white
8.74152825292652,0.44200710407847066,0.660743277317613,2.8350029105992527,0.07147232502297406,1.8020051672921218,6.136127725259287,0.9996039594514948,3.15057379478135,0.6871738284511751,13.244369689939777,7,red
5.838256619454549,0.1,0.17902088335840322,1.2687675199583963,0.03169642403370702,14.467898753088452,49.780563301860234,0.9942185190703512,3.1805624643061985,0.4454787369364483,10.039965565598182,6,red
6.150885076870721,0.21506819948835837,0.4159045803412308,3.35928432781061,0.030082887600635832,55.08121263700418,238.65963354046607,0.9925410457684561,3.1532112393383716,0.6105529762368332,11.947337507033438,5,white
7.826244744722665,0.20864982250028052,0.2605051149437342,2.634337479441816,0.048511719836738826,31.406399942573103,178.2359874838866,0.9949121823663879,3.079031288685001,0.5566525303757047,10.766109295720067,3,white
8.821573808037117,0.36586029566244993,0.37611464167989916,8.168257756077656,0.048017816894464035,32.863096277550184,185.30403881431238,1.002361244954141,2.9400463101906977,0.4933555295950471,10.418983190966053,5,white
7.534589763214264,0.22185682962828568,0.25516675312732306,4.23775779556743,0.03941333544669065,25.377995034495758,135.70681961456333,0.9947045939311403,2.9174170354236133,0.6709259810838029,12.311968785572413,6,white
8.220643809481944,0.14619470994650818,0.3913803598958752,6.385961531945569,0.02610330729499835,22.0869957144775,93.83381594840225,0.9972869527824116,2.8160340422852337,0.5204604515379674,9.03608292001174,7,white
6.732318948898038,0.7774777554466733,0.3877451747335659,1.3197844848417422,0.08718682295630757,6.092483287538793,47.98178587714587,0.9973091300090445,3.0171225724708335,0.665556659854558,8.768426850312338,3,red
6.844959057438997,0.23509598072675197,0.3393118163809294,5.18864367338535,0.08318995873088847,25.265808779863615,126.2364960520496,0.9972843416270796,2.8886782684520704,0.47642831986221446,10.576427946512267,7,white
9.771783830089207,0.347343788475284,0.0,1.0770315893278481,0.08630973852358194,23.356667313652302,109.98597728817185,1.0016429888655625,3.1208370323912975,0.5346362388727242,8.413154463126114,4,red
8.213584357390147,0.4116091360242742,0.34498647478812133,6.191215003497778,0.00905742201881675,9.375187656869718,51.643909059439935,1.0000475130171136,3.0532598583399824,0.3979217513847498,10.781661279410587,3,white
6.370264513893954,0.23988796938290907,0.4039265082644523,4.300060545097584,0.026742881512997002,32.37303307317395,183.52116562268426,1.0001381347816325,3.045191244719923,0.6046353881898695,11.18236150027554,4,white
6.5130612261682135,0.36099330151167713,0.2673442296063363,7.955673769621017,0.03303884199934343,12.819077856003155,72.75695189605345,0.9994148149755425,3.0382834595323027,0.32078887636563,9.337056786842032,3,white
9.70320779327965,0.7802373588231164,0.31371344424636644,5.198681662901071,0.07129785653755927,11.980169794389969,89.35938978948887,1.0011004803810364,2.875792361781439,0.7964472192250149,10.764759949706967,3,red
8.425961126713618,0.580864391087894,0.19978988352166188,3.306824975580399,0.12823547381676575,9.62507409827815,34.33457421452243,0.9970273321924621,3.3185096612668024,0.5012298757389385,10.960632829900026,4,red
7.413116950966062,0.3763944849079668,0.48923928401854916,2.4264783575044264,0.034672977427116794,43.304691493452836,164.71289104720773,0.997515938837876,3.092211205837256,0.49144592674157445,9.447675521159102,3,white
7.2812029533150495,0.35953302717885516,0.32697083296038193,11.03052524163796,0.011409932846059276,46.59272637850054,239.58280024907776,1.000812881382718,3.112603284842322,0.34415275153509417,10.358438898997578,3,white
9.230065547989065,0.7254612018496841,0.37155607321130457,2.2545305579230113,0.03882838087046891,11.421454177810595,66.3074340669303,0.9942805848816492,2.941939722671116,0.9948494554386904,9.849453465170736,5,red
6.288460528468184,0.5853332056056382,0.37727512591978407,1.6633241849318574,0.07244598882727261,14.196711606081813,80.99712166734578,0.9995499058246335,3.0336513764717816,0.6883529295714592,8.543524651331603,3,red
7.324774588303599,0.7670807121211758,0.04663702493127819,0.5,0.10511723431147675,3.4484806599762075,18.896887360333384,1.0005329627404713,2.786440713156553,0.718210308730615,10.578447074715976,3,red
8.341667296240203,0.4988697092137839,0.2403793461920332,2.2912864478672312,0.13827543370241271,15.887374689081737,45.19358742475242,0.9976423141677503,3.0167226640065836,0.5155155970307786,8.965282471466981,4,red
4.8351882901976495,0.542058329100477,0.0807950749898565,0.5,0.15476485046374766,13.23316879070475,52.88024427859124,0.9968304022214322,2.9298551632277574,0.776640673491558,11.720543778884018,4,red
9.592704915445307,0.6032694116824163,0.3079639824065556,10.860310467516706,0.07151332137010208,12.517830952231058,95.3874686305532,1.0035521608801246,2.9403841027651683,0.45169042578100904,9.9228127542034,3,red
6.842832154092321,0.7805604115420279,0.20208536966601887,3.2799905213736475,0.09095300493075906,19.727058111647217,46.05110404435291,1.001176194686802,3.299519882073404,0.4735690842478273,9.989634721179788,3,red
7.112838251531924,0.10840609274477675,0.438805882062106,12.894444095901815,0.03113434633650877,40.650006972367564,166.31925815549894,1.0004279192127004,2.9143180259317614,0.5133168029214982,10.23948232520799,6,white
9.101496207131193,0.271109963902874,0.4199207706013486,5.07901962197091,0.07897490794357954,17.655049584098336,68.84724454441518,1.003042448271891,2.9664607764985003,0.6627656616121074,11.468528878370297,4,red
8.439882781768222,0.491996557011015,0.3448214866610878,0.7169240330161964,0.06490663951933108,8.302918231788274,32.639434235093056,0.9995013968851932,2.8542254335181574,0.8190646444726258,10.016668480634843,5,red
6.584056568275001,0.15681412889280227,0.2607414194932607,5.545262739916096,0.043834203088111534,65.13048048673392,297.6773643085259,0.995954848852103,3.1001731767057117,0.6731134833294389,11.946763930643291,5,white
6.172382978876246,0.3669681858447286,0.3586674865735554,4.204540917442358,0.055212341882120236,13.430426431154984,99.60885662217343,0.997248575041444,3.201906292473068,0.690644674963257,10.810582616548686,7,red
6.858560639065462,0.4082847553046022,0.3482632535761302,1.3391401950429742,0.06309228080472422,47.78401064692795,129.24911100183223,0.988616196363653,2.8433971116975765,0.5584355071070704,11.567698851376882,5,white
6.412936960919885,0.08,0.3159475132692926,8.331014744523067,0.012270158902028643,65.75832008238035,314.5075705976528,0.9975081884470632,2.76338629468817,0.3542599867186079,10.464067863530701,3,white
8.526048446049689,0.33690625536683483,0.2330075137378305,1.1919714309824092,0.01,7.958347069676247,28.04622494459528,0.9983769873671162,3.1606807844142737,0.8317751200805112,10.159531054267466,4,red
8.417342898561598,0.24673292014871995,0.16482318706903124,3.0539062967907427,0.11193836241782104,22.799451146514663,110.06318962613987,0.9960471735499905,3.031529663699183,0.4777387308942642,10.197930791270979,3,white
9.829319788236527,0.6954337669377983,0.34949566196884996,2.7358282496912767,0.09310210006553751,12.194418729817206,32.409950102530495,0.9991584889537837,3.0987826771927827,0.578826428537013,11.55324206045579,4,red
7.150133086499242,0.49447908434468135,0.3369759439878071,3.6180925509298074,0.11525912421605086,6.2878400235198475,41.06314046161373,0.9965723253191822,3.11602256146726,0.3746171304007505,11.976602027689566,4,red
8.35994803835194,0.3096263174679142,0.41110965948834727,1.2905428921185875,0.1039681818217095,10.346632684095534,59.42767942972879,0.9961291520824676,3.0145271425442908,0.3534752505033292,8.768187452683676,3,red
6.979483094518717,0.2574596006261119,0.4500121076646698,7.6444326142477985,0.042897654193226775,37.19138581339462,129.5226025341235,0.993804803849162,3.098265226737087,0.6716357368877544,10.839671455810695,6,white
6.27334252537927,0.16337717720046424,0.5161347107359697,1.0940457439276408,0.04771854523463623,21.51810280859879,91.58901597726411,0.9988436598975794,3.2280852768668056,0.6503657624746624,10.8646821625141,6,white
8.6116814097552,0.7171828437312938,0.018050939644412733,3.190729548615232,0.13361226623598813,22.784611875206412,149.07751637076666,0.9998148431316672,2.6687999874716835,0.7015561529445671,11.479337472480722,4,red
8.348141239421786,0.7236812849477477,0.20167036223403217,1.3317335907749919,0.09410726216777156,12.167666445556058,62.59322632224344,0.9988043223781303,2.808687133820107,0.7004397309339402,10.758166249587765,5,red
7.483024474755742,0.4992789682264374,0.7832987971353744,6.600844308740137,0.010676065132618671,30.609901304968982,142.84046219834664,0.9964361173758258,2.9381494672231945,0.49855627761748256,9.376518953091063,5,white
8.986886456584717,0.34281693311740447,0.582107861118633,3.596423424212765,0.12885454234933702,21.40325039223692,111.83494981601766,0.9984520204734547,2.879323700531846,0.8109427992187316,9.578625714091014,7,red
6.616088247277831,0.584474383743026,0.04564556509131951,7.218229959449597,0.07405667193555053,13.349480717242827,78.38913515573192,1.0003826191635454,3.1520688227165135,0.5805860812859587,9.594022531993108,4,red
7.134935984328217,0.3017336847682547,0.4757456930405952,6.587045463129734,0.05361076069556146,46.1072013961272,177.31573396744736,0.9973100680657077,3.053135970762233,0.45935359264526815,11.440378955844645,5,white
9.973348077410193,0.524018601683997,0.6915682443551454,1.3672713156583682,0.13457454790233014,15.948827269392968,58.069954327597685,1.000035365792057,2.872944339071394,0.6523950397294126,12.18053485082949,6,red
6.5957000801157255,0.1,0.31963760093443266,3.7640391753401783,0.03212036624052797,6.2254130751857515,46.52486344857989,0.9965558857701802,2.8709356984612344,0.3,11.609871600908816,7,red
7.224864798952546,0.10077337942161405,0.21233444074604368,1.6449847058138811,0.015172411687605098,49.67422174666584,127.4412790755725,0.9954554812579827,3.0499105213180107,0.677085226629502,11.246980001473874,5,white
7.408315547324386,0.36733366506857695,0.20740492059405266,3.563530255718799,0.01,10.231369649874143,70.8692512961084,0.9933570265758919,2.9727483083162753,0.8069719138087864,10.323622524672738,5,red
10.759862403401346,0.8201997130859764,0.600381756852133,2.9521956718429165,0.02824654465536653,24.180282502593315,83.87504334801923,0.9974732420240279,2.846624589463758,0.7252500058513158,11.676800012749244,4,red
7.921541905682722,0.1930631749768738,0.32656385700050006,6.4950653824467794,0.07966378521485146,19.384221951996754,70.05739976961677,0.9961500788814817,3.008782131273157,0.5707929821575731,11.620128489802257,3,white
14.849643534113026,0.8449238137736491,0.2698653670304373,4.841900659501849,0.12400415776538659,6.334288800887043,28.740307671980766,0.9993120925893808,2.8338495291179724,0.5701725487565361,9.665546879837455,4,red
5.867258626433603,0.19816475379149306,0.40210426964682094,8.673290165789382,0.06820027505801715,35.06659619413747,209.06134191412497,0.994165708749057,3.1016443692918565,0.313414219051091,10.343159607920951,3,white
8.686681888827021,0.47643856939520146,0.3013045598349382,1.177689599721821,0.06803842816479616,18.615588281072625,129.74397456240982,0.9972306889999829,2.843753504806227,0.7085758274170206,10.201205480800043,4,red
6.134202329974989,0.39210763684490113,0.28577125088320343,5.100578296528353,0.03414617210426341,67.88370767866527,217.10329103634976,0.9957640035554387,3.148553934469571,0.6357909484669211,11.285909338021842,3,white
7.724098226835663,0.18655891489617216,0.5554418975806029,10.294954830150393,0.026035079623808178,51.113981090081026,276.42246690190353,0.9951299370270156,3.2955064369696183,0.29643271414844896,8.75567226586857,3,white
6.919889391195842,0.28677078100159525,0.24755459208536298,1.2657825924315091,0.0555791443600807,73.9594416455643,267.35997228902033,0.9903131341014823,2.862016884748061,0.5493023271777234,12.216847197168757,3,white
7.527653993575751,0.1458381024254603,0.3467853868527614,5.906433683837337,0.04641310991453483,17.114254735741675,52.65024686910489,0.995827907758789,3.0980383372362255,0.6182973682717378,8.623510694794344,4,white
6.166947666945824,0.33923584078044755,0.41432840059313103,8.491682889816843,0.024685869491230125,65.63079171972834,294.0106202646397,0.9928956202463826,3.06123632071319,0.3888882455884438,10.120833137562824,4,white
4.594423594147784,0.24098718090265503,0.3083069888715091,12.49785905626859,0.0547053451453761,37.14104046335833,210.33330823545808,0.9971235520529294,3.2165855450152874,0.5042753305560381,9.911886647920452,3,white
5.149273472734875,0.08,0.09196422325243417,9.994941583755645,0.05132937311477229,24.807546216774817,108.43670413707966,1.0004031633772545,3.277108979692261,0.5366720245919909,10.480528549554846,4,white
8.135587709820333,0.5083313904883523,0.561149867688842,1.0901892420787385,0.057806509825817295,12.819598318194878,45.19301936014057,0.997843529619609,2.969073128504506,0.5320712405210863,10.383522874027685,4,red
6.121957549419027,0.37484257707181706,0.15241735883769317,4.612790638755737,0.043689966936109326,50.06156981221819,204.11426682690904,0.998140486369968,2.9634585880287343,0.329137569494587,10.427111211735479,4,white
10.113346972301562,0.45145053970521765,0.4159593711600301,0.9925984557056489,0.08580867808673005,15.88031075214008,53.7741754977218,0.9965376910377852,3.1399085402995563,0.5091393789915385,10.503870117686237,3,red
9.37598409018437,0.5768579309788198,0.306880449881138,0.6891930418083809,0.08880942882767778,17.49449117383302,113.5458630371069,0.9973343249986717,3.0092670306874854,0.7265023270004627,10.50176386470113,4,red
7.512189922218814,0.7671309318141787,0.0,0.5,0.1570207236838536,3.8020083696587785,8.15094584886888,1.0009620726992086,3.1692867881317093,0.5729971068987454,10.476489955395659,3,red
5.641056005854592,0.270412869373747,0.4860371454946435,6.538069998822088,0.052367923602714486,47.88907060728056,120.61878406325928,0.9963279889272596,2.9591496336673844,0.2938837482101534,10.62297417843964,4,white
6.088668190027412,0.4168408018558675,0.4412523558997923,3.4184972368539506,0.019521528282965682,12.697346262207908,36.67743783538799,0.9980752841189411,2.872462423906272,0.49043583992331824,12.571602372547904,4,white
10.9962285874471,0.6574595618039463,0.4968807865790008,0.5,0.08893287822616822,42.74615759104479,149.9469431726073,0.9957018482890938,3.0229659589236952,0.7837500361354826,10.502632906824317,3,red
7.98231820492569,0.44304901069698094,0.24781447599890316,2.1102274810234736,0.06559336195922817,36.70401902064283,226.39150429866316,0.9988884533392847,3.0657458060412193,0.6037756924642926,9.681841860506035,4,red
7.944448640469028,0.477871068423802,0.4337238415667514,9.689744807379247,0.03182753403696135,11.899344337134089,36.36649280326013,1.0028204767385867,2.953106915008721,0.45441180322826785,11.324947677453634,6,white
7.461898411079985,0.9787399131379023,0.45598302964854115,3.517564206322026,0.06351313652726975,11.11319483124455,54.51685732116581,0.9992747516771741,3.015831608751623,0.6077773414053396,13.584152543520668,3,red
6.686021888985698,0.6220164679144966,0.25594996253440544,1.2986995493310085,0.09783524500793031,6.9053831549327525,48.63252461157882,0.9948143907427495,3.2447998265972795,0.5928462830454774,10.300354276473076,3,red
6.617671805560414,0.44948205878142483,0.5366402943237862,0.5,0.12428741821324474,3.2507409649598875,13.504958474453566,0.9998161635639974,3.0347663417602564,0.5556882428045387,10.217518048868978,5,red
8.13140103157505,0.4682253904104661,0.23380440986041587,3.6202743147845844,0.02849595691404841,19.028757400499696,82.53333407991686,0.9981340424146687,3.1896152834175053,0.9351243410715232,12.179757257250376,5,red
5.723235004504707,0.6759454891687608,0.3619365637257276,2.19050013566502,0.14245593029000786,18.574758494787517,143.37236635647514,0.9966238615906289,3.3706267414483704,0.43767401585197707,10.561709445208912,3,red
7.444091388002462,0.5891772338546265,0.4064552878845076,2.4916844061265646,0.10529098108050206,23.516377015281567,157.77837893192122,0.9984837328631648,2.9357395850707135,0.5609069658039163,10.676815732247604,5,red
7.6784623852539085,0.16670981072581667,0.3869379235500632,7.7751768903101866,0.03985967116008118,27.37923153449468,146.16101842274222,0.994153068964266,2.8874924797396093,0.4471172640140647,10.335529421503557,6,white
11.857058368665284,0.6175702958887164,0.5881535623360321,4.499822738093777,0.05643516304648163,8.609451473582622,23.65606279222634,1.0012196296280504,2.4916412150279332,0.44328304540361096,9.388101370968709,5,red
6.970171624974548,0.4183490164437523,0.35572732168580223,5.688929497510573,0.0472677007895111,30.33248382296847,117.19983761343599,1.000102853512371,3.062708537270197,0.43367675343147916,8.41520632492297,4,white
8.950096568512887,0.5467120822054007,0.04812188525909236,1.8197117248135295,0.07409369065353937,9.977494200175716,58.68443058190084,0.9984607125508924,2.992986916118228,0.7065391499288721,9.86964312789483,4,red
9.505306387900472,0.6461388054710103,0.06925404787555198,1.3874031716393145,0.05998456837258925,3.639513716715249,15.22832523823581,0.9966141161172953,3.047554729332236,0.6565953765366009,10.550635961814914,3,red
7.542813720958538,0.11428236396984326,0.5339783565542837,7.457857791032222,0.043246151753513026,37.75617307508644,109.86401806528104,0.9979244201473861,2.805179111743343,0.4154956218924793,11.005466687322285,6,white
7.640907348108827,0.23075144215357868,0.21151639048361204,1.815725227376331,0.10820114598776162,10.915459655139015,43.48498338685041,0.9957940365610254,2.9317341666417938,0.7942610748682402,9.758577375204913,5,red
6.554923991001198,0.6646238461011561,0.41155100944668344,5.691922251303894,0.07195527761154606,11.28925531608948,50.292082728942994,1.000109271108597,3.330338442446471,0.6080839347353043,11.25002317147518,5,red
7.773771053166217,0.8790072198304912,0.5419596885479249,1.4011954112397038,0.0500200871258699,10.434638995112763,72.11645593087853,0.9991540317781898,3.1706565196096625,0.7480137444773137,10.416945149713362,3,red
9.590247674838555,0.7545935730812721,0.3205168636338892,2.0421424286106724,0.064713490317327,6.231634228023054,45.78815382195137,0.9961617571234216,3.0164580815351405,0.725342511807857,11.876980382838504,3,red
6.040138321404103,0.304139996626791,0.3022755677206322,0.853411856753451,0.02075142218514953,55.77674954662916,146.5421379630981,0.9909621503756281,3.0832704699552926,0.3402506341627526,10.335865359529116,3,white
7.471614384375691,0.22727569722643876,0.29523753926957386,9.46639278796194,0.04581489934862997,50.367588239256904,163.5431293214032,0.9967782257468636,3.06105371048131,0.509753897825105,12.03203303920758,4,white
6.274784054755498,0.706717787658487,0.5135123210507161,1.718313938386629,0.1260626399057135,9.086427591457829,54.22409112764129,0.9980076689308242,3.159464210584179,0.4528008833529985,8.09230484728225,3,red
8.09517405237712,0.19275828473806195,0.32559322348430697,16.44513337112494,0.055685456664628756,41.8304843479776,217.58573005436938,1.005036349348522,3.184353127160888,0.5385010710589195,12.172194356457029,7,white
7.924360904489572,0.4145333128598686,0.05526129231195448,2.071760886867599,0.09492012990967116,7.766316114738223,41.851977671126555,0.9955257819185869,3.2498753906056854,0.8389166073743874,11.424238905456624,5,red
9.447193136683227,0.19126717181042502,0.0,3.6668671851640027,0.08199313205587809,9.01212265096348,35.70481997063152,0.9954160825582666,3.0814362505306705,0.7652104190370659,9.308701351890416,4,red
6.579422562057716,0.4697404402208227,0.5929919011695124,3.075845092227458,0.03406680426695504,14.142443090036734,89.7370467695778,0.9964181533060441,3.158495273202019,0.5285835089918146,9.267523033284627,3,red
9.151559218961449,0.8024209537835836,0.2863196711957328,0.5,0.11223785775635584,8.513174526125013,61.70529295777702,0.9955552758781263,2.890384526735739,0.8721110896161692,10.111444044070959,3,red
8.069927080255631,0.3815594809751105,0.2451479296948544,10.27822318229952,0.0810007098881903,34.77823111062115,158.84433030196,1.0018655156691691,3.2434763017133688,0.5470936015200669,8.955332183395086,6,white
6.855828716195863,0.16713036663931244,0.22222785542403095,1.9692918189227049,0.05226748979373698,49.010618725634416,229.95285123346696,0.9955063934834183,3.115065805356418,0.524771489841704,9.841253950462669,4,white
6.636101683170079,0.9003491845481058,0.31014390153309984,5.531984082578974,0.04668627260301099,67.88921937360008,262.1123551316756,0.9964572707776074,2.9487927597166523,0.8824406087640277,8.745565910836271,3,red
8.955039545539023,0.6092854528328718,0.1442233862186443,0.9032720192219729,0.07890048263394539,8.936122988348554,40.81074413161595,0.9956724103301142,2.96382557565742,0.49120317839488825,9.595697334994556,3,red
5.972723114483989,0.24178421379476778,0.17617774111445134,7.845486362760128,0.036685695214813796,12.857496821438382,70.26948494599874,0.9994040401979458,3.101958275812285,0.5655745201077502,13.007657955751153,4,white
11.717347715902795,0.45605342816817473,0.5035062954729218,2.5375752578347788,0.07999947713971312,13.69634824075112,35.98478209525905,1.000618593793145,3.042582426804571,0.6854712238590531,11.467974477996975,6,red
9.509745292751113,0.7690749455328305,0.42556775231342353,2.7672685134512887,0.10273739516615721,25.184845978371875,134.5302078321096,0.9945951009731484,3.08072982032243,0.7729570753411582,9.741386206463055,6,red
8.80340447100978,0.5441543342568963,0.39739131727583044,3.1523657794236914,0.10126154775374172,18.223819554134128,119.64573252941807,0.9977355671583478,3.0916051421102226,0.6858943648447748,10.096419642582575,5,red
6.247243069100613,0.28138301997236975,0.32655820096352245,6.411775111394222,0.05745708178414815,34.640545928536646,159.1839325962415,0.9944908862720138,3.2289280686132726,0.31258639717594144,9.970351663563685,3,white
6.524295927850213,0.3219565315988303,0.22782581041797537,4.743806378678107,0.039341457039137905,15.746090422345564,91.51187802192757,0.9986680426750006,3.0737267739987852,0.6594024404516794,9.482718924208525,4,white
11.471816668946087,0.40613293786800975,0.198712687738452,5.796031004014091,0.06856746662371353,15.328071350812502,80.008542223381,0.9994316859116791,2.7770392683073273,0.6970811428457706,10.224156347580688,5,red
8.414781418397187,0.6214104361321323,0.01797029562089425,0.9073572204494273,0.05245156976951418,15.197142707432558,50.57091700834709,0.9998241751901149,3.0417941860527935,0.783460778456064,12.107692302721144,3,red
6.120297044530925,0.21282863431225846,0.27348801626083924,3.9177085236236158,0.058679832387503794,29.977266542055094,95.4507047790527,0.9964596915395575,2.9657294974927817,0.42207650578119893,9.386837818934987,6,white
8.829125262724013,0.605515839903265,0.5461195260309966,0.5707687386081364,0.12566771660152062,8.276292954626935,59.156555756104844,0.9962134705291908,2.9578017954640377,0.4814460871652361,9.33254176248122,4,red
8.261129217634142,0.15168509545833098,0.34495089095304804,3.8367801451969257,0.058966131359930576,46.22856080471962,234.30375605361314,0.9920105243381756,3.059137401625256,0.6115624897601499,9.239132165766815,3,white
4.0,0.6813116047708195,0.3749369881591094,1.4545280452449851,0.13569939127350966,16.919362758147557,121.02223050106723,0.9982339636528927,3.2883040437534663,0.4666004172742229,12.27701775886065,3,red
6.296789974007908,0.36236922388427684,0.5237887111166186,4.2159982581226485,0.009,21.791781614100262,64.34104802946719,0.9939669662215609,3.210223028476147,0.5564324021548366,10.138188792359847,4,white
7.588887656311586,0.4784920994153825,0.24364017969893126,11.12085482327936,0.052936811788953,28.85586715114686,79.40077625922294,0.9994999441728506,3.0500829943457566,0.43370243849828216,11.052765747544585,3,white
6.515454676411017,0.2684153727651747,0.3751962451415779,5.436439536432395,0.04891079845514776,17.661034876061326,81.16967082735633,0.9969156731127633,2.8170571868422565,0.5198302625548264,9.947333312214463,4,white
6.702204363243497,0.6355455233759169,0.22546251793989885,1.02366715874428,0.11576365369998094,4.698376758673806,12.052568214286508,0.9951726083182277,3.092513194467481,0.9239809844338034,9.018601537333442,3,red
8.732515433612063,0.38116153627282523,0.3440266937004718,0.8983433723431374,0.05457394903264053,7.449933117409033,15.724860759562427,0.9988607873688418,3.1552831652387847,0.7792899174542238,8.0,5,red
7.850083383495475,0.35205360071283487,0.6544851816536315,0.8019987916409226,0.10020527609475964,9.757345889954388,49.007642223477134,0.998067542921864,2.8535800713361748,0.6291349833288105,11.110311635415696,6,red
6.772695058707792,0.612794985729041,0.0,13.439311007097615,0.07060807015911683,10.98756437542886,24.463635201934075,1.002673021595376,3.248869211118792,0.8132203559050244,11.486238688665601,5,red
5.78640338217427,0.39777351617635115,0.3233209168531259,3.0101953143400073,0.07989584252869876,8.07080272752293,17.1053311505529,0.9979942268134877,3.191294796847499,0.6775092519594857,10.950823202574526,6,red
7.470672843077679,0.18460838580040795,0.21759151736327806,6.7614183781212605,0.06720692752320365,52.563905105966924,138.84857162388246,0.998059945663007,2.844068219394873,0.6589949331199851,9.906654476615456,4,white
7.595102436264879,0.24557984023349957,0.4974676643646324,5.93359261402332,0.05195019719207225,44.34666632779223,201.0066185305382,0.9952809992946361,3.3563768626633093,0.5791250615532676,9.885883251919621,6,white
6.639207812943928,0.40930975212410925,0.37304096472613724,4.2672775869398425,0.014564944690107433,37.125461980757535,156.5480968457967,1.000198667538514,2.9696808808067288,0.4265018596909079,8.0,3,white
5.7908782461107915,0.1661145032693,0.2546427920524059,1.5514773619127489,0.03762969220541864,25.658309733633736,113.74236550615272,0.9943196437475839,3.08839386224521,0.6407669219639115,10.334989506683067,5,white
7.979097733489944,0.11647341140101314,0.5217055403924343,12.87562801989988,0.0524633071420439,73.15044747078292,292.6227301118528,0.998683637953755,2.9088778580490224,0.44681821549066514,11.62633292363278,5,white
7.420609634829368,0.5063737459233851,0.21701215511135627,0.597175825138444,0.08178236727980723,9.941232009637716,20.419628406399745,0.9969414497342893,3.192429900662124,0.5045069800620497,8.334613984753801,3,red
7.566653114684378,0.4288945060116335,0.3702835898585691,4.74415530991881,0.03739801228647995,29.24926642123649,166.4447890869316,0.9996512136356689,3.0358804983353935,0.6237656897751285,8.748571951133249,4,white
8.293875683546034,0.7015625081676956,0.0,2.641137531416927,0.107832190610005,15.988039947557642,121.62659067792207,0.999773187193517,3.0126794752749606,0.3,10.560832491487345,3,red
7.0710956635643525,0.31215159462275566,0.23892881510169153,5.239497123153043,0.02988757959690824,18.55241720293779,105.0900123920381,0.9956740779263682,3.3542806840789066,0.567396425488661,10.176707258000798,4,white
7.088162169448822,0.7634590183809997,0.3580091954988334,0.5,0.02634543181730934,27.71845641327879,186.21825350217742,0.9992693353513438,3.1860652712500634,0.6306662862224726,8.755207333998433,3,red
5.567278501245914,0.5029899943341453,0.3029349162303776,2.244793419091886,0.06555375747143688,32.69629793650481,217.88201160740215,1.0002801050457242,3.1424066809005238,0.7269475024585149,8.0,4,red
6.078713984321484,0.34282594678874106,0.3768865651107721,5.610024025477497,0.08179659714751467,23.32819668829347,115.94542275737886,0.9959650725731737,3.3167405037980435,0.4938564259658225,13.118721371634592,5,white
7.255429590487224,0.08,0.4451788743290843,5.621516807439695,0.03147271221839744,21.085671123334926,106.48983120362998,0.999956069445698,3.0086442528087787,0.5240175296507676,11.437814070746908,6,white
7.258259226176544,0.7647812437180674,0.34763538846333586,1.1366641362488263,0.01,7.832915333714836,35.77326446372936,0.9981462018081375,3.1004413225670815,1.0535044917719565,11.073976914637917,4,red
11.284079432153447,0.7230513207157644,0.49222209856127697,3.484645155665606,0.10573251109692433,39.601117914060815,167.5906859030616,0.9983107712252184,2.8743613469825537,0.6941793478427969,8.277210195819828,4,red
9.699389992735256,0.3580779357171165,0.30622076234035467,3.7906465119520885,0.12302791365387526,15.319575792053223,52.30291125130415,0.9980272529205937,2.876970873966747,0.7049720339373514,11.946290507733693,6,red
7.01845862009004,0.22185374407395747,0.494156328243024,6.278963350838358,0.03824058250992064,69.97835846563687,242.92033054565005,0.9998477033985937,2.722897433504435,0.4848372241580834,10.104537746405446,5,white
8.350585437142767,0.5338360967609497,0.327210394446431,0.7476816626183085,0.09144185969322736,8.658507226049931,47.03819684772381,0.9975442764615973,3.001807855582785,0.6427740661209247,9.629272787730374,3,red
7.446106182258903,0.28817527464644893,0.2886297578785572,4.699102504859283,0.02216956296993877,35.865538576129595,187.63551954597057,1.000446323108087,3.1011882806790303,0.4846761044308563,11.83149388980114,4,white
8.519676009357887,1.104759362212075,0.39698469285643534,1.9442923068134017,0.11913434823467736,8.292985316430263,37.8758642570045,0.9987147147315281,3.000834206872717,0.4213381302619738,9.038530203895544,3,red
8.906926326140582,0.5447292845385617,0.11221556275425262,5.628149566654344,0.0479798142120632,7.1122488837645665,38.354496218098,1.0026226522875463,2.8690628438603585,0.5708721263580898,10.169310115494884,3,red
7.109794614603406,0.573064435540007,0.2578042463493854,1.0863573892209586,0.022700516898996506,6.420025503290898,45.956935302567345,0.9979150539293401,2.96809115457364,0.8060302436050161,10.918742460091922,5,red
6.856953138421878,0.16570359460814427,0.23740144873536662,0.6044084977202206,0.10143356820419824,29.521283801590172,153.77203593731176,0.9892545262020913,2.8188106488143307,0.5753603145928199,12.460644333933846,5,white
7.859851493262938,0.1560871976097732,0.5641097005528593,10.573491484552402,0.03579646006770265,57.1346513970038,244.660653897769,0.9962379545292023,2.9764691412335185,0.5400396081729151,9.796900420707303,5,white
7.399407653596035,0.48337241375227347,0.18388280228562748,0.5,0.018824160657310893,31.900760156512867,173.95871475298912,0.9989486227554978,3.2989123079915776,0.7269958278547973,8.0,3,red
8.59132607802295,0.4474008326835908,0.19223633675851026,3.745350697524355,0.022838388187730305,32.17843586596541,114.1218297831741,0.9961873966472007,3.04596338224216,0.43160487592983166,11.50048034502636,5,red
6.753381759342616,0.28146673726856,0.4223788957524728,15.526416775286009,0.03542804463665093,46.024322605568365,242.13033853095268,1.0031292017639868,2.9020419167525713,0.6863532770774785,12.712064596886231,4,white
5.9998492036961295,0.19305845684473902,0.07733030025540871,3.6823147634721893,0.06509986055022966,41.93602789305787,156.06312642048331,1.0015852277808508,3.218867383494624,0.5946014330373283,11.474398718660078,4,white
8.416557057170246,0.6059457357623512,0.2737271649618581,0.5,0.07334187156487273,29.717340405564933,82.76440276115473,0.9978829092624979,3.2307168272936853,0.5340406906738692,11.245476981433658,6,red
5.7492269658979875,0.1362512704492829,0.49724586773017515,5.7914251659010745,0.04609764749741591,22.536142623377913,97.70518923099176,1.0026246672486945,3.2706849362537818,0.7114251434377381,10.338881191872694,5,white
6.262929377335565,0.19622861251279422,0.5751650692164382,7.6287629083557835,0.05850374726793814,54.2044515029407,289.93594448899273,1.0026290837254548,3.0226032690115656,0.43217736510317606,9.157738848549773,6,white
8.185076143876767,0.26388147617806834,0.423399062897461,6.173373011239308,0.04906713350562094,39.592910336884884,105.75443946860861,0.9956732517990727,3.122625895354075,0.3977115880997378,10.248242207574563,3,white
7.28283579611909,0.25994271671082686,0.3938434603340826,2.1401045729749564,0.06937658412613397,63.44862594333911,275.67222747862263,0.9969195697123535,2.9990111276327114,0.5167784785664142,10.452943423290805,4,white
7.958415922605656,0.36562393195989407,0.18486975987418933,5.597870123100304,0.019600097237939852,36.632824402625495,121.44145015519696,0.9969943080890308,3.0770301620427953,0.49137287760345333,9.785412009012855,4,white
6.653864190025534,0.4036235123926539,0.2341065690527236,2.760905942612473,0.0736989900894059,66.23064881843356,379.0391504227357,0.9919049289229654,3.1662121509095904,0.5488100185901215,9.981260005044042,4,white
9.937739419715347,0.7140626777617353,0.5703027304479911,2.785972558010335,0.01,17.654834607587972,36.893304818577285,1.0023626222149313,3.011378344037613,1.0826234418672045,11.393018241070681,4,red
8.590471244817502,0.36162103363197284,0.642891566200851,1.3129941963216747,0.08660698077716913,19.76858109960453,127.96239141601916,0.9972833618426372,3.1870205205214015,0.5373785324222323,11.049731826374817,6,red
7.946192174392633,0.5999441488155736,0.60039093612154,0.6815037004317631,0.030166917067290543,10.031696525677319,54.413306023037215,0.9989015440252668,3.37092190771925,0.7113655403634159,10.194334727585263,4,red
6.344243078792715,0.3539401815023205,0.3015649032067025,3.2035768335087416,0.07131836229305598,30.895514174754524,154.53073522641313,0.998734655042258,2.841911490172424,0.2526767787893882,9.146572504625093,3,white
6.82910535352479,0.29561053524822056,0.3132743524488265,2.3056794006826746,0.06127264294479496,43.457314341167276,202.8103550107131,0.997027056223485,3.2346485419647713,0.5121580198309015,10.110507912258427,3,white
6.370183820846189,0.477312466578654,0.5909805248475817,3.4334326300542566,0.03869208853352375,45.76344645148745,141.23472745683108,1.0006090430600032,3.0416364649669947,0.6203231053752163,12.842383718026321,5,white
6.944679387210767,0.2827372478693209,0.306283439249631,7.313843712940355,0.046304385910892684,37.76406992371385,165.95941358015207,0.9944605823791899,3.090583201155967,0.47817453574961444,9.526880130433414,5,white
7.05154472500478,0.23652569368076753,0.12087639578532433,3.463044621102279,0.031334375895116104,23.280845011555204,68.02621525961996,0.9944848004247393,2.8290188687093902,0.5583013712578081,10.70191092282551,3,white
8.173463170529923,0.45272559958689323,0.25826480202657554,0.5,0.13155996620949623,14.688518788519143,116.95936692622867,0.993936030420531,2.906839916076251,0.65099369326198,10.606332272510071,5,red
7.936218964816636,0.4925389656909429,0.23978141002399028,3.1205879246231625,0.01,13.036883173180978,35.584486773593824,0.9966555614148086,3.021090274409615,0.7948771843018448,11.402402103817462,5,red
7.078644823870859,0.28396183428522426,0.4017609932636588,3.670984431034419,0.1335276048785215,17.899637338169896,63.74540938025427,0.999172518094901,3.08055009839946,0.9072327173054034,8.562676593668565,6,red
6.697612159842691,0.2305935714139646,0.3110370623896463,4.493394973417333,0.049370249092277704,36.18192033974542,192.94409969995863,1.003031044137391,3.0402174321162576,0.3250313708000585,8.831033198669756,3,white
11.149943430867982,0.30422790382953513,0.0,4.138555509550136,0.10797148630560555,9.148171049008248,44.397529847074516,0.9974974277044898,2.80752707469844,0.8201235034993736,8.691213596775654,3,red
8.617235509365809,0.41824743231479916,0.3970444129040023,3.5497051063041045,0.010684286640490204,9.271418794297965,63.19449927250356,0.9990851664292366,2.9220108419442714,0.6901544878993275,10.344119869723574,4,red
7.53107925727657,0.7323402895974824,0.5101042687543871,4.87612600583148,0.046805300031378776,16.838562368045555,119.31952105672924,1.0012972661359942,2.788488251013073,0.5964345951706143,10.846678740156056,3,red
5.9909221870264115,0.15743970490442083,0.12523498005581782,2.8073025112085745,0.048548936694523995,22.554650007954674,81.84350900789732,0.9971014727265114,3.240519318545177,0.4732567953893835,11.607716336475033,5,white
7.134236456919874,0.18746636285614732,0.40339629425980067,10.923023035172742,0.03923785296666091,35.37408269292886,140.9232988354706,1.0016502160423237,3.1978962114488554,0.4410830572280559,9.015728174915143,4,white
6.214212018491252,0.1785801929819953,0.15954032570181292,5.463257300915744,0.02262059393838622,20.271282156930607,92.46616537079667,0.9977215970589675,2.934478314660061,0.5002085000662071,9.337245533623742,3,white
8.678949300492546,0.23910008207734026,0.12453691678531265,2.0773529358139826,0.02210558690083625,52.59732029453431,188.77338801486542,0.9956110335277498,2.8840290879842887,0.6663706441208115,9.867061160489454,3,white
7.439344503785476,0.21361104943868336,0.3303893212893839,3.628238081999619,0.024513090703238198,57.45792184729014,258.1844038642872,0.9941007935732677,3.1237273445214098,0.4728582060992299,9.79099762809136,4,white
6.968469403028398,0.7441046880064353,0.2893526960997775,2.706575084601142,0.14336882870362777,14.858311975957378,85.45415207804554,0.9982626500183798,3.251598988726073,0.7175591254506816,10.077108272284061,4,red
7.358796180909791,0.7621554957348942,0.36494017095755743,0.548476399025214,0.04616751150329817,8.02676118159394,48.89098784628697,0.9989965105083102,3.1442287345885953,0.875043805161182,8.771581573941777,4,red
6.995509143090317,0.4923217381126641,0.5452148536796559,9.586328092981564,0.04998866067027552,16.89491968029894,57.32114223159083,1.0017435065048672,3.0268153510963716,0.5534381654484489,11.6041158975013,5,red
6.882739237349573,0.14098175146087172,0.44144613986738485,3.863948889106539,0.04820106981111039,36.54729229639255,134.08643273443678,1.0040065946329586,3.1640102001801296,0.5559045311512382,11.281737661045328,4,white
7.148825090429411,0.7983307046329914,0.20216445184674425,1.1036970998762636,0.08890886208738004,12.546637084740233,60.973456375804936,0.9989274257327205,3.105303621018818,0.6336417279952227,11.864798972964623,3,red
7.4662618720871,0.18233068045272088,0.5084735552727482,10.379983543447544,0.029596349722212183,20.456873364301572,112.70358813124851,0.9995171385442526,3.1079758433761726,0.2524476654593075,10.133016644008443,4,white
7.260774910320144,0.407609882881782,0.3750163286610676,13.61844190255609,0.027248659074031584,24.22724353823219,121.47188481344575,1.0026066076607636,3.134101075629912,0.4296786818402193,9.608664035120091,4,white
7.106783092748479,0.3290197141846286,0.412192192728143,5.599441103808407,0.0553844940592409,16.523398833580224,64.2004902083069,0.9959312611213282,3.002332233553844,0.5316736352158472,11.268895657198385,3,white
8.75398545197774,0.14267322776072516,0.36159267819372337,3.9459546822859304,0.1392462411209093,14.35655602710289,109.43536019029615,0.9987413260627175,3.1771158211002315,0.6663236934791655,11.41748077295238,6,red
5.198765822981546,0.08,0.3975896400988602,2.5443919458546578,0.060853616821742465,21.980389560615723,57.67056076370655,1.001157767753036,2.9624954975570175,0.5681565495834048,9.553697145686412,3,white
5.8913919892086035,0.16542617169479487,0.3240037451027361,7.391406600815841,0.01681843379922408,42.15043193089995,123.32590978112242,0.9957130377114229,3.000581195170089,0.3682080222355102,11.616984150044782,6,white
5.857287758208303,0.16701289834673333,0.37741731997882877,5.9950890249378155,0.04764673986874359,54.912461782475084,146.4002562309338,1.001306608715374,3.019888787980812,0.4217806814133768,10.851763327468667,5,white
7.055672827160245,0.25210080997113427,0.28861847596949325,3.9211399133803004,0.052742039054290514,34.955688532524185,182.84680230825376,0.9977313241579833,3.3301201448291677,0.5994162466453619,9.472837857643375,4,white
7.186314176136327,0.24555132350459213,0.5338263847280665,3.7705470344646472,0.06991214359135801,21.343986593713115,63.99573590360767,0.9947724734359915,3.2555234874349264,0.4736385213720948,9.41220465710824,5,white
7.7767770005799,0.8418526999073166,0.16828633346691763,1.3493298516581733,0.10203105638127613,10.987991563060742,87.29748476494014,0.9982618891288624,3.1507987889961107,0.5752224577823519,8.829412818007189,3,red
7.462315850522552,0.3542890329541174,0.4530071271150275,1.375153197155508,0.06168170570900697,54.18676944830879,141.22744190263288,0.9928853644591722,3.013189600374035,0.5564167977804935,11.154211410757119,4,white
6.654255825736358,0.27050436304968795,0.30646796614594396,4.158966031643583,0.025656770928482293,44.12267556477286,200.7084360319343,0.9974732301023811,3.25265736511362,0.5492052243013458,10.51870148708359,4,white
9.361003688988664,0.3122549462886007,0.40215217393749775,4.334568109172171,0.11834300021856217,10.56491349866148,34.894244511657405,0.9995568146505384,3.0101580103958363,0.9906208690665778,12.825335794285968,6,red
7.510486445820746,0.17468614901004242,0.29285959406882456,6.427058009267608,0.06869876189899174,82.95199689219629,234.64737976955115,0.9992711541393356,2.942266279897368,0.36287943339149104,10.61977640258597,6,white
8.851082799230353,0.42028780361132906,0.16392266675025421,0.6941227210279746,0.1598190235582398,12.326759589524228,84.99208417130771,0.9970524630664753,3.30680413826235,0.9833881338601751,10.751639873833657,5,red
6.392074601794957,0.27675573381064134,0.28743870677125516,1.200884350084529,0.06424291888401647,23.004748096080064,86.99300083345115,0.9942556761680703,3.0118440922896212,0.5604370822022638,10.264558007905102,3,white
6.5171746767610275,0.24330384054718318,0.48428319246864915,4.620194052691787,0.0495334486474137,42.095177907171276,174.08601148626346,0.9955211855014536,2.9613326322365254,0.5108009512443537,9.624789769244325,4,white
6.249478886611825,0.25483105092309466,0.42611442831613855,5.515756426456333,0.04182487740950441,24.7770596194617,91.32418998478053,0.9980157121043425,2.9653284738373085,0.6827666404307643,11.895627963548444,5,white
11.524548070511711,0.6315036416094247,0.03106020680622293,4.480703491696742,0.01,7.6004858105488875,48.477401607327444,0.998609086799354,2.907727249156759,0.4591696560209163,8.798493588587615,3,red
8.711335861662258,0.9035469570725478,0.12386295354041335,4.869818172988885,0.06516100574638653,27.83404139529673,192.5895465323049,0.9957505908698502,2.9465795406890742,0.7872419900452192,8.732920892475851,3,red
6.690654687309668,0.14596158149036836,0.34343721192969007,4.885523836793835,0.09187065287773521,18.91968502993905,59.68513711537716,0.9967432808875033,3.0366696312463963,0.5165103451428597,10.508660575305477,3,white
6.913122515558756,0.5806144563144877,0.2555693055079207,0.8708511529067854,0.06299716516504106,7.935846596264417,29.872417385053854,0.9973602639576318,2.983792163055728,0.5995664173045858,9.450909810031083,3,red
9.483550820182812,0.9961214555633505,0.441432663019463,2.062445012035892,0.01,11.197913378217933,59.53987401621106,0.9995439816865084,3.0108231446472242,0.5061999280504683,11.611913614499054,4,red
6.110698953541281,0.16013998480370595,0.17797110455301413,1.5133506490735904,0.039642500318144515,43.640401481109926,135.825501398585,0.9981984578955837,3.0560158334759735,0.4003191637669765,12.246394721858637,6,white
6.72421819831726,0.63049884425391,0.3529803248293668,5.425592326789992,0.02825520237176496,22.23155286702111,58.20776686415187,1.0043820644648453,3.249783807139524,0.6566824835322107,10.322198210526892,3,red
6.0226525658868315,0.36604009567555534,0.2097177468083397,12.854443879404776,0.022098959026176403,36.23628458076329,212.00452405673732,0.9980767837304452,2.917509064445552,0.3555272852150686,11.176940311680237,5,white
6.51844710413269,0.16671231321525892,0.4673585063097855,3.56360353506978,0.024365712095129045,42.928442308869016,130.8768312217787,1.0014431793265002,2.954941377334034,0.5595757673667986,13.182821617710621,6,white
7.631324019043488,0.46991249184391826,0.18939509665437176,5.433875120621679,0.14717011781772069,6.4361999333245485,24.333992626441248,0.9994129020072643,2.7625273399154593,0.8099527185992117,11.165416717951215,5,red
7.717431090063408,0.4594835331721121,0.31948403003337567,4.8074553895233585,0.08150696296678799,13.60160775139503,84.72135455010901,0.9973710549602742,3.042934387524227,0.5255378403084696,12.910576572049223,4,red
9.054493027848588,0.4030978659634864,0.0,0.5,0.06637010329983185,10.304132519118765,75.84618800550436,0.9995245932477795,3.0061131323433687,0.8386510009609678,10.987814219124052,5,red
8.582968753962197,0.5587741505595321,0.31118735711489953,3.723847545689685,0.12803960761659447,6.629421441071771,32.91344957958806,0.996957790398923,3.2192561541226157,0.6564643688095241,10.95788233513711,4,red
8.868576542977943,0.732806924628965,0.10153062476614313,1.3483286624404254,0.03604054358024967,26.789298453275705,144.01725173359026,1.0015492997256212,2.996796384108315,0.542693321381255,11.275889079479605,3,red
5.418423329659163,0.3620977561824917,0.5183673047089292,2.2466659785981276,0.009,17.351897501335014,44.531603426721226,0.9922818133631822,3.1889586645005146,0.43326375257281097,11.210780762552954,5,white
9.68297926952844,0.6375320125729744,0.03456965562575884,2.4248284007754553,0.12398977877312191,21.741199437924436,113.08768331800088,0.9984195623879455,3.0468504378081867,0.7378626437532756,10.830441352901389,3,red
10.287802503757645,0.5102702352933505,0.3109253360366947,3.737236011860272,0.059231078787348616,4.399012902395462,10.027460402180104,1.0001584313120253,2.7947202995288367,0.9948057148264366,9.638638244586321,4,red
6.449153516523077,0.1804650415653844,0.4763671047505116,4.049499660433614,0.030373795182676286,17.31713235277358,65.04409396383028,0.9933132641956824,3.1129025928108414,0.36627995966380644,9.472670591527294,5,white
7.273225182583106,0.7508479802991754,0.6668041268452858,0.5,0.0706062517209702,30.262126778833295,183.80224859060897,0.9964040608636141,3.059586897601724,0.9484544867858491,8.629106478521944,5,red
8.078756807574937,0.49634516546261975,0.06097069573537797,2.2884648883061818,0.05246422576111315,13.135110369112812,61.76522000820373,0.9962379342520955,3.0132415267909125,1.010317118733746,10.130912408654597,3,red
8.162323275338762,0.2918375885332387,0.5034861734570792,1.9220813863321387,0.08037870711507503,22.002556895255733,124.53852234187309,0.9994610338418379,3.0874175824835213,0.3960834981969155,11.746908506372083,4,white
7.115845684131216,0.11378005042764933,0.3001234609858606,11.816935731833642,0.04975245258894277,51.79230760515939,254.95550710039652,0.9980846636636591,3.0215128446591906,0.5143558767896688,11.407848944624886,6,white
7.732462105055184,0.2138268625727925,0.30858372067026607,3.733594850014909,0.03661069763968465,33.938505612329784,167.8207940159899,0.9971049779867105,2.8767683420790657,0.4752623678590322,10.880222806479948,7,white
8.970568642043105,0.7986839424127139,0.3322860228401862,2.022160968447132,0.026148856507779185,2.4683701548396746,8.813358128927232,0.996805346126364,3.249681569179356,0.7049616681824331,8.0,4,red
6.207530662062277,0.6562110936159617,0.0,0.9988562026408424,0.13511748617617836,9.670769385820801,25.904456895663206,0.9963013966761113,3.0979834878012364,0.6425785320657904,9.34094766360623,4,red
6.006695176146443,0.3859638220644354,0.2889594878069129,2.652630450619503,0.027165631641558535,32.755720358418785,87.47917416817667,0.993387181390194,3.034104765611733,0.3781658186376774,9.173063656728356,3,white
5.475415894142769,0.21168091419868673,0.0939875853035077,2.8038889325887,0.07515726020355099,21.208902316171393,81.28503023860667,0.9956418813443951,2.86562135435749,0.6910446832231174,11.28699611068291,3,red
7.497715828157964,0.49664822140201254,0.14661912271892907,1.2198619575971659,0.027683695908832268,13.43338742055372,34.94626181533782,1.001496277807431,3.4443227777329843,0.7344014569144026,11.329421505942143,5,red
9.563548959838617,0.6407661471223496,0.5515160464678938,0.8154708984334814,0.05985213176034954,7.580785199033589,17.49067640229873,0.9993702550604475,3.1994549273892723,0.6570188955238131,10.901643547222065,4,red
9.717667662733138,0.4743423661310246,0.12370074742248313,0.5,0.11928313549053599,7.506332989446419,31.69114527674388,1.0024255725993017,2.8829169556518384,0.6940001131913824,9.903211302423259,3,red
7.4856657336838435,0.09233048915390646,0.4666722985173539,2.2703292342884707,0.07515679793989025,19.281561835722087,71.68168945611683,0.9959167043978924,2.8575983606136717,0.496151272701554,11.008732846884758,4,white
6.107919011410969,0.3236410238687375,0.471497485948281,17.21250000373025,0.0597116193160864,59.09622974946548,284.58935993503945,1.0067579333083296,3.120096006845884,0.7001479195346756,13.42720113446312,6,white
9.174546017899875,0.4848500570380915,0.05182997513700255,1.3245745083358824,0.06000402482824184,13.201310297883433,73.01118440340879,0.9978371623196193,3.08430886316176,0.7564335883498601,8.0,4,red
6.235879358260856,0.1744160180563032,0.3970609145625774,8.788369455882881,0.0846282367720666,5.3501485751388875,39.51113084225491,0.99718732343713,3.2110272153868964,0.7655209980278803,8.784911044341749,5,red
6.163591214847894,0.19710733709806288,0.2230739379350845,1.7768595950296429,0.09110872632445322,48.661924667044026,173.48163275442434,0.9993339263399031,2.891652687764913,0.4877195319182738,11.46769411471411,4,white
9.370369031270142,0.5879056051152824,0.0,2.8021919397622486,0.08970730462224634,26.658461108602406,63.97412164340679,0.9958877727782388,3.108050482155483,0.6467750047956391,10.052290787543845,4,red
7.179295628365573,0.3285270334348205,0.35196119404487847,2.7603424734026003,0.03944981572461291,46.680641925976694,204.3086639071715,0.9973070258426159,3.140093541915831,0.5546277819070394,12.23917094744241,5,white
7.9399767987217125,0.290567472528084,0.23149592791082463,3.5487353794943193,0.07641242040517868,30.126634554705166,82.51688045603333,0.9931115797485555,2.9624760958097194,0.4876922046844104,8.9519990421158,3,white
8.488568402506774,0.6085382605413258,0.304931413503202,4.752170077884206,0.10091143152761921,2.1716539981817684,7.352460331999234,1.003437062476235,3.1582701976048373,0.6926679201256551,11.392192798025151,4,red
6.57799178236727,0.36641143920499736,0.18123786769583858,6.302135205720983,0.013394387939386625,18.188183701936904,98.44385813662946,0.9996283858777869,3.098330996264922,0.38558651711676495,10.304649981900518,4,white
8.236021005877758,0.43364092652829395,0.3398533656683701,1.2719772182706641,0.021687405469789353,14.189113381328413,44.90735451632433,0.9974459362742817,2.8846372248735292,0.6185838549390575,8.919675985545474,3,red
7.429023468608525,0.3703732784298411,0.17381443401775853,4.6654626948794675,0.06585116674486849,47.32629602425431,169.4729305218172,0.9973134735141396,3.033389779089714,0.37909054663470204,9.063674487998275,4,white
6.182244076189621,0.5875607481456567,0.010996939127366046,1.9004071641832931,0.05377547538053293,21.790293718521387,134.18094098691583,1.0003331112806022,3.1533870009368687,0.4950490856640173,8.11179323009394,3,red
8.952911263196823,0.6493186283601343,0.6024209417990299,2.5424701246525294,0.12534096275452966,3.7066159488779595,8.208265312199645,1.0007726314041951,3.015824735382269,0.4544277117415274,9.803415029028656,4,red
7.927529101024931,0.28581527516778715,0.2604611227620685,1.9962244230781574,0.06235508208296557,35.18829839810366,126.68563620256874,0.9967895869505048,3.0566837275650096,0.7972563698111637,12.097892824518878,6,red
5.706607209427945,0.5978780709023936,0.2861897954304412,1.6960857844222235,0.0771621190187895,8.181157707903777,59.278863671739956,0.9992048558981317,3.0276499097277165,0.6645225306131058,9.957702730577365,3,red
9.389432864153918,0.3712625627790108,0.034065490658491404,3.399879014448809,0.026321139982053716,24.15246379881758,150.40985940315474,0.9968019662337068,2.951539202251645,0.6511581672611023,8.992020599011624,4,red
9.25704770237397,0.5293925976660286,0.15367502044352746,7.010918713565799,0.07853150092547515,29.190800645415685,90.66627925692039,0.9973640860059136,3.228821451855158,0.8458632743736143,11.83468071980856,4,red
11.490552881348712,0.35840085051343185,0.2349401820453886,4.020222683544728,0.12971418333344853,15.821801105475394,90.85595670720886,0.9988377237344301,3.0672274925428065,0.5301705479395773,10.175335461368311,4,red
4.71604383579192,0.19009768862752385,0.1613305307391358,5.432802452123903,0.058216472180299544,30.549217495120082,120.4012027690927,0.9964119204349206,3.091152274141394,0.4717619980086689,10.547183228133399,3,white
9.870874704871376,0.3529418724211534,0.13643062155890276,5.4220367081947956,0.0778039710264779,80.65528737915737,426.7778077652536,0.9976595187521244,2.977956763059526,0.5197709374885959,9.656151743846163,3,white
5.04204813237404,0.32510436337458914,0.22283056792740213,4.409908976851133,0.07301853646318043,23.131993829909934,99.82791268684653,0.9966584762256169,3.0734516362114683,0.44857522377007386,10.015318699936552,5,white
8.791586694643291,0.7578274113556461,0.15811530291964776,1.3104326328963587,0.09838025831667924,28.605561348002972,150.6140019722743,0.9993808386089962,3.108383658977596,0.7125442149672577,9.601904725127453,4,red
10.889150755893644,0.41355138001299674,0.21148730936858237,7.129752143670083,0.01,1.6957740079955785,7.442577390467649,1.0013940822369427,2.869403286115677,0.8607700902706708,9.025912318388421,5,red
6.361743008716055,0.16529298543087467,0.18612887142435638,5.27909342086962,0.04185350998432119,31.923774622510596,148.39116526824498,1.0002506628676036,3.1109452849812214,0.5099760153042209,8.0,3,white
8.079794454019828,0.38430704919703607,0.36528875553827334,6.360737171130169,0.054852605718620516,34.81360740449593,198.0368428879838,0.9995297407509933,3.043268028592968,0.5345458417350283,10.82041240011621,4,white
9.58776310708042,0.6010408753681367,0.2772081887350444,5.150940191713998,0.11118956305624679,15.546028250160095,83.99485682321797,1.000235197444168,3.003525126759744,0.9544713781201861,8.304041885182537,5,red
9.311766943242754,0.6253446957842116,0.4179979356673017,4.983934666559019,0.07171735157618363,13.30229682478937,64.20569232605082,1.002469347523947,3.024867318532906,0.6478060730921299,10.002988744707388,4,red
7.901967173186394,0.600827369375915,0.31052580440085836,0.5,0.13430999861805187,5.510617744351817,42.367390914120705,0.9952770150739718,3.064369608494449,0.7645702054903223,10.456156657417683,3,red
9.466642323636673,0.6440798385677777,0.411396474584988,2.9838172388530686,0.1362255318952934,9.808536341884492,61.92562203930435,1.000886052662351,3.144693020234551,0.42739762835322737,10.023116757167516,3,red
5.749518461681563,0.26701273568826106,0.4612518776914186,3.020817606864087,0.020209785068135037,22.842072013343174,88.74133658601596,0.9943601139876943,3.1427552779643233,0.6496073955244983,9.411145337800205,3,white
7.954822843726913,0.5843225419675039,0.16269293920752098,2.1970451344437176,0.04803186851019987,22.00092289922337,115.53302927565423,0.9960853907880156,3.0874206949817835,0.5823076506251263,8.915384967037573,3,red
7.0839836942580545,0.7034982410230838,0.0,0.6407595768564321,0.07813062396084844,18.053282408368027,40.61222608880105,1.003435204394783,3.046886477191219,0.7158664396139375,11.650978571305851,5,red
8.63466410097751,0.7184776944701878,0.0,2.524281874438535,0.03781274471517672,19.61034206507753,61.345985017897085,0.9959307334810888,2.7902819770361793,0.3304735195854234,11.836020234627744,3,red
9.20066710245598,0.8290266586186166,0.22876676041936964,0.5,0.04411213460348033,13.405219471790561,72.6874426264573,0.9974365645772443,3.3228348365032123,0.6148045997740341,11.731855521505844,4,red
9.158478374266778,0.42529743548924415,0.6455237110579423,1.9848586571529918,0.06253936768657078,3.73244662168472,21.04524597875334,1.0017405411501044,2.92651914563055,0.6926013137195035,10.022486546909137,3,red
10.351065243064207,0.630965500629423,0.21538497131393247,1.2149518436250133,0.06105395008733587,9.759500361103623,54.08514474595469,0.9992414654858283,2.997854853956054,0.6197786623137359,9.682910446737452,4,red
6.419686830120883,0.2562829368874068,0.1884531573979931,3.037952091428223,0.03794536683374236,26.562949663298898,126.48788539792218,0.9984645300522671,3.0124163433867155,0.5486871992456636,9.495997465892344,6,white
6.0214478833783165,0.37408692382732966,0.2685301383381343,1.3668914226192834,0.08213322341042309,25.08347722517808,133.27340160891148,0.993834949392241,3.1940994425181577,0.5615422060535427,11.538041376758512,5,white
5.542983199869729,0.36059371244868504,0.4817153504538412,1.2703281404019826,0.011959871872567786,22.621354873592324,94.45277283833317,0.9977812519832918,3.0347901672613764,0.46582170238314935,11.12645464349365,5,white
6.391372563344094,0.43122951660662695,0.5506175409624722,1.2630992205830123,0.010880866647931933,16.987685630719106,79.07679124693746,0.9966527206443885,3.1284361738388693,0.851247808084628,9.480185348024463,6,red
8.801153995482984,0.27825026543448944,0.4775243020298606,12.398775024181434,0.022135358448506098,10.289586696538061,41.46963139143724,0.9957071501235054,3.0900488896984233,0.5510300586322813,9.46122414650602,5,white
6.787427521226985,0.35543139687865577,0.19488268038331583,6.313014751550168,0.026688899258412172,28.046737223105907,136.63230942067037,0.9958116165178459,2.9000695533076106,0.49438342345653585,8.71764578186147,3,white
6.470718549609536,0.22943116068915495,0.2297713961849941,8.893890295463647,0.03451856489848902,22.378946881977164,97.3014295111384,1.0008235756801778,2.7795210951815554,0.6345710027332476,12.30232625855816,3,white
7.370339799891334,0.5087476651416059,0.09993672996744513,1.764298310599355,0.10641008657967721,20.062049954979496,50.83761712700169,0.9989743778138181,3.101144234805558,0.46751254797736763,12.609535909063084,6,red
7.709808165686717,0.14671813696606192,0.424103411998268,1.203652971693704,0.044804271963195544,21.456506745896878,103.28998262739186,0.9943603938563991,3.0654767424928866,0.5621551184440677,10.678194366961327,3,white
10.51931397216236,0.5318634715718086,0.3965256078903477,2.684826112496705,0.08641657868229705,22.189426009692667,118.69990473393597,0.9984618040554604,2.788385396492821,0.7908695535368238,11.636288753580473,6,red
10.270860665719223,0.44451734180794567,0.22362471000190176,1.712970690090655,0.057376708363365975,36.482989604043176,282.59653878185213,0.9981087752192609,3.0857681273455975,0.7299932682310112,11.903490413392312,5,red
6.218065498764655,0.19916804614024763,0.3431704081530684,3.2875930476732513,0.06773811163868712,59.800022702444004,256.95517493895784,0.9939401657506887,3.276784132036109,0.39071182294916434,11.211628172655697,4,white
9.397139114294752,0.341934345076214,0.0,1.1254076272921623,0.10540709127477982,25.17452804152714,108.17356863317015,1.0017727629995063,3.1671749951903525,0.8014858300576153,11.132698716009136,6,red
10.06381790523843,0.10467216160246912,0.4312018676190041,3.9531733783549075,0.09624688921698818,4.547103373617017,10.239332697844532,1.0062967176962183,3.083006209149702,0.43739820906777493,8.497103732830528,5,red
6.7550926504247695,0.3716724864315838,0.4844149202943612,8.8130664180957,0.03988104455762402,44.028521268094615,237.0228240083073,1.003285541063814,3.129166349225554,0.3461066265330265,14.04802995987186,4,white
11.499441644007558,0.6954612082235366,0.2859270593065786,2.07416433485192,0.01,10.124028779498557,61.383447813025626,0.9974833222271856,3.115944474272922,0.7499495684558325,10.887746256296442,4,red
5.618818373126792,0.3299403486617699,0.4374104203277201,6.032733164694287,0.06692810255528368,41.65548808959346,104.17383971418816,0.9928940625933921,3.239260067338876,0.569889033135488,9.021738905339404,3,white
6.434990603669428,0.17518497002198635,0.35323043940788384,8.767879261318814,0.024996383658755703,46.35290912863444,123.93471127969205,0.9973335377819482,3.062042006324398,0.6267511221059341,8.0,4,white
6.467833877520181,0.5035396397068721,0.15591952250964602,1.92916356761921,0.11089882113892656,13.071526113111446,91.31160244671945,0.99450624309982,3.134042587797682,0.6196855353958501,10.41396094052398,3,red
8.173507257857276,0.4241954153562435,0.33582175946634707,4.904325824689636,0.04888446831592555,37.959036343074075,198.29203386323806,0.9980539851521071,3.1773813366211305,0.547677101413365,9.523748912753357,3,white
6.262685822392397,0.20070687036311652,0.5315674171646527,9.933662975825383,0.04518729389771504,28.408984445896102,168.15049477553336,0.9975265831334036,2.9628281316643967,0.5313175264860223,9.437606926794794,6,white
6.252217039745804,0.3414798410360052,0.5180044465732853,3.8234730739975125,0.04096001772557062,28.489957728026578,122.73373056430796,0.993422982855909,3.5247657750304535,0.4376153731224542,10.636322431173461,3,white
8.177582793313434,0.29695733437023697,0.0,1.6196237564612699,0.10537420811920321,26.070889358906868,55.01307907416091,0.9989828139337402,3.061236745466587,0.3903638173057851,10.023151424448974,3,red
7.37454936830719,0.840957770618128,0.0,2.5651727996388383,0.07351242708391895,6.832978533771918,36.29752699683299,1.0009091566795392,3.239400460456972,0.5350032977058156,10.166856177743666,3,red
8.741800750222321,0.4988470716289035,0.22759157161938703,7.330359753003477,0.10417243334411974,5.126889274309146,31.688139230201354,0.9990124030379571,2.803077879499735,0.4796281982060362,10.534839175548521,5,red
6.837297279017282,0.622448019182549,0.45540517667549474,6.251158154370263,0.08583286461792354,8.827434537522786,26.51033184081273,0.9984842567779273,3.0612496908603712,0.6956964777288231,11.806251984788076,6,red
7.552457200933904,0.556422742157399,0.14924401013316335,0.5,0.08464204442120751,13.016270647864019,86.12752166098494,0.9983511872195392,3.0343951587681417,0.548861736261761,11.64317840444508,3,red
6.739012855636751,0.37922521257553027,0.3512724183010135,5.724792884638427,0.07040617452810427,25.956599099200805,155.68604762372163,0.9972581429653034,3.1242555445604543,0.434847530201498,10.266128625992794,3,white
7.447013025906289,0.6074074964943925,0.038064639076309886,1.2998558914012053,0.06669602922597193,9.058732279928963,31.30960507426707,0.9967260745610647,3.0139211918609514,0.40937018056354973,12.62473559660064,4,red
7.930393461328326,0.23096434034753172,0.3878770109106934,10.981248541866885,0.03391356555310109,26.713550202395883,133.09875201945053,0.9979371666073303,2.8991390147801823,0.5504876450092219,10.864085604716706,3,white
6.350311583580938,0.3274383038981693,0.3735153591017431,7.00590384531957,0.04968830341850643,19.53479823540262,54.95273278771991,1.0010953226496213,3.3281925342968792,0.302578553131716,9.187212952858365,3,white
7.281539080452194,0.08,0.208779993646051,5.390410442661333,0.08104274541618373,29.25899883036697,105.49154055427817,0.9939488614241123,2.801208007172302,0.4677895039690818,11.348282736752305,4,white
4.8309577447535546,0.3263356157018298,0.15569694644252632,4.2419286982985485,0.06145506641939387,73.40978456792983,399.7590964446739,0.9972506843222777,3.264867142391568,0.4629098147440706,12.616245002930825,3,white
5.99006502353922,0.5156128962677402,0.28433523263387384,13.00848005791808,0.0670833197230731,41.89410459172127,203.3710969512276,0.9986127179437867,3.1474066193199546,0.6237923273607011,9.090776445219223,3,white
6.053260133227173,0.33532974244013314,0.2866629078465805,4.56739756491902,0.037376140254670266,28.488455862496444,121.88164441025792,0.9921354809843069,3.2545747152535105,0.5127379807611941,11.666302432584294,5,white
8.115107747623343,0.5515244663145477,0.0,1.160054314038983,0.15299579918471862,21.09088626870777,155.45327416912934,1.001665118810747,2.976291804867564,0.5750709511469875,11.417406136140398,4,red
6.824627351113459,0.24755970800518853,0.1443197176241304,5.717894881473843,0.05415104423821802,35.787742996371826,198.7903384781503,0.9940569478920757,3.1864094889351127,0.5151936256657952,11.860731064367007,4,white
5.890336040086677,0.32288382978052815,0.36222387827144636,8.049997886264226,0.09156576865572844,18.973503172022763,64.53598181722498,0.99416236812518,3.1445440753127527,0.6012155017218117,10.534416834838641,3,white
5.724600084838293,0.23273156115630084,0.19157148034778287,10.670357120521953,0.0685812262969612,25.955484953595363,80.59514220131236,0.999779310668756,3.1429874209844955,0.4278074069967871,11.142765106158196,4,white
6.893337843599414,0.2923193661364798,0.4366802538747707,8.662624072422602,0.04986192936437326,49.271900397349114,223.44420287202072,0.9976600696540033,2.9308884906259864,0.6329434597999938,10.68363810333738,3,white
4.404445131213179,0.2874249582250865,0.2935983697416175,4.4658903243861365,0.056477830379644225,67.29899408272371,287.71903947090027,0.9980840238671961,3.04957885665934,0.8242109774984011,9.049066453213738,3,white
7.771358537587883,0.278621658801327,0.419190252674766,5.388739502405569,0.06310609484153082,40.992680580922666,235.38489801284726,0.9953023847360417,2.735770726317449,0.35477114379644736,8.260778791746612,3,white
7.565572320723865,0.2885681111640605,0.15014102653118536,14.235152868545555,0.02669067670263567,39.49377159370051,150.93644036530557,1.0019799461341288,3.325679014397681,0.47929139062803444,9.905246791427126,4,white
8.480931387076225,0.5258837487862013,0.010243816772553316,2.2439149664619706,0.11612537931576927,15.856741047913715,55.50399369768459,0.9986391624519784,3.0133789585799304,0.9076542066853862,10.465493929854095,6,red
9.473244785908893,0.7453828702996085,0.15043995519837017,0.6670028406049073,0.06097632780263279,9.76579847636128,39.73431492786511,0.996141507692575,2.939327778947463,0.6212615680707543,10.620763537767218,3,red
7.791687504208026,0.4529392710261358,0.4987380430620751,1.1828331682115982,0.039387612953726614,21.09622562641688,46.75396713307707,1.0003212404420274,3.005548107144631,0.8195329057886314,9.245854424948279,5,red
8.938686631187643,0.551605638809287,0.5053998070584931,0.5836568523006596,0.08921972033801355,26.280464478524515,136.4463295648807,0.9981018586822792,2.9710442419438694,0.681597257642533,10.843599505151957,5,red
7.680138977324992,0.23339095957648903,0.2470564047903661,3.212945958323128,0.025848713209966664,5.536860779556764,26.565970938955676,0.9988797026047198,3.004331478278579,0.46867593280729875,9.315059437531739,3,white
5.231700428870319,0.7259747515467535,0.3617106985697504,2.250478523075944,0.1074486818947354,22.048558301613127,139.00748850987608,0.9983515349164527,3.23968031296051,0.7904149732440762,8.664412954214388,5,red
7.666695068439341,0.28980295824436686,0.3664665311142991,9.954681076087113,0.030278518133265476,35.3501892468325,125.71377118574442,0.9988185157620907,2.935903892910782,0.6121337893322935,10.845372596311643,6,white
9.883176202497538,0.40910779377115075,0.11434100665291544,6.281363845537026,0.07218546247031649,7.287532426549791,50.474846479290896,0.9948740858424953,3.261544510253314,0.6583458715235816,9.755025118569934,5,red
6.107066470440209,0.9012544854637661,0.0738204583297675,1.1779663150926605,0.0805181711695604,18.220908665653333,70.27603086057763,0.9977019973064746,3.177699880881284,0.5667182219707945,12.051798080492972,3,red
9.570399128709546,0.49850724379482647,0.1970454583290532,2.1129406453066073,0.14296506745318663,2.5481682162198487,6.020351329933825,0.9966984369758581,3.073617880083255,0.8727599077663629,9.978279907512604,5,red
7.681859239236446,0.6577013270850272,0.15745236842610982,1.5497675751871447,0.0567002302953159,14.712137102864713,108.27275018365373,1.0015912167514103,2.699334059677052,0.32808637160512316,11.79237899280298,4,red
11.008417265286976,0.8671935997191582,0.3478549312323045,3.3801552396419217,0.06718507905979265,27.013435326323453,212.585387603143,0.9967005736010559,3.0272803425974595,0.6315678561943406,10.987540930674141,3,red
9.604639039559945,0.6443309243027545,0.11475316009704378,5.240340782267415,0.06921746151781097,6.145106529225024,30.998157612311335,0.9992435751482308,2.975806074068296,0.6298493867312155,9.942602169133481,3,red
7.514132009201429,0.25753140932969115,0.07922962660001806,5.114416940067145,0.05050279180655556,7.615702606423964,47.85317216546681,0.9974363869721369,2.9384568724889872,0.5708659206252007,9.753824784282106,5,red
6.379451590448904,0.3575144550611431,0.2440479669733119,3.6540618905976325,0.03821848907037719,65.33250310156662,204.533339186972,0.9973272028471426,3.0894351201248833,0.4186709251042126,9.001934625447538,6,white
6.896654765452731,0.4195875205626309,0.36512648706242984,2.3590090267709742,0.06581808622460655,17.761960368053614,104.14206040507705,0.999226035987382,2.8411144950606837,0.820985716148836,10.147483809695908,5,red
10.097107784572158,0.24624941174283516,0.2682329389836633,0.5,0.0890965630484116,13.642216168833789,41.175365682904506,0.9991989296586544,2.761524542736987,0.8308770481373153,8.113133478535731,5,red
5.24212551815209,0.2705987755899075,0.35995512307256744,3.243750310801149,0.057322085279585495,32.48799530043523,140.70664952120885,0.997729030764465,3.181365930798248,0.3416154620810231,9.701522682818311,4,white
11.506516032057903,0.6402993029112626,0.09888206041690495,0.5,0.10419773888199688,24.976246644986553,199.08457457139855,0.9970288457224211,3.213355454292056,0.39090289233803305,9.95946403064615,4,red
7.93713984208986,0.489542227659317,0.1955175984153654,1.6459006898049378,0.029557724937902416,18.124158231690558,55.50088056673593,1.0013202812610749,2.8897898321749524,0.7328995710220652,10.844922855135595,5,red
7.111124220367812,0.29102068792341246,0.2099336838318326,2.5059569474931256,0.05571575149191277,10.7437230157511,51.839060911772826,0.9958511656141502,2.7308103367980063,0.24888161716231447,9.616575947893656,3,white
7.174963009893741,0.6324169542533495,0.19266310054391173,0.643981523554185,0.13224597103965605,27.441392383241414,59.89197050249203,0.9993393071325672,3.2311334221993504,0.5596626445520092,10.10514262118258,3,red
9.407365127219858,0.6910863878499994,0.18410283676171474,2.4085307329615984,0.11833518486035463,10.616964758943437,24.731469269246823,0.9960159646556657,2.99352705710123,0.6924242235232095,9.025575862603908,5,red
5.849710636073403,0.3882084197153033,0.2974046424307236,6.917565965196513,0.0492410148986907,28.777557394193142,82.22363591033995,1.0016180740268867,3.00342503953463,0.36380228097078826,10.782662653545708,5,white
5.449097821627104,0.28408185663894353,0.3925247709080535,16.306018603113635,0.04297959650597193,66.45187585618382,354.42310145127715,0.9986197719370625,3.2011974263311314,0.5177411365767901,11.371246551732431,6,white
6.129527421105475,0.6508412137610838,0.09392732131901096,2.68825881048005,0.09060785866554391,34.39438637407926,102.16084342522792,0.9965466344440913,3.0529596254874614,0.6600802459141445,10.478567478480485,3,red
7.502622516132275,0.3020213185144803,0.5317906051109957,3.432288917092486,0.03427726610107594,32.04044117237639,139.27880366620374,1.0005698125515967,2.9176977804650015,0.584205485660637,12.284939265982228,3,white
5.406980475405046,0.2517522289216775,0.41772050940802274,5.315942690223253,0.04139037560662478,17.327639649201938,46.011605649350415,0.9961033908691319,3.1265192586543424,0.42665757665821885,9.785434333606059,4,white
5.323232818764977,0.5516953034338843,0.2667066653246483,3.135031052903466,0.015095165123325982,44.91130284725811,162.42074811211376,0.9944335024606294,3.0002142004388808,0.5359347219807068,11.908713896825772,3,white
9.270017736608372,0.35730093738977364,0.2104293596272444,4.633499281621251,0.1298560935901284,6.95908224060677,23.392291079452157,1.0019744712756482,2.845995234452803,0.6484133728261456,8.0,5,red
8.377472127836484,0.5141092312967741,0.0,2.6187948038037807,0.0884037453931178,15.85512593779869,84.82978915712415,0.9980388430909546,2.810300143488206,0.6880120099415481,11.257230520005459,3,red
7.882236791053895,0.3387691649335617,0.06296972290494623,2.668195263363861,0.13435629208984845,25.275112457830183,131.24523740242313,0.9986393345876413,3.075228261175878,0.3463703366175221,9.12940124731518,4,red
6.365291830309589,0.2002334630952557,0.3534355987148223,7.794381871098924,0.03825121898425595,33.149438545952286,152.21865024498365,0.9979701735353452,3.0009183563452204,0.56765531480382,11.284316020735162,3,white
6.241272460403824,0.5034315344662397,0.09544956281764208,3.1321805885678624,0.1339865957534757,2.423285460927823,7.1675443001374575,0.9973887620081922,3.228739053109406,0.36220149414571995,8.849496231551631,3,red
6.576060145667223,0.2524329249508286,0.3886961384489444,7.229352867263426,0.034139565464563724,25.387249192879104,118.56858432442111,0.9948558509808485,3.425770544598999,0.5910053968525515,12.434774568028443,4,white
10.604584359968417,0.3861454388029544,0.043963334772831375,1.1047849472618514,0.09677858649573054,13.787491500739378,103.86648467920459,0.9977425048686441,2.7472317339989023,0.7356165096633278,12.842528683673308,5,red
8.907736444630036,0.1016676514811424,0.4950682069436799,3.4687407275371873,0.04817551874881404,32.684225937680154,145.12928728047035,0.9967201205615702,2.6335913965746824,0.44653458805111645,9.850597083857398,5,white
6.6987673980865186,0.18373243059105132,0.28273697193969427,14.78677975275211,0.04831351960072666,24.950393272923645,80.69933058767596,1.0010230624874228,2.829993168529735,0.5763551725204092,12.615809915247203,5,white
8.763227776380475,0.08,0.31248564026051595,5.313559980310552,0.04674029908778169,29.069552222727232,78.4136724893603,0.9969442381710303,2.9833435780583946,0.3103218847461531,11.25566246894271,6,white
7.485403795663008,0.6689057679167021,0.43167061281191477,1.725369455658401,0.06752448489985635,19.611355070971715,127.25751028967588,1.0002702820838236,2.9609967836302924,0.3251175451150982,12.801426342075336,3,red
6.525404142090609,0.3580157717256663,0.4426491810067887,4.7380616894702605,0.061974805469708225,32.001937650393046,155.1566942292005,0.9993645551619696,2.7356852236223306,0.5857605788920562,10.460593979212863,4,white
7.106509740408502,0.6609733178546564,0.3882193573682464,3.7474600136900302,0.11535853912852403,37.09759059970168,285.08991646428217,1.000757685967851,2.870865666613212,0.6466825584660605,11.969865272759785,4,red
7.866538730384547,0.35012559818691613,0.431153100406667,3.2452972703242255,0.01,13.597853715756465,61.22151303181216,0.9972617939797086,2.760260837854481,0.4415837874791547,10.728566328553393,4,red
8.492979486927123,0.5540373628608108,0.0,2.9598224830939746,0.06706712066754733,5.55710354902804,33.544242285747345,0.9989873481568986,2.86093701393505,0.4857031767861508,9.543441040562433,3,red
7.576009071702433,0.39572892423540373,0.15438766127782266,3.0577899620783353,0.04526355417280807,19.980086233833525,93.99540897233999,0.9983271818700344,3.0247173833657186,0.43349860830062775,10.708867247211625,3,white
6.8937073959610515,0.563004785560248,0.3476440341813275,2.178736579504169,0.20690518986762443,10.459787586136446,21.2546529176439,0.9962433876163561,3.089827360861438,0.5936192505195387,9.399687227718012,3,red
7.942062166313617,0.3086828245001877,0.4984033388847706,2.0258058586798233,0.10863421095706809,33.48259552289768,184.82738030874333,0.9991063502945425,3.006120296832028,0.6467946525610225,9.982613920299162,4,white
5.406573786693207,0.20455623901962391,0.42348354455756565,10.896429543819444,0.06919202962202076,46.93437559942467,134.86648069943143,0.9987744260447672,2.9363916296523476,0.4681560544268994,10.077899037829598,7,white
12.474010237848521,0.37408852732138986,0.11092013810055695,2.8492742797747987,0.09872040328819964,9.634468109183352,62.034203534614065,0.9980811443606025,2.977519769242936,0.830211311375854,11.280836201708654,4,red
6.430293836152583,0.15645521678771473,0.2999171212564129,7.285733353076445,0.05028182871418304,33.23923820083656,157.6257836589302,0.9926782881981527,3.0723119228982188,0.388734996108345,8.0,4,white
5.038088933991631,0.49567716786259763,0.1666183395983034,1.2175049007218648,0.12506797022756785,40.20399193152707,175.15728959796752,0.9999450035540678,3.239805920281494,0.5379062107140206,10.083759921863017,4,red
8.103397919939992,0.7241625500176332,0.17042320439242745,3.233674782102092,0.05360508627166823,10.66942223260951,35.834082841078,1.0014961166534981,2.7624221259196013,0.6305523566701999,10.379497918846228,4,red
12.023774563876964,0.3236578292566362,0.3739526318832899,0.8205791614431271,0.06973607060657964,10.632069386465329,80.32007618414121,0.9951069034509962,2.911732668127202,0.7554455583461919,10.11008889278181,5,red
5.957962074472945,0.5387948126586268,0.08827708840457835,5.627915236138131,0.0716468503528412,12.84066991477237,32.53282771379774,0.9985029983278617,3.093533583668232,1.0729189054730737,10.49306851808424,4,red
7.149232599479871,0.618925433530893,0.14495786707570124,3.3009962373680604,0.06381063476363516,17.90359510739257,114.86252590947483,0.997819448159034,2.89961127495734,0.34251413080541143,11.029603635735416,4,red
6.94527806570019,0.6143793660935043,0.3522623668185323,6.26056271024361,0.14692393695497846,6.222921797303024,35.68904899488112,1.0009453651510192,2.975342700712207,0.8479318298981595,9.410354549488696,4,red
8.914781242580979,0.4458137837638596,0.5403221458589886,5.217710731638348,0.05756430315718192,5.194930090176404,30.270509967652398,1.0005774875668023,3.006792855618576,0.5836768312901705,10.854829777467518,4,red
7.308085640300115,0.4679187885073131,0.36046988632017657,2.6310048600451372,0.09421894730511784,42.44913583677209,166.56431893549194,0.9889297940648434,2.9278005225011983,0.535541423613916,11.874001774226382,4,white
6.858418676001931,0.08,0.3147431502256665,6.796331770100055,0.07944611575542232,27.974220758197326,149.8546693093948,0.9991314841288165,3.289286899358108,0.5459614791787928,10.197096333911555,4,white
9.120203105913415,0.24730989134782816,0.5308412101885407,1.926145724705216,0.22869145033720387,10.522309049185079,75.5309513000447,0.9975285016514421,2.9510645380640232,0.8507106736378718,8.464715562338009,7,red
7.752495422450353,0.3090305932753414,0.5643138287840856,2.8440558420863433,0.027823915581254924,11.226690794022824,88.8962274617316,1.0007468897312557,3.081214042877573,0.3,11.805650771129143,5,red
6.911209359321699,0.4768135427547512,0.3245924918365718,0.5,0.10457034581507847,9.93232191472024,57.40924589639423,0.9956376536943887,3.389896256727689,0.5804106723478567,9.602978766704698,4,red
8.232756238443686,0.47257029158000874,0.3788942845158281,4.836303791283779,0.06752367977763406,36.972766797297496,153.92493056146412,1.0011630817129364,3.265319534896436,0.741659697561157,11.292217594898451,6,red
6.494083686665622,0.8204680284305566,0.3978436348336958,4.473508855344595,0.05907656536706472,48.630329240951475,294.4503125881134,0.9999905395607043,2.9990027976649407,0.8055018619188864,10.439938075915716,3,red
7.92655779067623,0.4672426158065854,0.2701003121827535,0.9833391408717802,0.05610155169558846,7.738472620931434,20.42098250070608,0.9934781438530764,3.021935382100198,0.5929988400051753,11.599569442216936,3,red
7.677652248252762,0.37747256009057284,0.15932877813477975,1.447950804727875,0.0797773417660473,58.27388967764618,219.25850785530537,0.9966714710431959,2.864539693665117,0.3727538489466673,12.236023403384761,3,white
7.505605379669231,0.3506708470202309,0.47121400586091855,2.332268599112507,0.027477913101650785,46.80351682851125,197.00972532555784,1.0011665351115175,3.0549060104368384,0.4706919131143247,9.272438538158319,5,white
6.37949834708205,0.849005287400554,0.03088406697168644,3.687499921568266,0.14041411389325076,25.75170424178229,69.83692793542812,0.9956614212907471,3.0042245892199313,0.5769285825760053,10.695919280548695,5,red
8.113537903504243,0.17716782179598317,0.2682160907572317,4.339548029022904,0.07078339366108546,53.09979080002269,134.46293183356684,0.9927074324365311,2.9415623777982476,0.4222045811980253,10.218560888978303,5,white
8.218890694558635,0.6852308250288965,0.32485749593675445,1.9799046804250082,0.07893080136364371,9.59359777283765,41.19670847558963,0.998304312921839,3.239798872142094,0.7227809173864105,11.385596931454998,3,red
9.001727575792048,0.9691554331410691,0.07713210355270497,0.9429858468600355,0.060963478216859976,7.400143089921764,54.31788950725828,0.9989079293341834,2.9767059327151397,0.5817308233455145,10.383098007588584,3,red
11.301272208477865,0.5720814641223346,0.23406712575236366,0.7351697954288449,0.12608696527072413,6.703862113434474,30.861976704993932,0.9961500062310915,2.928151131803041,0.8718053542651378,10.471245668581595,4,red
8.923217018364642,0.4348489972850438,0.3259025845125638,3.8321740952523586,0.0681589240560162,13.319342223867071,75.59468399157126,0.9992241102577321,3.239424477717312,0.6468329887647336,10.288514658577807,6,red
6.707912041321583,0.3337127208737304,0.3863169350903874,3.8970155941111173,0.035112625520054966,46.30361483386494,160.8666440923308,0.998370845245049,3.166996927020827,0.5832797287359135,8.838677275312396,3,white
7.361220824722349,0.5819648532703743,0.49414778958853495,3.9353673547959347,0.12203602225667583,3.030682591099132,6.621128054508108,1.0004138917719478,2.986200626757667,0.6116710012792351,11.852267263977934,4,red
6.4530780416340745,0.1800256948354793,0.42790871867813807,5.2204428072134315,0.025825383367702612,34.25246526393228,89.2905169209128,0.9901849542210337,3.003338366243625,0.49692975641364,10.954775234836116,5,white
8.743793962705812,0.17032387678422067,0.06634712572237048,0.7920846372796614,0.14960758105768837,15.994712198955066,126.61682198771307,0.9975611690984578,2.9530181660392083,0.6740886571786963,9.881540846072568,4,red
6.186826363470107,0.3998465173385221,0.3296577275192221,4.187483451215532,0.0329706236922717,22.829777577304892,131.32065844722783,0.9967237334080614,2.952885526103346,0.5951790779116708,11.039739141533223,4,white
9.970574672707375,0.3377954741157453,0.3350441885530281,2.247356046520249,0.13993357046731836,16.02549580127819,90.72147687161763,0.9970825008223696,2.9643603365515183,0.5792611142223879,10.715876965363053,4,red
4.628200487710991,0.2400993149771359,0.3093916789325919,7.436570095459617,0.09464734490621635,33.46505189303098,140.92668576429944,0.9960724978921558,3.1853055872881946,0.5525930960579606,11.764782580052488,4,white
7.717385321904493,0.905907446860531,0.1047640145578081,6.916314815243267,0.033841008408093384,6.148716340975122,27.842996386860705,0.9986954390772568,3.000611209475324,0.5364888436258575,9.821680518405149,5,red
10.854006988563249,0.49991809151844596,0.3128085051877789,5.172539420386723,0.11098298662494867,8.87056036767847,29.588834711379775,0.9991879082588747,2.906730700374141,0.4942855508083671,10.675941876756038,5,red
4.0,0.7093280275004852,0.1526461398674735,1.7478119693915142,0.07882451815020076,14.48003351288623,88.73041690900824,0.996298162710144,3.209766229279628,0.3,12.496107933858106,3,red
6.793953254166071,0.5598565912030905,0.3930654816228102,1.4276248218035683,0.035693491683897925,12.271362477945797,32.21702099405128,1.0001282744230442,2.8281057090681014,0.4046541350609133,10.7919698703465,3,white
7.550720613357155,0.27364257227947325,0.37063124997470587,3.1878574936094393,0.05944433409981253,72.40011672257455,415.76549171300576,0.9932974890440556,2.9750951570675093,0.4445256811880878,13.385549390486965,4,white
7.541062855264102,0.4997341126547379,0.28863283251239946,4.602921315127656,0.06961420793551407,10.944144934778343,31.05029772192489,0.9971285589577356,2.8528067678823845,0.8038470746658483,9.80205964209851,5,red
7.7436624394248295,0.10149305408535345,0.3875530543413365,8.886529649033058,0.035868484734451096,34.70079729028028,193.68610260097915,1.0016995363120698,3.149645695285914,0.4062962721376331,10.203884953367893,4,white
5.407860305651138,0.3269936233079396,0.4911874681555779,7.797311688107659,0.0418866267180198,18.704194780770475,53.9300147060959,0.9984847477123258,2.8866620273451624,0.4475760143165944,9.516902984725597,4,white
8.009282539500512,0.26248682443606564,0.36236987249903035,4.662424148431335,0.06516299644919478,20.77013517386754,117.91862365394825,0.9857938868509789,3.2132770149346057,0.2612453068778321,9.86883352871522,5,white
12.652143715056951,0.5435780550022867,0.44011753184489394,4.531798202241348,0.03423137860767205,17.35691669513023,83.86209864666357,1.0015396467417277,2.709945034087224,0.7453757077701914,10.064173326705902,4,red
8.345705926290703,0.6077460580413093,0.7282185683599001,1.7549397334981087,0.10480518073640548,10.384914456995194,50.0867588954929,1.0002742176272195,3.09389573727285,0.7193466604089358,10.188371809227748,5,red
9.915720524916287,0.535760746831838,0.4391376981137095,2.233546949166063,0.1161437599269778,28.675865418032238,111.84455623675402,0.995606508002471,3.122851902926933,0.705673547267652,10.449748809711213,5,red
9.37766233794062,0.8250410249799321,0.4088451826226397,5.302361137427695,0.13007870449028217,22.9176260826546,162.02079299369805,0.9987660268612458,3.236720355972874,0.8904625223012879,11.61595364573648,4,red
7.791896561752456,0.22132111925289222,0.4991397717582115,4.4043317186898365,0.027577594144309357,38.41454084099413,107.16002080809925,0.9971570007344072,2.9299492235833378,0.6254430592119751,9.889662127093612,3,white
5.868759657466925,0.3672966245363379,0.33073384692460567,3.143477539391316,0.06645124999344938,19.891744850877636,144.15610689958865,0.9992073360155087,2.956875382212711,0.5294845368330051,10.17098799394119,6,red
6.23835392093973,0.21424584161367327,0.41512408735000955,5.691118013654453,0.05820190841409499,13.975504509592682,78.02831606596517,0.9996056312387451,2.9725307877043075,0.36065542523540306,10.160381366754706,4,white
6.313247336046796,0.5196286165339546,0.08107361882438269,0.8389096784599699,0.06340053954638987,9.091113965453037,45.571843770462536,0.9957412642121357,3.1028731641906298,0.36716858375905376,10.261127037475454,3,red
7.30025003586676,0.3613892813538997,0.684091769592694,6.372590128534217,0.07497529091528202,21.77271060316978,106.93003968581885,1.0007689688040633,3.0435949430602696,0.5373582572844737,10.54272236148604,5,white
7.668550527807155,0.3639661667902696,0.16762004732337976,7.059918141205016,0.022427211473337205,16.032382155504667,119.1281148633482,1.0053037326055787,3.057722358186044,0.4010977397674038,9.937864725000917,3,red
8.988468908633624,0.2499387836833471,0.4451135212656473,6.44047851017382,0.07658316033117218,10.806718072464015,39.6282070460306,1.0023385925308284,3.0548909972913103,0.4111835021345112,10.618785239584094,6,red
6.249455132875284,0.1954750996342935,0.2103937907830023,11.605087703150033,0.06781622032173765,26.226268411385885,67.92767250294,1.0013180469487095,2.8612508810708457,0.22277777355591621,9.413005484619513,3,white
6.075769376242028,0.2620232365671754,0.39850254769381216,2.1866397383870453,0.03879263442597354,71.2814270162327,303.9186083232145,0.993259515447136,2.9379694975877078,0.5157306408010729,10.96975139752024,4,white
7.633416139675333,0.6618752138988042,0.46743123960985106,1.1333077549089337,0.07409792192120054,7.826475941069249,25.72828059527114,0.9966468804502346,3.2478521286985322,1.0359386079081345,11.586454627723061,4,red
6.50189142077497,0.6464952691464934,0.36603933024165913,2.0136849462580924,0.05708424795547211,8.788238761739866,35.8265159384558,0.9982207543302757,3.0807906210273877,0.6917616903693619,10.919354442668123,4,red
7.372065691134758,0.23752283658831738,0.24735212188958983,4.448796906636217,0.044842538786159736,67.51169494836381,396.6224950071389,0.9967962410537421,3.0846380211016475,0.524668887428174,11.058285860657392,3,white
5.198783402276703,0.22491199567950043,0.005261160027407619,7.110733978626669,0.03688064321571169,30.413793976820642,107.51220922985934,0.9960131511844074,3.07030747043595,0.41698789087411614,8.977442504965332,3,white
7.426426240527622,0.7528909528580544,0.12108452353858468,2.334754688644558,0.01,11.5773474042471,75.55022647110242,0.9977168944215169,3.2480243345724906,0.3857323017025912,9.466884086055888,3,red
8.494187002725468,0.5897564595024226,0.3888465231978968,2.241969643005686,0.11246166943796092,2.9529985069902476,23.191757107915986,1.0011436492592989,3.1314007387837957,0.5965129804833252,8.818118213360773,4,red
7.401723475282683,0.38502819933977644,0.12193051236276309,3.8840002151868473,0.047874310459357326,30.985451690484663,171.19343264465948,0.9965949895931958,2.9608541433429263,0.3950692148196709,13.541439082327363,3,white
6.06789615461625,0.18447845295037257,0.33418346113337466,5.13694172846827,0.07036085672549704,28.25309870692935,139.84947767752948,0.9915966406577775,2.8891807293287872,0.49560644893596495,10.743336435365993,4,white
9.144414060119097,0.7818839785854804,0.14171612775486753,0.5,0.08633734860238643,19.612731722091148,121.37233178013024,0.9992131138257202,3.192646546882974,0.6434275115839001,11.796105984736311,4,red
5.0833838143751855,0.4758152226912714,0.281476160918361,3.742171806532621,0.009,43.37362278709424,229.69962855226686,0.993718421476826,2.9472776939846175,0.4464994993625018,10.425322731633,4,white
5.886266643469513,0.30513860388575165,0.21613452665085892,2.428941896679712,0.07185998827146096,19.464330185577964,64.66592996138701,0.9947111968104445,3.169621599959282,0.6177961521491369,10.867239938836212,3,white
5.507146037976401,0.15250408716178546,0.2911779067869133,12.359276089266263,0.030515668322471812,47.38014408840624,207.01878433748718,0.9982118670557746,2.960075489187412,0.3763904149540982,12.552790407109182,4,white
6.1760848579511105,0.2725159363873409,0.007127233437842828,1.9756983502677088,0.05619578863855337,22.22995956931108,125.77471913986572,0.9928337748558085,3.202308931942682,0.4638013503386431,10.841682668483203,3,white
10.812419876060577,0.47210569078087117,0.0,1.5965212451948962,0.041563552847210854,27.913428972806813,184.53028533857494,1.0032531927088237,3.0514989435647317,0.5123922755940067,10.520788088142627,3,red
5.07997877171694,0.2644277478532658,0.5716438019441823,6.141348845248899,0.07586151290575824,20.67745424800617,104.02056029311782,1.0005511351350038,3.3496206762560212,0.5426834207825894,12.092554266600445,5,white
6.412021062708092,0.7490885337485894,0.3364335089869418,5.330900482247669,0.03019624536060992,9.444996512875694,71.44702576499724,1.0004106410335767,3.113983032218416,0.6095346680655651,8.390718557167785,3,red
6.773940576350123,0.30199620998151633,0.41290645545148613,2.6863001349862725,0.04985910012018105,45.15698672448097,183.564821151596,0.9973859327653433,3.0041486360494156,0.45575296812080934,8.833271377124335,4,white
8.393477548972388,0.11690467867076948,0.11391390139541818,1.9382729058230042,0.028326476543609543,35.90801395058858,105.70536351403578,0.9968202979834638,2.8557334784554858,0.623183351357935,10.086060821742631,5,white
9.50317829027431,0.5378484403470417,0.23088670813273535,0.8315315743545482,0.18269934075886554,5.326413980375468,34.92727258746296,0.9982464495232019,3.223553872072426,0.3305756734491458,9.459118304686806,3,red
6.82877297467875,0.27943774155737394,0.19727178564459466,3.8844919573914245,0.03133576291287299,50.86930553479411,177.0771469670655,1.0005163039801446,3.148442499094656,0.2237760781394324,10.052506315086479,3,white
5.7009346138305705,0.4116055960209628,0.3836054279125099,11.121028805019247,0.03422638612231197,33.577075824765274,138.40095475202384,1.000280524999949,3.0123288872410092,0.4574246462182919,9.37543137158275,5,white
7.284749388802816,0.15011711819011855,0.2956880226319829,8.43609512018387,0.07010921600949016,48.938453393995566,188.06869740561427,0.993736395275093,2.963722104715986,0.45965386486018056,9.740175671340955,4,white
6.377332993544877,0.3185410176932048,0.24736093548314045,4.039700152491077,0.041059789085005634,30.897700347589463,111.02750270112666,0.9933128831562777,3.1647692278227852,0.2866168334891619,10.181464346129395,3,white
7.534888698485286,0.709288583445047,0.587955897156722,3.1645606716791748,0.1251105664331224,6.602085758735718,24.063394429705173,0.9977071209341487,3.1593594625689985,0.6564572760288896,10.433015226878288,4,red
6.965417512557331,0.2701377895665843,0.2480872713338328,3.2916351141216165,0.020317266438512536,26.79255500756309,77.12964329870793,0.9973991804812675,2.9177464108489928,0.55555596397142,10.89587111685745,5,white
7.471816630169227,0.3587588473361118,0.4838990444729523,5.276326193859709,0.02005061595390874,45.49455894964212,183.31577663779677,0.9973843273846005,3.133120737919569,0.36680602023650655,10.278112059579614,4,white
7.502580819200405,0.31960910048597724,0.3295229194456101,2.1412080341029305,0.04521595165950329,42.53043044558845,166.85100688593334,0.9972264852244246,3.1797546292054766,0.48112025678557635,12.18331717269684,6,white
8.025814290167785,0.729472907012753,0.04401174035520772,1.28660414234057,0.1340777146587237,11.660123569210796,55.841484052297375,0.9965300574429089,3.145019019590841,0.30714072945876536,11.010654891688127,3,red
9.508631945945936,0.5809918168783056,0.4137898491975266,2.016372675292718,0.08990968088940984,16.863618252582796,97.85408318124131,1.0016283075776895,2.8478353523706463,0.8652735123766714,9.80912459127127,7,red
6.469113732823649,0.39937736582635835,0.27874763804374475,3.9964312290730177,0.05440227674006621,31.31098549810717,104.66136671364764,0.9951902049717407,3.139472811079533,0.5982296770866216,10.391491079189647,4,white
10.985272647742212,0.33372816606028777,0.5069094259515967,2.0520536483394496,0.11434807597069063,15.246534006372666,84.47644861870903,0.9978320266987332,3.0234246978423527,0.5794109775839129,12.293286041635191,4,red
6.419230544189753,0.7367778260669786,0.34418832148648904,2.6167096722102285,0.049450729171818045,25.48743038688661,170.70474212510535,0.9977794137608119,2.9076968387411393,0.8398206700413804,11.261597238630403,3,red
7.216441883578921,0.3151453702838336,0.060076069318121206,0.9160361245295731,0.08740364250988458,19.519173256127125,89.66381547217297,0.9979544962144633,3.0973834398399536,0.7148294647535145,9.388629903123812,4,red
7.002945127622341,0.32461557379622674,0.387279774770783,4.021899026858796,0.05084319418772805,50.46967143768947,172.74873432019126,0.989118250149209,3.1783659113950598,0.31523746152991705,10.195657825263655,4,white
5.558383018977593,0.6044838375412697,0.23556740708856044,1.8143258458042606,0.08765714535055827,5.26620160583567,33.5859374586606,0.9989555033474695,3.3357221783113604,0.742911622453776,11.407864509266926,4,red
9.629098882021427,0.5328042285646641,0.5530740533343956,2.578775533118898,0.043893691905560715,27.49567066393614,153.3208353953638,1.0015313646844282,2.8408784633751893,0.7165787088354308,10.538059761930407,4,red
6.963784683427827,0.13322286593447433,0.3832340160769666,1.8269052646939445,0.05231100454202571,43.92692477219661,199.7918658248172,0.9954600035645895,3.0198756148322294,0.39170530626117417,8.767904324377712,3,white
9.930760404344852,0.2395589483821866,0.3653387198718336,2.480618643610359,0.10862255404798288,19.93788204812163,131.28214076849406,1.0010195735974365,2.916122548937821,0.5719731048938803,9.896024738547466,5,red
6.873180021424661,0.2786711052127354,0.5070971574523601,5.096952210347252,0.057286944314047926,42.12786785930816,165.33321122553457,0.9964707804032064,3.037335378604072,0.3406393592703376,10.259789235841787,4,white
6.932564456498783,0.35205648517880495,0.18086087300042103,7.209186734747638,0.08473381676173883,42.01235126211579,144.97032675133585,0.998604892737074,3.064349193844144,0.45324534372723024,9.681138497434121,5,white
6.061930770791812,0.38213997688818385,0.030945515831900194,2.7598751238325083,0.044092728621121687,28.39295787186035,125.9627214562302,0.9980391097311225,3.351894373318075,0.5560476384404102,11.015723546285972,4,white
9.042892340405407,0.289175832675552,0.4931612083802339,11.170904452518267,0.03992337161359283,21.316601658281762,76.13304150152342,1.0005662506692952,2.734363191658506,0.3060062576803599,9.77084557857,4,white
6.423185561722175,0.1758533555058369,0.37679980649686273,1.9740512040337308,0.05353568177405105,10.315655839080788,49.49187687795577,0.9931583111194433,3.1596034483262043,0.5625752234505955,11.011125733138307,3,white
5.814230699441285,0.08,0.20149712453380442,5.963733000662941,0.0329228986312846,38.04187909152259,175.28558271134654,0.9974165136874915,3.151144149235206,0.5506206681640823,9.252682844519196,4,white
9.22235207409614,0.4336576619190978,0.44813832614904614,4.418360043234603,0.08937520811126684,9.029396911704072,45.59728207831844,0.9984331474963007,2.7854951308972233,0.49544469363616983,9.141211470820014,4,red
6.499337012788783,0.5338288838124912,0.13879720005991072,1.5855995802090814,0.01,1.815961767937964,3.855405807742471,0.9976632841077863,3.0432875473709244,0.6498170808665752,9.362432961091844,3,red
4.760720006597673,0.5061259256511368,0.20323129521439082,4.88811682585377,0.01,4.610211461736019,30.709365222878724,0.9970867256774754,3.2084666413904652,0.5491115763964594,10.741095599187785,4,red
7.476802076127374,0.312264616635583,0.3390900576987439,2.255560448354397,0.13117909845036255,17.787000392174527,83.06728579603637,0.9995475738510641,2.9510000179701357,1.0881813968800587,10.23023658653232,5,red
7.467952947719023,0.3078172030616141,0.15469561620713668,1.768200782297265,0.08843521526478147,7.18917294068107,39.54273297386129,0.9973494632399166,3.0153279180121513,0.6750208584965323,12.022094240266634,6,red
7.3192637853739155,0.394384783337687,0.466697373597513,2.67332874307657,0.05946241984798473,8.03159435210328,28.50371879209756,0.9988320198350638,2.9052090436226052,0.8575724789509391,10.321427389138744,4,red
9.39732310793983,0.31509349884817006,0.1844975569807954,2.6064642326745964,0.09375298091583337,10.554011028571239,73.2695932594929,0.9968868094880727,3.036673996637689,0.710558117536487,11.734316192088007,5,red
10.331579269172233,0.9033348805549952,0.28743297204519086,0.9313350181222467,0.03499569586264661,9.651623545683444,59.85096803024841,0.9977474252894494,3.1210619523874255,0.668474372813294,11.458879859418936,4,red
4.41290025275208,0.3435364461171405,0.08604317421153615,7.086805350402171,0.02316293120865747,35.473838521223584,166.40659274687275,0.9966560453842215,3.069220596211812,0.48060580738249054,12.79464050473072,4,white
7.280310448206817,0.2400765780702899,0.448565917753601,8.75918633117136,0.022331111639566935,36.214197362503114,152.2433997518349,0.9998501823001974,3.1159980881024927,0.4506757868001099,8.4091569284985,3,white
11.640032725957862,0.5050779228829207,0.2844315009040566,2.868567502182373,0.12149801808623722,10.370809489564293,35.19866508572004,0.9984394371910558,2.780486249940834,0.7247114216312472,11.283366537524657,6,red
7.029079681843569,0.35273525822688606,0.26753410595359,2.5482130200971707,0.04896795655943881,50.680744671753565,287.20688585899563,0.999155591012821,3.2488122842154863,0.6185055858921408,9.275277632662416,5,white
6.262587312751785,0.17699241175189123,0.3241052732852892,12.457807417846418,0.058736086523003786,20.667270573917985,85.14807799189471,0.9987127362573766,3.060407631760139,0.5177176691996648,11.04896242330561,3,white
7.107996451662114,0.2401143602889106,0.05475632997269325,15.988596494442863,0.04751275851858522,33.339710566956214,88.58864428152881,1.0022581290275059,3.2137849203619253,0.45812892044624026,11.26664003523462,6,white
9.268604376394748,0.7200902256318893,0.48576782796475937,1.7225516051837308,0.17979664699056136,7.427823607006978,38.23940505603958,0.997871916929449,3.0390265045079294,0.4408063591587256,8.56715491907752,3,red
11.546008288799221,0.43078657106086404,0.45395508550124364,2.0232124616380243,0.07477175855960708,11.399122345390754,57.89442122826567,0.9988866074854262,2.8563507496946605,0.7005399270154731,10.34152421370516,3,red
10.024429110530821,0.8379104070647465,0.4322554355449225,3.6038651151267254,0.16409867220385288,27.890854142593238,188.60645000324604,0.9977403119145977,3.0355003569555348,0.9833169842526683,10.664492255654013,4,red
5.667953498967125,0.34086563386341334,0.0430509758494394,12.76220630997174,0.09862121456806025,31.551441656701396,109.40075587383613,0.9958404282843212,3.096364514833974,0.5723996644130105,9.339971869289968,3,white
9.419525263543813,0.3336260425612644,0.37161529390572295,3.883500476005375,0.09276841159699882,13.980456997625431,68.14416358768216,1.000107092043337,3.0596203621839733,0.6411572786772362,10.582948160312636,6,red
6.636766278054447,0.4671229766987245,0.5901527129546168,1.6765092138521596,0.02421943686218596,10.392942888104603,30.691567506180444,0.9970391970060601,3.198851444652696,0.7445296357308365,10.100382414606251,3,red
7.3192838218106475,0.1,0.2804374810899713,7.2633472363249805,0.1161469926795268,21.797416914880024,171.2382995614542,1.0034611037161385,3.326762327520565,0.5914057150093532,11.924903690288906,7,red
7.7385570458737645,0.3265153994826919,0.45131305296635776,4.296143487797402,0.04587708305269997,40.44632692842198,141.91444678815228,0.9972321104963745,3.1073077390341926,0.5359139205290182,11.069629469382006,3,white
6.173106920144986,0.4080059053055268,0.020678353248032827,2.00109426032883,0.17156479914725117,25.800953071885306,144.72505484516358,1.0007259020781638,2.9021418634263143,0.8338692946290083,10.620923712563515,5,red
6.739254208131098,0.2119704164940706,0.4200595239030882,10.095800908896027,0.03790981716792874,38.221468103093585,122.77063024221384,0.9968145921235761,3.1370930454554222,0.31996159560418225,10.107590804817713,5,white
7.679131060951152,0.3648456456470064,0.30893424976428013,4.757431083983661,0.03922628876915416,35.12084238292993,154.57113181005252,0.9973718538713746,2.913858884052951,0.42887074916356993,11.76862144626131,3,white
5.017513286972063,0.12399869047019171,0.5056100937572069,4.100655658857645,0.027849738235063894,15.94912869146197,47.34610168321739,0.9964830257617789,2.915270491403779,0.4586868994521202,8.863364220399435,5,white
8.070820113674902,0.23572284433138035,0.08354046718037078,2.493673893239196,0.06526111109657702,28.03209951849503,90.10755793730543,0.9955358269312053,3.141748607228186,0.48684255211296096,8.543384546830731,3,white
10.766944133251572,0.2830577942723559,0.3004034629120297,2.0291786375468863,0.01,2.6844702259320252,14.35870762928903,1.0011866258712228,2.92129977657384,0.7825434123622166,11.208670755188177,6,red
10.856788080590572,0.43914051417892086,0.0358205701939833,7.015120318992795,0.1426565077692591,10.965673377194518,44.99019735673511,0.999568898919565,2.7360409703446953,0.8937592634980005,9.943250047813097,5,red
6.434219859978126,0.35651239739437063,0.3939724332041698,3.9394379276607534,0.10478744833781631,27.45707876061869,158.79247989303335,0.9899513016732592,2.8757947384832008,0.4988655406432725,9.540876330503504,3,white
7.809280313835766,0.6005247209724583,0.2972438087950277,3.0021324624558487,0.01,5.823695743212283,34.49611942197822,0.9994522288357637,2.8273896026141694,0.6850984770657759,10.443558699857352,3,red
11.361598735948387,0.5027708089423679,0.1616332403814007,3.5013556216953154,0.02069241439952836,13.578100688431089,88.32375658279518,1.0002305256525768,3.023146641427878,0.843173947894848,11.685773960423766,5,red
9.3379957669825,0.6668100734641285,0.07201156167381045,3.119114359402651,0.1415363645054478,15.730357142266014,108.32734329875852,0.9974163078228264,3.071002045518065,0.5594423021560035,11.621563806663685,4,red
9.103415720102173,0.2390640904814142,0.16911552941572677,0.5,0.16681964844406694,13.61512368483421,49.22714815916756,0.9994136278054557,2.8745325583583106,0.611517964053578,10.531402340746366,5,red
8.276701446858869,0.2722152218455677,0.09963893995940507,8.335600992670948,0.059158030001104,27.988245464726763,72.58075598532393,1.0020273506837933,3.1589389361865763,0.44896959022128186,8.008060785361698,3,white
8.517777505348343,0.6368402100105551,0.0,2.613046708703209,0.09985585224366289,9.251347030169985,68.14373255739537,0.9981959760850342,2.975631811670918,0.3,10.827356956245376,4,red
7.207329065142371,0.20318586065068117,0.2854865397774456,4.498371869809284,0.08913579230485147,13.58583036640745,79.63972263806428,0.9952747992349642,3.281778488329822,0.41429489121971774,11.505468113995532,5,white
7.1039329135601985,0.1637104683752199,0.4191759918509802,4.188860014992784,0.03130071778663181,30.704525182900277,140.53710150294523,0.9962487584188797,3.1119498693835794,0.39458442378370173,11.854763041682503,4,white
5.837991821387383,0.4393121056510033,0.25154359682475314,2.7523860127958404,0.03693485006473172,41.36247987585965,170.84504433658216,0.9990002553977196,3.1559127994417135,0.5485341428732758,11.257460853181586,4,white
7.5280264221602895,0.17058646007962947,0.143573133246259,1.0866095291837257,0.04076809459273474,15.140760649961784,49.21056001956842,0.9931693708101978,3.222274479391487,0.6174084108855828,9.134601419048437,3,white
6.70411329829344,0.31216893700802995,0.2996104863390957,2.9017074921504147,0.030156416119043974,31.688975204048052,114.82294686182813,0.9969647716181702,3.245848409831318,0.703034773851434,11.662481488106147,4,white
7.107538217004519,0.3064540615736169,0.3168175634633881,5.050570515481417,0.03301875318238273,22.733959794234238,87.82308550336947,0.9972903405395034,3.1582873892946366,0.4246464029037879,10.50785747006205,3,white
7.065077513119083,0.3604368529937937,0.4179898167075604,0.834243596294268,0.030062325277727932,39.594312296116875,178.95601705123468,1.0032852798748655,3.0268373361648875,0.42331755152502143,10.942115770121722,3,white
7.846422940883845,0.45517962170706006,0.3598485875674254,6.624161791920898,0.0708359451092989,55.29750555802925,204.48959461636463,0.9969409385367816,3.1216767937840517,0.5319585677850942,11.228775096801954,3,white
7.799949908979928,0.28236750563302676,0.2129812864556333,3.799299882851055,0.011393812061710994,30.961013155965095,153.58991030941615,0.9999166558926537,3.1546420164919464,0.5279102833418696,11.641877910069725,4,white
11.439402453751258,0.5804290085875292,0.17505126653119019,2.2825254262448587,0.10041377070591928,6.051325160737271,15.908545628713242,0.999391478730276,2.9335275307718978,0.6188736580146822,10.147215926352649,4,red
4.921132845178483,0.6830399135804287,0.18446403967823183,1.9861941878066696,0.08676008494843258,18.883364526370542,76.87566933488125,0.9974210526801345,2.98597572667457,0.7630458181610115,9.69527617513696,6,red
6.45417183588905,0.3907014223982406,0.18967854434810347,3.479421312282666,0.03463193037451921,25.026960920315794,111.8160472867825,0.9941224118048952,2.9947481396612283,0.27760009794278295,12.700800501936488,3,white
10.05413571709668,0.4816644833769502,0.6181858382610483,2.900359747833179,0.10571045462960418,1.0,7.09251620339141,0.9979817059858652,3.0529716294955143,0.6264250083523272,12.282935689782153,4,red
8.028396616198284,0.12286044055170262,0.1914459810774762,9.435078645703573,0.044299630996713586,43.1278743503903,161.19889348884533,0.9984073196831389,2.998731192892133,0.6237352232048772,8.373894265161725,4,white
4.775236604906146,0.4639716058733563,0.38058504774609814,2.1573482568607956,0.11185240988286763,9.284351130135425,26.482401445360164,0.9974454955732937,3.175458925039489,0.7146479936014574,9.302884892176007,3,red
7.618629309400722,0.2482687667114003,0.4683044412396391,4.817250911874946,0.03382811150889126,41.53833773585389,107.39440742027351,0.9944652800585939,2.9124545624168725,0.5066975543759751,12.38366350490503,5,white
7.774338961052936,0.7410912234666857,0.43613394433541824,0.640375104907957,0.11445417978648413,6.222290545702855,19.39481874258495,0.9997170094134026,3.0350761274994236,0.48587727719326146,12.21795401115014,3,red
9.105107132079809,0.6116361742725164,0.38244468541086185,2.994907178440807,0.021545508384187076,18.83725964614966,100.9545066611904,0.9993590727602507,2.899326655629963,0.5370873312913684,10.905458543302528,3,red
7.8509957543349245,0.3401441593610608,0.12404074683873437,9.107103290183229,0.04583357748715772,39.032851695508555,209.64747942368572,0.9971755228656094,2.9158292925310465,0.5246600037537275,11.024997955690147,4,white
4.562029873745861,0.5109292962252556,0.4515071060651731,3.287280778159378,0.14778507627633916,9.887154250899549,43.72633182751776,0.9972737226623678,3.143700662186517,0.7991289179744041,9.633114853702141,3,red
4.977301459527615,0.24207540922287407,0.3962714190975637,4.336712520647675,0.07610971529936723,82.12736370771164,394.33754301713,0.9979040144020489,3.0666247967111886,0.6234957318532474,10.293015738991278,5,white
7.68317444725258,0.41299953545177726,0.003013929107320734,3.5443518257638984,0.0730684741482265,28.835879509768006,163.58586730387205,1.0023325568124253,2.7188456955033695,0.6746075235865091,10.8281826135694,4,red
6.879497432599424,0.2783124994275647,0.21339269276938397,6.541633828060661,0.07088857910549443,42.411478333456174,162.20607457252936,0.9994893109399812,3.1700396288081136,0.5620477773305222,9.418440350855622,3,white
7.193907632492895,0.49936676794551293,0.06382139995401837,2.5652072471467338,0.15145931476062335,11.099614057632865,26.517036952794847,0.9992570894326195,3.198604074461207,0.7885281219167377,9.92049137320112,3,red
6.763511695169217,0.435383314229568,0.2867123330106713,6.664136196204472,0.06902961987680961,34.226559500616986,171.35754949602315,0.9948501542886389,3.2305245040278456,0.4538051275233376,10.898470945138907,3,white
5.907311583559856,0.6981775840230693,0.10607260483180711,1.7942787019319997,0.08219974626268703,10.843089617956592,28.244548072197897,1.0012298124608525,3.1481948650795464,0.6520026137892583,10.39756601904427,3,red
8.880985158821172,0.7643134320917837,0.22622386430090421,2.725020789403693,0.015446509369463221,17.76163658210728,118.13521352022968,0.9987344289278272,2.8683181632460624,0.5539477920483284,10.385880225754335,4,red
7.687046695558406,0.41560463466314423,0.25025263110422435,3.5510509528969387,0.05904491780735285,20.032761101011783,111.36874620832172,1.0009468787016873,2.910929353042891,0.42898914811493905,9.428317732194035,3,white
10.649670284763797,0.5140946673430397,0.36657104153817205,1.228746106772048,0.08347597482335509,19.17622541310122,119.48090267634521,0.9977764485428936,3.215809776018808,0.5351292508808347,11.819198702656465,4,red
7.585682410937044,0.5122541361888329,0.45077536264103646,0.9452327050922825,0.11251504736087253,7.09974304370177,15.693198854643972,0.99855837492448,3.362871094568573,0.6114044874532368,8.641855496731186,3,red
6.808287865402115,0.3055340100090931,0.620575815955417,4.6935095664762825,0.07691122288326366,27.56800860934069,137.99258037324424,0.9952730083770385,2.997991627117135,0.49352817603129057,10.222152692259023,5,white
7.876638732754158,0.6466904780918946,0.40709687597396726,2.7483808800284963,0.10001874246007489,21.707971766362427,145.52051049202413,1.0009503411798668,3.0883032315134664,0.3757284634570575,10.660595092642854,3,red
7.9517369335159405,0.15195841965834092,0.3334399848442383,3.7040538231369067,0.05321621379563492,44.2023730443366,115.48601615291639,0.9927697199522628,2.953776868833351,0.46444019354580646,12.735464279453783,5,white
7.060478960684125,0.3596594302722941,0.44649414651325714,3.6789089313017276,0.009,22.11369959592122,61.00761788639607,1.0001271825255933,3.0313352480372644,0.5695405475868829,8.286939955359314,5,white
6.7282131278816,0.10448341200100197,0.49875122150090834,2.51766388397665,0.05336026795983336,36.182595101080906,108.95896426023413,1.0023506549402217,3.078285988195495,0.47000686081417875,10.81899860382648,7,white
7.842889226056789,0.5649891742839205,0.36705049682024304,1.436444900804037,0.16160439974318022,38.73175260660878,84.11712311206377,0.9960955757643218,2.924614529272753,0.5416462597082896,10.8993879708175,4,red
8.168927093996023,0.5487561987113377,0.20922897058157966,2.077451856756352,0.14062057113370507,7.717986410187013,48.32586358589639,0.9995531403629571,3.032884189655372,0.3107210557734741,10.487724634237349,3,red
7.0426150666069764,0.3924799976977889,0.22503836383928694,1.4086488096064986,0.0702797920297853,22.40265637817507,111.39399900925291,0.9969916591754694,3.096729392916365,0.558882611779547,10.09877780842326,3,white
6.0420837168726695,0.570401327340795,0.2651408806835211,3.549597172009824,0.09962977078331942,16.132475361874597,85.97736605725122,0.9959735507896791,3.1817358002769405,1.0268114317544546,10.946942262287706,4,red
8.978531394398521,0.6825359018870759,0.004131826787631132,3.57462386640357,0.0879026804961735,12.319880230523967,90.68245937812718,0.9998441818517942,2.931911913341729,0.5905920576940594,10.652250808466825,4,red
8.46503183389167,0.5171117733054685,0.3320815052744408,1.540847080082505,0.06608746136827803,6.729698771288353,19.3908154970763,0.9981418461909477,3.067676343709589,0.7268107151658916,10.92211901033308,4,red
5.823214615408914,0.33204017627353577,0.3475567169448255,12.719298077171212,0.04196702947548731,22.54903959607889,123.67092522974046,1.0028968352223213,2.8190480678930316,0.6066911555684472,11.90069651213484,3,white
7.393750374409062,0.2671199171210745,0.39577660566990763,4.517244496545911,0.056705628562818446,61.449762298560145,335.51410585627707,0.9957487032143316,3.0525484724417837,0.6564789472928065,11.593455724554453,5,white
11.35074836798024,0.781223085942192,0.09716015077345164,3.217802771692571,0.01,10.496384657365404,81.0156796302398,0.9988069188117368,2.953792599627808,0.7386738557098124,10.761931400410214,4,red
7.321573822369901,0.12510203383307913,0.4333399483178617,5.538903389276284,0.06475370782606954,12.426134117963912,56.37207966425223,0.9977953052569067,3.1011573107444494,0.5516499678244788,10.640788196201129,5,white
6.6618495579887895,0.3218680128864304,0.5032369770215511,5.7779141006152805,0.06922756124626459,23.745270529709742,76.07920298040513,1.0030160283433252,3.103263943629849,0.5855522964809119,10.715608822152536,4,white
7.010094017548371,0.14613172584544962,0.15676577312794812,4.7393948223104765,0.026840225949705445,21.63744822355033,116.67070458637318,0.9952564550773615,2.855552637422061,0.5521115793653913,11.296564294447638,5,white
6.531276411335986,0.45014237404403706,0.23027425820266822,5.8245050216313,0.07231774174275125,38.13359040288805,189.43982622178575,0.9967332406641116,3.084975285245566,0.5444138671392827,9.877917629694267,4,white
6.314844955122458,0.3745660662820584,0.44089175291594734,12.134155221973767,0.05411413706947055,17.1221289874945,56.197329562567546,0.9968813340738711,3.0434031013387584,0.367660486176408,10.418279310789385,3,white
6.514782669862169,0.29276613498434495,0.3599902792829209,8.356975892721909,0.02460711772856633,58.51140177256889,237.2944312708636,0.9944241096495886,3.0483310188437733,0.39617788454745767,10.753220436266737,4,white
5.949240457360629,0.636654850856213,0.33460974596808923,4.340802204675458,0.176642998312048,25.614669911029697,130.97644426324686,0.994764191869173,3.192252058905467,0.6130032868778278,8.0,3,red
9.001983472268563,0.4601281726625789,0.27134200013935356,3.648257043758106,0.06076994154357633,27.04747946652827,177.34814324440495,0.9974017052001891,2.848568275900051,0.8269259177557117,11.660013685215274,4,red
8.647870209148682,0.15081567324891892,0.3774914165109684,6.496515710545872,0.04321642691036971,31.561387015213278,100.90222479912629,0.9950234856886941,2.7618304094590345,0.5978100782217752,9.22848299398725,3,white
7.278914227138032,0.640433235091475,0.30983528890217893,1.1807995224573646,0.02691426364921403,26.0836027104894,178.7824201461501,0.9958800091246055,3.1546766691003105,0.49092492812364985,10.9613524536886,3,red
6.19763615006054,0.3215147732929836,0.37274797474411686,10.618535857860277,0.043798981155719334,15.045588703165107,83.27516883733207,0.9990523798844384,3.217587284917979,0.4814748692333513,11.105213009555186,4,white
8.172586641298022,0.37546421221064136,0.3482475190984078,5.100261060493046,0.0424305321209131,19.261204911445127,103.84650335691067,0.9963398441334372,2.8468141359060346,0.359917367261849,11.145581127050422,3,white
7.225439130730953,0.21925591047167864,0.365304602391553,1.7205624714370535,0.043989612270585246,24.547407951860066,80.68349283291093,0.9955313662284907,3.226369164387997,0.33065608484903497,9.722581856939334,3,white
6.480855897245542,0.4634701395121459,0.051938635935023236,2.2109441505123835,0.01,6.3374934674780565,48.00307911845157,0.9988133975175904,2.8518190496933844,0.5723753204558872,8.662821724824253,3,red
7.018648520592269,0.6836148005804554,0.3586080911448036,2.1661402748207244,0.10763622212683799,14.576507423051767,104.27914387718413,0.9963694615582998,3.1080920821144016,0.4088506344946709,11.21223829396659,4,red
6.9774201825368065,0.2843486928603803,0.1239770972573557,2.4334120119194194,0.038979402026646126,20.47530913122644,56.47339383444993,0.9901775748806931,3.3118479770094646,0.33677740986525206,10.315860178647739,3,white
5.530866324289566,0.38679577442582935,0.3805736619276229,7.838643866440929,0.06644217035404963,22.939420479698132,134.81086156775308,0.9961764798617229,3.104504001653115,0.6656110977280204,10.054188929397794,3,white
7.240094054053109,0.2779001743665724,0.18844326787863797,13.500587952641439,0.013442972078806098,13.141576597657139,63.6548918052527,1.0051999586998241,2.861276725429714,0.2963208755426489,12.342393280051935,4,white
5.92697460059404,0.3467781560596187,0.2895471632953798,9.80851233963675,0.03184853451332352,18.34217681261754,106.2898767046094,0.9996615796929862,3.158500693084324,0.5076684007589599,13.426079214204785,4,white
8.723952262308284,0.6448491982593363,0.1311183076140601,1.2583275887508287,0.10506110524433969,33.03886719510891,175.8664350561193,0.9985004613988344,2.8772299577956635,0.5707779685528691,10.653299544580577,5,red
10.815905036113044,0.9904758714202855,0.138951722927807,5.447611265875225,0.1003506588149039,3.52273119333237,17.070991285700845,1.0002952243495267,2.6037423415385357,0.664747155255511,10.189915610674232,3,red
10.75439982692454,0.41232205904321245,0.5589911831602823,1.0919331398325414,0.01,6.821483623834357,53.02850320491192,0.9956164134472673,2.883118380003831,0.5923413982688323,9.780684385596064,4,red
8.228877033707432,0.381478505965752,0.12662993701765693,3.8795367107405543,0.04314360083131313,39.87958399259561,183.77647427170209,0.9935734711852463,3.1967086553700494,0.41258236080153515,9.539186708544975,3,white
7.354556399655196,0.3780338670217764,0.2796066912517561,3.092149623978584,0.04398942721489425,16.566538976717624,87.68105248376928,0.9994437630493608,3.3695675688021303,0.34283689910024573,8.956069049520314,4,white
6.855264571909855,0.463934988965002,0.23143367889482516,1.6126015629014498,0.18932147443195368,16.959987221841388,122.79548004863227,0.9952247786294183,2.9395085554833225,0.6243156755116466,9.63143337121531,3,red
6.730503481611463,0.1,0.6035403826799431,0.5,0.07460445323132664,13.65061896930815,64.01265964426442,0.9985320766097067,3.380199067482053,0.3592550855539044,12.704190442233399,6,red
8.258987351912996,0.7671675564094328,0.43914702515893667,2.35752215182843,0.09103999723680913,13.29168130514656,65.76849571485141,1.0012574210986602,3.3577612052119825,0.45138804672529653,9.25693925660354,4,red
11.944704951853055,0.3853385777654485,0.03987733343665159,3.047774952279095,0.011169454925333167,11.60323699475172,50.461066527745906,1.0008497239777339,3.1245828048294024,0.5337012036304823,10.621742356704399,4,red
8.994029684714603,0.5265044709402081,0.3769473634331274,7.357342502246734,0.18737442675514182,18.007232729419417,57.15491659461236,1.0027951535552213,2.9170216805539164,0.7441734379078154,12.331077478077097,6,red
6.773742142486635,0.26291058018331365,0.4671310438099374,4.691849896320269,0.028791891631953826,18.923005176206704,47.389829437374985,1.000036521459064,3.046458727754091,0.30642465747865094,11.8106873302809,4,white
6.687566185601813,0.2967116599224976,0.009394290793964255,6.200259623559427,0.01507511023051196,36.10121937351239,167.3029430517274,0.9963240360308824,3.0245491080261844,0.43151234506051034,8.323341035436586,4,white
8.300053465316454,0.36448535900250434,0.49265946394500093,11.3319788709561,0.06609217359688625,40.23479052234636,204.17660955664968,0.9944089280282727,3.3404406598639254,0.29508443253425576,8.610324751989488,3,white
7.402636068701311,0.24346225641433433,0.479297688436769,1.3508539827422918,0.07336672234925473,29.334304092234078,153.4619085229373,0.994877511484706,2.9882105671135477,0.5220899883774108,10.437723135814778,4,white
7.635208120175904,0.4319394596941342,0.30873781494859365,7.793413370997817,0.048597088267175036,39.962005770706384,101.48672673505847,0.9964396874170381,2.8667471937096938,0.5386138822189216,10.548385452887505,3,white
6.9436852258403725,0.31943738453924475,0.2076626602010792,14.986461517990605,0.04557863201117049,82.33266637112122,279.3471028027478,1.0042223015898346,2.900817252352244,0.5083245149071445,12.583588570619867,4,white
9.048024565090666,1.0059818024630662,0.43644889058066094,1.9578320934912385,0.17864882692681672,33.831315190121984,109.83321719500866,0.997378044563814,2.944953413770479,0.595448310563503,8.915391891651247,3,red
5.868980218108721,0.3314532466341808,0.23329668536958909,5.1923741686772455,0.04409953034426703,22.587599968575766,124.61855183794333,0.9963845735512094,3.2289413389884962,0.5163219126258392,11.040496993578845,5,white
7.189316778572684,0.22428701114015923,0.4473190964358128,6.037944088677499,0.0864525990200665,44.94975084491008,119.67758109625014,0.9960544600051943,2.686661045842712,0.31366565671209734,10.798525392056632,4,white
8.737835664228701,0.4177215870747551,0.20756248960769294,2.9619944935347475,0.04474640989693784,15.030454700535218,85.55942839906493,0.9975183331767726,3.182566066026102,0.46375949784181725,9.857564423262584,4,red
6.634035336070034,0.272920757481528,0.36005311122191436,8.710018713730422,0.04049102414150384,50.73387810432685,283.89446796270613,0.9995583733154779,3.082233562012955,0.38098809302838965,11.476544093906515,4,white
5.119653734256046,0.24874174576042235,0.43310571216476645,1.8157600378662322,0.06327818772120555,8.094995310180511,29.52596026050656,0.9986502992700325,3.406893315887231,0.5988053683578989,10.564267223746782,6,red
7.66260269281882,0.19496529020257702,0.3164902242559263,3.438917485004974,0.030463086210502317,37.53580734020009,103.96619466853296,0.9986416094983562,3.1042830158996835,0.5821639174244585,9.77632820472245,4,white
8.135132847842671,0.26767019535810016,0.3327132028577466,1.197956979490024,0.07785287085532999,32.91591316518035,109.13328013435857,0.9958439161712344,3.054732250637032,0.40054147471876406,11.083839963335237,5,white
9.694819708035519,0.628331164640666,0.296838856616618,2.138909036264048,0.07220085939303526,4.763208861495459,36.91252057368854,0.9996970015759956,2.913671827300019,0.565177658426167,9.812560367749285,3,red
7.123756281201885,0.5247326935367039,0.0,2.5396844104125385,0.04457363609036257,10.952266930116279,30.744688462971247,1.0017507584114127,2.9512397753462305,0.8318807249417933,9.056382475164343,4,red
6.204562205882118,0.13557786797432594,0.27551443222083793,4.157567772834433,0.0937838506088744,35.45526319182959,211.99971129749653,0.9940178054473615,3.0134196490345335,0.5097040595156852,11.409632854512566,4,white
6.135115495734126,0.23121288251838304,0.15674759333081498,4.860389737679148,0.04234869502851165,29.335724165397,158.9271984769263,0.9977334447202396,2.8149232698066053,0.37126902360952796,12.087381922980505,5,white
8.669351266805895,0.26556880675832356,0.2758515905319707,5.991139972043342,0.06449248935141677,17.48601091112505,75.97520166876944,0.9952274187078962,3.1925032939575386,0.5164452335035522,11.013536928706234,4,white
7.808522705242914,0.35117343679998125,0.2381377803787703,13.380724903882761,0.05378760251876214,11.463297512010511,41.685421633333206,0.9950806946263325,3.238554018611728,0.37152860290663503,10.370201704158484,6,white
9.45921553236473,0.5252469637473932,0.0,3.0958737924743365,0.1811260900212038,11.41008100808121,57.727475701556486,0.9959068014187824,2.947565691823235,0.7355679824346019,10.358662449406184,5,red
8.521663223072302,0.08776858125271672,0.2622001172108198,9.536539082632512,0.038368763378417936,17.39829833011302,93.7868384774374,0.9996901746474924,2.9247313032349083,0.48437660323936516,12.401687571654143,4,white
7.240661105077901,0.4136790842281155,0.16582892896423537,1.8015413091205736,0.1179642568195432,11.534322042171896,70.05276055233901,0.9981789362572153,3.087840761087583,0.6674844127855077,8.805524127223993,4,red
10.049564583453595,0.673989542349569,0.6475416112228938,2.088133186810349,0.1212874094963515,27.713343167038328,80.88639913111254,1.000835616299724,3.203995551489246,1.0191282794636765,8.0,4,red
8.555512994485193,0.564289942360232,0.4381939817679083,0.5,0.07667668426991354,12.150605389419278,87.60518177379097,0.9958939819809213,3.1231996694719917,0.794426481230772,9.984643761704694,4,red
7.398562048766851,0.631791736213678,0.3995898924853978,4.788081925283102,0.1419621869113537,29.097011581560707,201.54791779588405,1.0015610805419393,3.1279413992585607,0.5243772765673875,9.631955544427655,4,red
7.870634142631628,0.5604849483264941,0.3992410600355854,3.4851621937525827,0.08715086378488439,22.342593506956415,59.24461326875771,0.9985396422768389,2.796667240788306,0.5954747872620431,10.150654445194359,5,red
9.69723425743788,0.44112381503096376,0.20994615735486055,2.0045763213216117,0.0544143949573091,13.541679135700173,91.47052192597805,0.9998011468160571,2.7324287229437605,0.6075483748808633,10.938594391159167,3,red
9.319212861441954,0.4105646368116193,0.5177148316232416,2.803049504048858,0.04518120710939697,18.281642537629303,95.24771441169162,1.0002262939136402,2.9194429308781635,0.5786260621314474,11.824197001526791,4,white
6.08240184914175,0.6019438313154755,0.17443479359524483,3.1480285752087234,0.06333726983665025,22.837274051626302,69.20068474781299,0.9969771417714891,2.9905928951962713,0.6318341740850674,8.916707476065781,3,red
7.502401391422002,0.5632424550556835,0.0,3.112123838894273,0.01,10.544355772060033,64.18618816226834,0.9987104651988316,2.8626471902956037,0.3511677824017522,10.046491787962589,5,red
8.322103216192442,0.22526777344483068,0.0,4.597499241312594,0.04187394928353071,24.359012284850856,102.45274573317022,1.0042897905242651,3.413095586552402,0.7907457527024775,8.822362842907333,4,red
6.928573881861413,0.20214173542538433,0.20481559185730952,3.9690378086953335,0.02716578179638093,32.76578331642265,186.87535097045065,0.9957343753747773,3.1212587409824435,0.42956866545326,11.249892106162612,4,white
6.966736706338001,0.3092296012614,0.6823169849565731,5.368333830158872,0.04798183650588236,34.65649963181476,140.62798310841626,1.0000561883687922,3.2431942222425905,0.6522647022736213,10.990219277985322,4,white
5.9026902323017465,0.1889041824556722,0.2599607451233499,7.762958893285793,0.026582859704842705,14.678960655860028,66.41515613885102,0.998431596511165,3.0910283684085966,0.4916965267977882,9.880323018407076,3,white
7.525499701998989,0.2816504455311129,0.25527924272197466,3.117035127027867,0.06213074842767506,43.68080338743798,169.5643853405026,0.9956595584240451,3.1250406219793465,0.4945981595094064,11.157450284393642,3,white
7.432972121946931,0.3482484731522113,0.0,2.303375461545198,0.08992621324747861,34.176811040246406,164.95427951746535,0.9969373628046152,3.116289935235133,0.7311814750088851,10.635981426446977,4,red
7.984379739671511,0.1,0.24389936020411465,2.8872471146512484,0.1079198999771372,14.740887561233658,71.02049868873905,0.9985110735653473,3.2369359316147954,0.6187236111569684,11.227979562966803,5,red
5.926732936834852,0.37968162895388213,0.30811915640596566,4.349118948365544,0.09281419764465965,29.220338673492588,136.95410136889132,0.9927236975895272,3.270969954005941,0.3257973706503372,10.852975060666926,3,white
5.955157312375304,0.4745538288465666,0.0,4.849260714420024,0.034321830976218076,27.87933123977281,184.10589792853432,1.0028667755384886,3.1896540722441182,0.7367530420207409,11.256430187005636,5,red
7.348482978407914,0.2586909598066339,0.26923372626041975,8.98782540676497,0.02271408923273717,31.785159867509755,82.33981715630738,0.9956623820838421,2.7327920568176904,0.5872369026946378,10.273913020619101,5,white
8.459236506926063,0.3644905922621709,0.28307403288250893,8.604212315501979,0.05204847718354192,8.532796664832842,49.24902212657414,0.9978702851495489,3.084769085509036,0.5034512908598421,9.762363812390799,5,white
8.418663544483033,0.5645688409682057,0.3965993751727503,3.0665346610683146,0.09741018543524313,12.782241900557658,59.320987348557495,1.000058890730115,3.1454618920983193,0.6588548534606027,9.989068199981736,4,red
8.655068111508085,0.3093621806595786,0.34455903376396574,2.7524509565134765,0.10653088484928884,6.825274642579441,32.115796903377486,0.9999629419376443,3.0762813922412646,0.8482440917077088,12.466105086918606,5,red
7.646362900207694,0.1805894265769178,0.5152652593267203,3.268779364521747,0.07206330755338207,26.996994008877962,68.54486882071927,0.998126805687141,3.284279137371561,0.489255894697786,11.035405133331896,6,white
8.244319440632804,0.148066118178453,0.38347336146814315,1.3833037807595727,0.0732311330591134,11.514581405672029,70.97533457299774,0.9965635438460341,3.0025570357167313,0.4311330590505839,11.692746901124616,6,red
6.469769388631426,0.35821156049763864,0.4688988877442998,5.373901581670168,0.058887980544283916,34.2691687000045,105.22109519588764,0.9935050813190909,3.147871405392139,0.45721514083838644,8.962814491515068,5,white
6.942929523786266,0.3624607291922028,0.2811357645906363,6.948782603056964,0.023160935729748377,12.757152411984018,33.83614374245407,0.9977669575525872,3.135311382777131,0.5967273366134971,11.238045153313253,4,white
4.179405144730774,0.7005547631821144,0.10919996428151021,2.669613170572618,0.2193513374749683,14.767896565484993,117.48658084940159,0.998870828341846,3.153254735394942,0.4570277822523104,10.580038938452692,3,red
6.473889366310773,0.22763253119444848,0.33837633550040735,2.6350845323875407,0.06953321699827136,18.232131089095443,80.16443339783108,0.994241071878413,3.0900352531130455,0.5837259159991026,11.523800183621026,3,white
11.13130655558638,0.7010553665552437,0.5652904799358072,2.918318805820514,0.11750034949418574,17.60727669436119,51.480944025760785,0.9976160306508544,2.871349057819289,0.5491146944724365,10.007697656447052,5,red
9.755877950349904,0.28987541091472324,0.35781280655556913,1.6434070159030283,0.010363811494376707,7.1546015856669065,54.372528570570566,0.9968189549044042,3.09549039567295,0.6185828905279519,8.34551020202435,5,red
8.629952987927124,0.4450236960145171,0.5162156385539727,1.801197834681673,0.11367196989310899,26.094157702826752,173.80299803261906,1.0006014092030688,3.0539738582956457,0.7119390742585254,9.814657684862471,4,red
8.118048388077252,0.6656014917988159,0.15978988413969186,3.078137398107648,0.10873533734797496,17.42570738952764,123.38617430223,0.9992868508369346,3.1030511326276042,0.6781009717658206,9.688271619671479,3,red
6.977711631095513,0.47198231554195885,0.0,0.5,0.15313981053503084,5.008913142932705,24.686696710295223,0.9992562966788887,2.914045755026168,0.9748894621920505,9.74072107137685,5,red
7.321415695395785,0.8251936152868508,0.38961062100214405,0.9793510244883592,0.08659649551259854,12.675784054728009,31.658568174376718,1.000353165247391,3.083212655570538,0.7344211484215903,11.92639396886245,3,red
5.455155275646176,0.33188439229401123,0.2649217097178159,9.53906490106796,0.02650865818556917,22.941903545403665,116.8477172313526,0.9948770007649238,3.0639035621100206,0.46791010420041845,10.019653822405092,3,white
6.801820892594994,0.2964278764334285,0.48174099374725765,1.6113318445009845,0.02518711959846583,24.17217223489564,103.53794798672914,0.995333616630591,3.08798021574404,0.6139396000456497,12.020553771269688,6,white
7.382408543474086,0.5961117164122414,0.12892799581770706,3.0614760284082,0.04380845131042542,19.114163954921246,94.63170140839074,0.9977665096126334,2.920370714408965,1.0846940200555992,9.423332895910205,4,red
5.692005909749443,0.6120597989746894,0.05671648681356137,1.4981150174335547,0.01,4.845943879132272,24.143179980644238,0.9947085315545996,3.3541313103100463,0.6964280235954823,9.861011056230591,3,red
7.549234510009883,0.26772204727206617,0.547264180962187,6.724027271913922,0.02830610572811282,42.99048066436027,205.28461352771563,1.0001593760811598,3.0535721112617464,0.5615590137875361,12.544955555439412,5,white
10.770753611100092,0.6095493169224937,0.5937800480885433,3.4686821917620367,0.14966920311035997,6.865921235722926,35.50902743572246,0.9965315833532767,2.9859955441649944,0.3263698159314434,10.098727475508138,4,red
5.761482964517883,0.3982240389858449,0.2923509798122117,8.084991323238704,0.026675189498535375,10.783965732948696,63.39721360916127,0.9982375790404622,3.1022324748932437,0.3218083473143732,12.629302239456004,5,white
8.485971150828318,0.5837755235058235,0.13050697823208582,2.7251459129751283,0.08449759920580747,13.506297469238913,35.00757020460635,0.9971877119195702,3.0335870321879006,0.7365542005527231,9.972453767200996,5,red
7.972986359872093,0.5570754029258438,0.41075662562982396,5.860364517477573,0.12845934728754882,10.903474634055572,72.07632407272989,1.0014074515601454,3.058218388794643,0.6556277577293054,10.86667564643574,5,red
8.496646878297861,0.5783466101953862,0.3347119511160944,1.068578132477293,0.11198001534289291,13.155668749374637,86.08771564796996,0.9959321620267255,2.8678788323407964,0.4948080795229224,9.680766389872925,3,red
6.405415981279846,0.2755348698871377,0.33229160547745096,3.0115117149692727,0.0356417317169168,29.823175508673508,150.11060969060847,1.0005622252465451,2.949088923892724,0.5042902839939253,9.795069067891173,4,white
5.8676823263993185,0.7340786174360716,0.3213108980943702,0.8895671347270815,0.01,4.861087037975545,26.40162408244726,0.9959353618023004,3.0592114278946076,0.8856035577368788,10.739785922596226,4,red
9.002839335480292,0.4431061660072342,0.15137437595448744,5.317147942822813,0.053012828993188855,10.554242057371187,51.51969122760013,1.0001070268483883,3.001842499239454,0.4005325710480517,10.20765220075565,6,red
6.452168329820224,0.36261618320092937,0.34080003395727887,3.3410322499749854,0.037645915249255535,40.485209303078726,105.03527921527156,0.9927876789284699,2.917534736792691,0.39425495114415504,10.633933028693592,6,white
9.172554636292706,0.49465702716470394,0.5459688315494416,2.0085158726169627,0.1049047832775904,19.095316004340614,144.1999563291775,1.0000848398578677,2.9476269396960366,0.7203264795913497,9.810744170042078,3,red
7.215842026772764,0.7045022960948126,0.15450370047159462,3.302707270374527,0.08642925967647798,25.460728483877308,158.7634202700481,0.9959965775095726,3.0900305326993194,0.7949459081166772,9.400522523235093,3,red
7.289597845176404,0.3567669488764368,0.04143074441642297,4.574529583166032,0.04674663347296919,16.710183422566473,46.88593760903225,0.9952651660626846,3.0403748693773602,0.3956776018802713,8.767288164149956,3,white
7.077292040505113,0.2522329802913694,0.27079704371297847,1.8444305144889015,0.037743506266304745,23.189768040896432,109.76848634169504,0.994329729884098,3.06828721796244,0.55820952484494,9.021410370302348,5,white
10.091191054233327,0.20048607856583778,0.2413408348023279,2.476020662214792,0.18184963698773754,25.5640675067767,170.91289143785997,1.0015649755527283,3.0169216429671764,0.9206951429666526,10.17507603763305,5,red
6.811448969245913,0.7143312546460633,0.4201706602498252,1.1504611373584588,0.051898131827372,24.818784699789802,117.78477119616711,1.0005242042246623,3.17675113984941,0.58207954923323,11.135834350675346,3,red
6.756044203888528,0.2509948216715783,0.15735243000643565,8.182509446390076,0.04567065080331901,80.10251345323766,252.32762208452968,0.9920574779278856,2.8379847998031007,0.48772288965714516,11.340994919790003,4,white
6.556574806216422,0.3109459996003456,0.44841581220444465,4.426139023614614,0.04421884865579098,61.88901499026957,276.1065103934585,0.9936412857998309,2.9307146146416923,0.4040085480553012,10.238960665952,3,white
7.508259418930564,0.5655679288446319,0.1250822920724193,0.5,0.0489070366284541,14.687991822905524,56.962266747124616,0.9968402633994872,3.1526412705857396,0.9265053513264911,10.2926236332117,4,red
5.3876713005455095,0.2875172678846547,0.09484663550619052,4.503626990747718,0.14479849113622506,21.067989361364035,137.21432633182258,0.9992106235542377,3.0213265808202188,0.7943073447020524,10.354913713870925,4,red
11.926156736915654,0.3885218971085691,0.18176319016121636,6.212300038216462,0.08574956006326186,26.15232059087321,107.14199645512863,1.0006859541240132,2.942585172315658,0.309718922081305,13.774252322745316,5,red
8.161963686421252,0.21612766794735852,0.3159533612297683,10.967324843751436,0.08132518237205855,30.465343488221933,165.50755372453,1.0008168586113497,3.1163560008332514,0.3379485505450367,11.840675997280696,4,white
7.130422270411688,0.18739475381207354,0.36654356991961484,8.11184255496493,0.08569787738371673,28.794060291963945,92.99822575476963,1.0011605945053994,3.094400786284707,0.41846530656396175,9.196452991675738,4,white
7.727486204254608,0.3349041811347732,0.32929173092153396,2.9509240360422755,0.059100896615883414,55.67378096328617,165.37459284787587,0.9931911401530346,2.8459218485818827,0.43089820880183716,9.465805378276253,3,white
7.686357518107565,0.6356048842655495,0.07683020557046555,3.7076693818397706,0.10058403637845394,3.622591022705164,26.540989406878992,0.9992712129147138,2.9643017753756586,0.5864621212890766,10.698348175619072,4,red
8.7005633389929,0.2421806314892709,0.4984056639292386,4.768827881403373,0.02803466388292916,59.696969961922974,348.6879783407983,0.9959608407466287,3.0645771402745425,0.5372284637541231,11.126975787712952,4,white
7.5526441200630625,0.31885852890326033,0.3594257645645248,10.326224336595239,0.07850924320670735,26.986059687471716,73.11778863801969,0.9977000910429904,3.2130331603436084,0.39587531368216167,9.813894897170803,3,white
9.055247629526269,0.48339710473326614,0.38636907086258443,0.9921596259677445,0.10089134828397704,14.535255726995636,105.82811722701983,1.0001747812916386,2.7742193718405246,0.53481663209948,11.257750091443441,4,red
7.355688897427568,0.8495559606697122,0.4283334432382584,3.9864435852147593,0.012409413208278389,8.042750943187153,58.240435777023805,1.0028328294686564,2.999150194586556,0.7180085275577224,8.772761479198271,3,red
9.416141134677511,0.471530350968448,0.3759613015377737,5.52580089043504,0.0974270682897431,15.306289423159928,68.20588984387828,1.0000650973979182,3.0677551198439974,0.5774749672523031,10.308584160741734,4,red
9.402806808902394,0.46339801462121705,1.0,1.154649447508539,0.01,14.091656783312057,100.07602132094549,0.9965121479891428,2.9414028092250812,0.4426893376457265,9.71702733689401,5,red
4.610332033139345,0.2813321019523265,0.3141552376221313,2.9919393059501367,0.05200145449829155,16.641801149961438,85.31432624571832,0.9933365339733062,3.2785079234537804,0.5900042287859507,10.695554005027617,3,white
7.0969619084480735,0.6054234216858881,0.1900552592005999,4.256915441051068,0.027292164853204987,20.353747857699407,142.70777405086804,0.9969137527921446,3.1715171421947983,0.5420666974923747,10.65779565980188,3,red
8.050002451446366,0.46932452519875295,0.3792889530602476,2.2242778358837865,0.11438599821171373,8.515115474728916,18.6707316633568,0.9990185410665269,3.2388645623235433,0.3113261769505634,11.966895544398001,4,red
6.2741602810646135,0.36792965256794324,0.4265293165108292,8.364944338019097,0.050497793751509826,40.494643932757214,183.63116765798682,1.0004047739010002,3.201815937204541,0.4959734293658966,11.103461622142525,3,white
7.9608657984047255,0.28779744618187325,0.0979147293902857,6.013892948504624,0.051285073766949844,46.66065654683211,234.5489693379251,0.9987847746439137,2.676960249249003,0.5345225944895997,10.804311530028968,4,white
9.584165083903786,0.508085448491009,0.3322971095902779,1.3112650795216438,0.01,14.572540058709516,103.38916231114683,0.9973597339483439,3.117765708554389,0.669870851104154,11.529508155145763,6,red
7.067887639082363,0.32226115733141264,0.345157321656164,4.954503871063108,0.04419726538737971,32.14084730742326,185.61466017090066,1.0038386977502176,3.0435160450866663,0.47990311685059295,12.244661386257764,5,white
7.756944201171713,0.08,0.41332138732885587,10.711473333573839,0.053399079811677096,42.607728815381,144.13980876097537,1.0018501676305283,3.1200616100536953,0.3389343292263096,9.201538145049124,3,white
7.234156001760796,0.5521768652212075,0.1718783676613614,3.2071574475286453,0.027103898679960874,5.418080139557805,22.032992819411884,1.0008676804658672,3.1332516425622807,0.7906349243255503,9.7254972334709,5,red
6.357967640446159,0.3362810969950088,0.3267437720857029,8.087699148582285,0.06934292090203877,20.615470709977078,94.3271656070389,1.0024542682779694,3.001185089794913,0.3748667335505142,11.839318398927064,5,white
8.507416684897116,0.6635829483929406,0.11718000566460146,0.9178871850002106,0.06454093738634678,23.174239698094148,135.58442172533213,0.9960215524063316,2.990703648652486,0.6185119466103309,9.707928195266131,3,red
4.796433341479695,0.3405115334538944,0.3911734956832541,9.673926535760746,0.020248671537164007,24.513842830306977,131.07757710267313,1.0032487382356916,2.8927718430066176,0.4598774206656109,8.864284615703617,3,white
6.92233849916232,0.41904794772046483,0.3094544995461466,3.415398048123049,0.0173339577200743,23.97072700466505,114.56123073126662,0.9980602990920671,3.047144967091242,0.4360560822181337,10.590597610799284,5,white
6.0263990093555035,0.31858127032086403,0.34205333962317375,6.169960668199892,0.020937993266197507,28.272601444266826,84.38314379653475,0.9964125577831394,3.0651981170900475,0.5210897241885881,10.303143374222156,4,white
6.447326090184035,0.20625946544198248,0.3028815180586453,8.958740065511966,0.07746380035961314,29.379449822267265,96.29706515826379,0.9985648376080448,3.267852396755134,0.5056696934957267,11.451287627193093,4,white
9.22371232704589,0.6347775866243509,0.837199210494648,1.330966998793295,0.07303831122998108,6.714834999741357,14.177865873488148,0.9975288331409164,3.1901732454998477,0.7005620124552372,9.354169512557649,4,red
8.414797947969472,0.5256161733930231,0.5285251332093437,1.8380817355877819,0.1529661606018463,9.229204892630086,65.33635315759902,0.9978214214309915,3.1590258885396456,0.39986359521017334,13.517281455131187,4,red
8.268527668812938,0.43167599931455314,0.1998373435432214,1.5206664876174123,0.08742961176366373,8.89015859490815,65.40290216488103,0.99377643249815,3.144962777579152,0.6461644319716995,10.296407736797772,3,red
5.964427791851122,0.16081843090136924,0.19432656912593058,6.355740893083262,0.020249842395650277,8.355096242797725,33.08078777214262,0.9931725322777264,2.96202736766593,0.641692556506842,9.542535814204932,3,white
8.709558569887372,0.2313460965443686,0.27250714845637053,4.411038306737398,0.03565900592659289,32.11691513332993,177.47650623704163,0.9952698623153032,3.2126675902427024,0.5920414437580582,9.386176559083754,3,white
6.727536675908325,0.267884195080929,0.3730704610647172,11.64981680263121,0.04869621345291697,46.70157234370218,166.23665090306488,1.0036886115866586,2.9607998395798747,0.4863247987892281,10.417039722134335,4,white
6.902225327537067,0.5589033165889756,0.4027773998384816,1.7239046349128624,0.057730864679910385,9.3241244975802,59.433857281634815,0.997595095484661,2.9672432028184303,0.6323648650292382,10.896582643186823,5,red
4.833305297807829,0.6768326982570734,0.07626377564849807,3.0431936120781025,0.0857426914580155,7.361483753412315,58.07102285655625,1.0017633578374294,3.0867474151749197,0.9025621440984608,10.866010367386508,3,red
10.623686254655693,0.5326438750512555,0.007601525400782794,2.154864612457444,0.11882880050345862,21.3585426480506,122.80168463231236,0.9964459336515343,2.6449561635487244,0.6716667939885684,10.722647803302522,4,red
7.897408368541986,0.5802189492002844,0.25743480322109374,5.7498839451147665,0.012083704698304928,35.13199937487507,109.05837587154072,0.9988741804541035,3.1671405370497556,0.3773708346368643,9.765311806748617,4,red
8.672555557028698,0.9316340263146738,0.33810618745982784,1.4680161838972587,0.07676877400344695,12.56992817693812,60.75908315956486,0.9999829518268676,3.1309039317507756,0.7155918240958542,10.897633931619406,3,red
6.500862204883571,0.30661150248621455,0.3445505700118433,4.609164842255121,0.04759916818677953,33.20223467582931,170.14242058993628,0.9947814009099258,2.8949757649926724,0.33749830205626374,10.192735451525698,3,white
6.149788393647715,0.3752087770818275,0.333068138255351,5.254778650055024,0.06013443782459761,62.91859172462724,173.783679858265,0.9894795004453389,3.221406969684931,0.440824012043733,10.60375090805093,4,white
7.396906816720497,0.454818045806926,0.540694865223958,2.9454852686648008,0.02668100100212105,36.40892078090157,173.95520976859618,0.9976136264846538,3.0409533831689792,0.35820011717426004,10.472657238194667,3,white
4.990079928592976,0.18132923142857582,0.4544474747717313,6.994701160757412,0.05383271427679708,51.68348440886769,193.13237459050669,0.999674841264585,3.0236609329688613,0.3737281845539106,12.236945798815446,5,white
7.742974350783795,0.5393502594453139,0.053621707621653886,0.8823659567665146,0.048839682021924326,16.8056392254998,122.80606455190744,1.0001076526246464,3.3673846882305556,0.527261518495905,10.478691978695664,5,red
5.354573907239214,0.3803801889635533,0.4798386904667566,6.567585058562142,0.043299028634890165,50.26319997956398,153.35049500286735,0.9998998052906298,3.4118747959841738,0.3812095117885386,12.529980490077197,4,white
6.6857828275959985,0.2798230977140759,0.3425383849926825,6.336950568691686,0.07312420890690463,14.290461360818329,59.768366679001126,0.9948683416340482,3.1766256289954122,0.7398731904795016,10.806285547246718,5,white
5.928877986658891,0.4435554178348897,0.357901204038895,5.6174000999908325,0.05875078745566569,14.329760528659564,65.29635589515696,0.9964307553019868,3.0736129090869353,0.3965136482370857,12.97739326781241,3,white
7.045066430026673,0.14642140376151355,0.21320353299686676,4.166466579296298,0.04983934455400749,46.52010524815139,166.852443406944,0.9959940955043606,3.0359148484163057,0.5191443461316559,11.60400118141805,4,white
6.717588292435943,0.23619814382069124,0.16133772826586837,6.789346060016619,0.04273470176249761,48.503758387221126,165.00575231133132,0.9962791005304116,2.8377364505201355,0.595298938379708,9.388171480390879,4,white
8.8544261378116,0.3499403615709966,0.4755356782578375,0.5,0.05012868459769185,11.722831642807243,49.20679725356759,0.9970132897048878,2.967093510397587,0.5466465901265043,9.549589498467022,4,red
6.641126285066688,0.1623312578444947,0.3441861445558509,4.862717141703495,0.046916771287065825,17.071296312222106,84.23591091269874,0.9972157231166328,2.958839363439222,0.34647356733956197,12.732571623830754,5,white
11.356067095644189,0.5252261733351692,0.31897298262712265,1.7768969530543792,0.01,17.767377816464037,61.68372624334277,0.9953736022027603,2.857056997013444,0.7336396116174168,10.865211076249977,4,red
8.694831285173708,0.2918438371866503,0.31383317208654987,1.0183773977272526,0.11158286274928722,7.410050802785733,36.78292221030029,0.9990526088557524,3.157316892641503,0.7544439219115346,10.465057939860973,6,red
7.59086498604062,0.2828060806383913,0.221184874137488,4.76512384565639,0.04963089400383026,48.775733319489454,229.72461099746164,0.9976658759720073,3.214889113627576,0.5508293573438505,9.129270415295672,4,white
7.237300677772806,0.331585532802533,0.21032501866825087,8.680283247926504,0.06356614945751342,16.623199727860495,98.65404436351935,1.0020457122162825,2.966175587926924,0.29610223109542355,11.784190241295049,3,white
6.002617988161189,0.22761873954909795,0.2659347341191769,9.388690371519056,0.06556499396124577,41.19592826498528,221.32133576266403,1.0001982323713137,3.3593819732038535,0.48405920778888156,8.982653689288988,4,white
5.476366413022816,0.7712810802841661,0.30447105782165457,5.774358799877839,0.16313122200938912,13.456411174276543,67.69041491183863,0.9994726860590116,3.0394140525094433,0.7953505821459599,9.379962020676295,3,red
8.875443892740504,0.5661024555015698,0.34070003979530394,2.669968061397165,0.04543841685954904,32.49208271655423,114.28995326987622,0.9973050180060278,3.0591298867661867,0.5437333406905893,9.533693384140456,5,red
5.90561579618195,0.7297459715521202,0.4645048137603265,2.493486699391472,0.10775654647568905,7.9284508492145065,63.30933392180622,0.9965472221577771,2.8916098103773864,0.3301062306003795,10.959115188891188,3,red
7.900248232888133,0.4835888643500755,0.4082200478602863,4.367656736474567,0.011674676493818217,23.0371386948792,126.76688743145482,0.9942904139155084,3.1559735111011564,0.4822001082211166,10.143066294426921,4,white
7.15020835639785,0.31200070269279745,0.24835985865851212,4.911626804872499,0.02142165135371021,20.588274923853394,79.28036923615029,0.9935952513265875,3.074135617381541,0.4293378697592566,9.934800695096426,3,white
8.151686854830132,0.20022094456791106,0.24094242914588132,4.931873505266145,0.03657472193999921,46.28903837279949,181.96438373120534,0.9993997942343602,3.2864209696351745,0.3129547663719098,11.050261030542128,5,white
7.567008011594937,0.3140767675727438,0.4027451731221123,4.273193517306083,0.06297349567927463,15.778490123524632,55.386755808684974,0.9984671960766037,3.0138720790392486,0.6537462136147194,12.06552324401679,5,white
6.46136839385553,0.21305441384346036,0.26137186859287476,3.5499116490180413,0.1816438491145738,20.066646937281384,148.66174009416204,0.9994515275913002,3.3681770561746265,0.8356093334463862,8.757350502204737,4,red
7.584326382605553,0.48119775181233765,0.4456113265121877,0.5,0.11720486639717917,2.8654913822479466,14.543932038327526,0.9954188849161861,3.088672026887683,0.68797484140687,11.352447714167166,3,red
9.025701632853192,0.3672653935629548,0.3347817887418389,2.665884423389012,0.06675736999935958,56.22839774762441,178.04739700527276,0.9960127140508074,2.8099277138708905,0.6261481765764635,10.031301224821716,4,white
7.6499727480062685,0.1413224137308425,0.16082245167867087,7.759435662098281,0.048220833346370784,18.244813781731786,60.14659949505888,0.9950398084307741,3.1286667450902264,0.5342073129440301,9.321971140611506,4,white
7.4227239620304655,0.5190810535133683,0.7816763961562944,2.945973002762347,0.07618881052804173,13.98409635083449,95.58925439693195,0.997680615069373,2.955861285051327,0.5013154526415912,10.927116923603645,3,red
7.893788320327104,0.4009719822914951,0.37428792871029926,2.8858923191961523,0.14018418722235762,25.691429892931232,109.3365457523777,0.9980782997590371,3.321151369329614,0.5672560575347293,10.535355865214658,3,red
7.5743021810893865,0.715392947164609,0.32914864795414817,2.188268280727894,0.06748676178530554,34.18468254715785,121.40708224722873,0.9948947922029044,3.046974573019995,0.59970066946357,8.29221918060746,4,red
7.841983524757602,0.2294093664569289,0.3511173706806738,12.453660142083232,0.0536354579884061,31.06082657663328,183.38165623231748,1.005781452538091,3.10992491818117,0.48952166647100975,10.993143996849637,5,white
6.421054637866695,0.2122976714919274,0.29041393378077807,2.6233480133630485,0.07077046727394924,41.83595001317743,195.71289930247184,0.988832376720935,3.0354200671678684,0.4759748549453865,11.440117423972657,3,white
7.314020428914886,0.0825988044954018,0.4121163100966161,8.203425037891794,0.044188727899621486,35.99607673723161,126.60106579565247,1.002341110655944,2.973288949340678,0.5802481958579896,8.601614826355755,4,white
7.795131835952151,0.26027144169905614,0.14083082306283842,11.130447004577336,0.009,28.58299686583407,156.9732182712241,0.9953256372643047,2.974582426183838,0.3869554539259816,10.338644813375586,5,white
9.030350972525397,0.19246895546376602,0.3830555985087573,4.7255825280714605,0.05794586136967857,16.271814544023304,83.82429800534905,0.9961948064331804,2.7767210661837,0.5313466488128926,9.662680361505606,4,red
8.240989991501086,0.9626148053428896,0.22656601608539648,1.4002959189117767,0.046694324015131225,2.8625047523517058,9.351654818580313,0.9984294767613622,3.190461778989284,0.9027998164606976,10.165829342498292,3,red
5.170513806736204,0.5111991406632551,0.348824445068763,3.3185774132636374,0.03146841140176252,8.17129779512671,54.83935437007284,1.000608477157961,3.129776997689517,0.6415769237747971,12.422797220740456,5,red
7.0646760242747355,0.4380018762323867,0.16602440747562408,7.4871152578752955,0.057452337508565134,75.24615856103426,410.0768792942943,1.0018710556671637,3.029150950472981,0.49854793060275066,12.138069985814669,5,white
6.028428557661,0.25813411427482347,0.1701877211534529,3.787211298294793,0.031358254925809056,49.24584283384214,225.23568838782055,0.9924843252158305,3.2156780850285567,0.5242328353590049,8.809861031277547,3,white
6.01443413124173,0.6574785961861803,0.0,0.9674003502915581,0.14897504253231525,19.222594734804325,41.4839740042503,0.9965030518495029,3.0415065275268303,0.606735451619303,9.366346152200567,3,red
9.578286155567517,0.7191177912813702,0.2337047251059679,2.678625695560881,0.08460014873959583,7.302641467545117,25.684338454210447,0.9982026936289549,3.1004121169905865,0.8763319075395353,10.47987191765984,3,red
8.323679796252009,0.5603229757285306,0.06253255892489054,0.8036916647344212,0.1258337228656227,11.046138434279522,37.51689968579885,0.9984282448856113,3.1314062339562865,0.5626890104173923,9.175417636576908,3,red
6.86678744334411,0.35396229667440826,0.40855967552778155,8.473530365629713,0.09873452620042611,27.937119389795406,98.3070122268258,0.9984551408888441,3.1217094826193033,0.48567033127088355,12.505934031192439,6,white
5.4867436578281925,0.45734327661644064,0.4735931989246283,1.5184827811578225,0.09711537444866024,24.68720285979069,183.87545289477086,1.0006796326314435,3.3395156435870255,0.4366294355593051,10.550846741451139,5,red
6.985883367445708,0.3707355114751579,0.5048042078013184,2.05990348536136,0.01,11.438451964047147,86.15137505763198,0.9999847219054652,3.090949223726921,0.6476636972169376,11.960754348782434,6,red
7.551924372615129,0.3976046103338421,0.17420583210854243,7.307450048192928,0.010588264890466353,11.457613015584675,74.42066808463892,1.0017861879725054,3.275195067262283,0.5305203093809202,11.890488597775768,5,red
8.400671337824631,0.47682774617497475,0.43235979314265705,2.6018608273422785,0.10529909252832763,8.817307596370018,39.54039550606994,1.000661478030563,3.032598594138765,0.7830650343490277,8.890514602349228,5,red
7.446507818600562,0.25946534088887246,0.5498074283926866,4.197833006377593,0.02845010483901749,11.414053682478677,67.25710157273413,0.998453147595006,3.1158643311710654,0.5219804562926558,10.202100506118322,4,red
12.208126810152727,0.4895259232745459,0.26070953513991996,2.8678345529195655,0.125832880028236,23.53543725279122,66.51984929532354,1.001256943704328,2.9938316392248336,0.4801507674584855,8.513893865485915,4,red
8.78597116423234,0.7158583167814984,0.11066869829502612,0.7308447612833695,0.06506294690297282,16.068101490768175,40.84368974184977,0.999917087513489,3.288366450086219,0.6683975489756153,11.43042858988347,3,red
7.516914089368362,0.6474181181144155,0.2700393423344575,2.7296898392902884,0.09409281529037826,24.256769301854536,88.08031618625942,1.0010753297189237,3.092727700475846,0.6466668625516095,11.489973633764784,4,red
7.646733716436341,0.33674786341372775,0.18212249687727616,6.01136651845732,0.04226045790335953,5.621358808886886,25.45827129723866,1.0009026711777878,2.9997915797239822,0.5314364333544025,11.006981546321127,4,white
7.207061666103021,0.3675604930821918,0.36626688537094126,3.669895621284804,0.05218563314368157,47.87169742934159,208.28744856674774,0.9991129001780148,3.11495325023813,0.7018520052552487,12.5312561196975,6,white
4.829050723678707,0.6657724393664434,0.38440248087457185,5.553333981789037,0.17689816196440655,29.644338643154704,216.17508803986456,0.9987569265674121,3.4192531792802985,0.5829266884929276,9.91212314371956,3,red
7.420060791638509,0.42880975521590564,0.09206378878997679,0.5,0.02253270173416748,19.89865979597415,143.12263144698434,0.9949575212473262,3.0885260179791696,0.873460826148474,12.56506890067795,4,red
9.95334256436544,0.5650293419427037,0.0,0.5,0.06905167081340256,30.489106266490484,109.75886640425477,0.9994297941234032,3.18835390545062,0.4670394012620611,9.42033956126265,3,red
4.923894802806828,0.3868960580984669,0.29977286990010843,4.649405261682722,0.037001607348071335,30.72374411097222,87.66631233108161,1.0011048812502537,3.096267319070936,0.3260487406540763,10.565971045874742,3,white
5.800497357981107,0.3262806459181855,0.3727141457813192,4.366088630991235,0.05900950906579952,34.53940317023453,97.52580006597923,0.9966914011360376,3.235119763213659,0.46440944196496403,9.823356116993601,3,white
7.90193926297033,0.6556801964504462,0.0,3.0890268936700127,0.10262599993666689,19.735950951690494,108.14920062190947,0.9993132977267504,2.997670490700557,0.4517188052428154,10.015406696150606,3,red
6.8333256041404296,0.24887778813652214,0.28023008199493826,5.598419176618753,0.05203273077286368,40.18253690591559,106.13660467755815,0.9990084065093723,2.9752157966888357,0.48454350377253425,8.69078299421256,4,white
7.367919065102927,0.16752534691356213,0.326330576110645,6.320370663904677,0.021072346191972548,43.060695226232205,157.19236163564028,0.9958705015145715,3.026087200310719,0.7157635041333326,11.560192112526234,4,white
6.558541009731708,0.3642787532457141,0.06649980086668072,5.883058537763382,0.1014026252099929,13.802013985530543,52.73833390096798,0.9989345348706656,3.10929332984142,0.607972270939049,9.223484103534947,4,red
6.05874913727235,0.31255604071093235,0.48832425309875516,6.961822517881285,0.03899153330266168,47.26770791958048,206.37655949789345,0.9970206489093808,3.0726419057493355,0.4468857302086306,9.822828127031796,5,white
6.167902149595089,0.2057720314491263,0.13840082381714267,9.650933066905216,0.08050774665160518,23.618088761640877,118.17002474620114,1.0026975617712799,3.176951716636391,0.5415193715260103,8.868385094776691,4,white
8.14849593282826,0.2965702493679476,0.40104448299658696,0.9871647107000863,0.015229070141438511,19.710300691336684,50.565956444114235,0.9960269287261143,3.0891211479326377,1.0287760249713662,11.31840908216943,5,red
6.995474439232508,0.4127990588183952,0.13258832950322635,5.08000921805208,0.06111790445217026,16.449707752676375,82.52091423205714,1.0013833857081065,3.1706889035666808,0.5566254832242112,9.82881362702918,3,white
7.2108814371364245,0.25271166972403725,0.4670939475602114,6.473634419136088,0.051424146100940996,37.87583664384743,180.03017019840073,1.0007297959672972,2.9049227887050746,0.5005006514314712,10.167099082284428,4,white
6.602798130744056,0.5495407470397742,0.578932193918792,2.078754462604975,0.1373932456491089,15.40668930237903,96.72610327192238,1.0008459216833894,3.4096522043507114,0.7111347607534607,10.121546055593663,5,red
7.112565739768102,0.19926705970786002,0.3195906663305602,6.063280818154479,0.0365140461523094,47.1918948633352,204.43696296406387,0.9932221371613023,2.8725878365403763,0.5151429294960277,8.188838464911381,3,white
8.26446729026095,0.6265717718426727,0.6491768230589532,2.379861697469653,0.13687613098499937,2.814737253351854,8.77485790318727,0.9950633829233326,3.0220007872880172,0.7673779856695138,8.057208797754146,3,red
6.808321183521645,0.42983949574188507,0.49512077836366253,3.333667696123441,0.03958906005032435,40.214195860871165,189.86729027401796,0.9927920857816651,3.3097033955189974,0.6969982015904165,12.443186491587966,4,white
7.522065742539518,0.29535485542601714,0.4937717705826716,3.7451463228023547,0.05281404906791419,45.47479833142263,120.36758426269887,0.9993901205350039,3.1900935642948256,0.3670466256852057,10.744975925409667,3,white
9.682966381201087,0.6304058551433352,0.3645711869273649,0.6577166021678186,0.11731677920610287,24.463855449028927,176.68781757119206,0.9977817963634814,2.763030846585479,0.914186464637657,10.798767847809945,4,red
8.804873944496418,0.37754695730270105,0.0,0.964008961984755,0.1095337595119336,10.794760403084771,62.806466117356386,1.001479725293079,3.008279194617089,0.6164077212481414,10.504822431076258,5,red
7.546837463318508,0.47699379120649155,0.4224512126287585,2.931533335821432,0.05127553034232375,43.864169685421196,150.30801221149449,0.9911675651047724,3.2553107961654035,0.6365910070565528,11.43101273648391,5,white
7.376354692828033,0.33791629425114345,0.4295748976928304,9.060519589590282,0.08680256694491087,13.244761816809284,67.06648977379119,0.9951251186807081,3.017084178480659,0.4015003123836509,13.000885528382987,3,white
9.709989488011932,0.6139573968380347,0.7679506872956953,2.8960526555497985,0.11232439562451278,7.522706002961069,58.691476005279746,0.9984865297947665,2.839193689984987,0.6350173481756768,9.096079108429466,5,red
8.850942747971152,0.41739871372828474,0.4267686702868506,2.949948600786093,0.14046433361807983,23.997665166423104,114.56415720638637,0.9985538202969579,3.2072374379688964,0.7738463631838058,8.994255126146683,4,red
6.71617561912862,0.3980526291231722,0.18722512247810824,3.4152800269789747,0.07809755597030045,29.357869187618384,167.51862376283736,0.9921920971774005,3.3378775047743456,0.2923895406712994,11.58745904304672,3,white
8.33133768621117,0.4335265798794714,0.4621779767275877,3.5231666328019067,0.09257791695118148,12.972428695963721,76.35901612259677,1.0017517382017995,3.181979947435335,0.8170818797337194,8.0,3,red
6.994744139322982,0.5816823497363284,0.21794131445243223,1.4468990105962563,0.16215556222749833,19.985449676638655,135.45740311820578,0.9926409713465392,2.9324279907826063,0.367663321826859,9.428723788702913,3,red
5.694659590210726,0.3139864633284705,0.3149955258815521,15.532849641249001,0.06126844191533632,51.97778586961161,290.4528361145433,0.9967508760372641,3.1517876299381893,0.5667229199892305,10.864764213473201,4,white
7.636977659026596,0.3726883750554977,0.4027560220016515,4.881996353038996,0.009,48.33514540338511,133.99954277284496,0.9990950941814573,2.940322685283038,0.5229353131819235,12.992155902395456,4,white
8.507028032228465,0.28240210277498445,0.3042327127451391,5.494467581788446,0.09218348942361197,40.83171228818071,191.12864783795268,0.996515517265484,2.9855095975426167,0.5911516601549107,10.980582630289737,4,white
7.832412114842206,0.7453936675962172,0.47386582907554226,1.9225327362306528,0.03562394465179428,34.34808655112717,165.4141327283154,0.9972940079659414,2.9198478225219704,0.6672585366579354,8.955477548048883,4,red
7.142212182292703,0.1,0.256959531243761,4.394206882508537,0.12690970247881297,4.738473029048737,22.98721552077081,0.9972975208385457,2.796611270401105,0.9231726477524984,9.514282325705679,6,red
6.418905955139161,0.4664300672940761,0.4658103112685709,4.579295883854025,0.13198998896418823,18.734412993993637,59.91957850509098,0.9984639664797444,3.1808081164213555,0.7527194915516318,9.925944102629831,5,red
10.404287730354886,0.4117590297851488,0.2831754240368876,3.7890804209499045,0.12104466202948692,18.640867020162585,142.00717854866068,0.9967222736120076,3.0000551935618907,0.6063211386030939,9.29480114959,4,red
8.214595213936468,0.4951412973296508,0.37398031150181377,2.2690811232274384,0.08363557683468262,9.65901150171574,41.79832111929173,0.9989504663530236,3.0428611438068454,0.5997195924744932,11.638332533935312,6,red
8.464893140487622,0.5401969864814793,0.35350523381784305,0.6401025344972351,0.01,4.765870118344758,18.82898808440599,0.994708906149257,3.141195795762707,0.8917182146170478,9.474049801553237,3,red
5.899083707730005,0.606349870352345,0.03454090497784024,2.26717474027819,0.09578240600490721,20.129146398091752,157.07335022425207,0.9958622562213992,3.1471948825965264,0.688994376170838,10.660225782754546,3,red
6.222382724883694,0.3177728375912356,0.33366102552598237,4.518874926816682,0.06788658323178476,4.365943894569396,10.627104999547516,1.0003618717664076,3.077632146284755,0.9727848698587103,10.600819289764878,6,red
6.224565795049263,0.8133176173922059,0.7943354073931048,0.5,0.055172058830295155,26.637093105154154,53.69486404975276,0.9981876817646153,3.279059062259064,0.7249961557259809,10.775357808851771,3,red
8.34886619898919,0.7411624347655954,0.16173174363463586,0.5690369546844565,0.07457689002921156,6.466065753505209,26.6763641969147,0.9966040926216382,3.089810592892387,0.6220031199673327,9.56463999879524,3,red
6.586262055118654,0.38036368783691155,0.3120011459064279,5.517457807823256,0.04995265285517492,10.438041081421083,42.06938424763503,0.9958525937406935,3.1532972987069363,0.39912130501719045,10.702401312023149,3,white
7.411137953839445,0.7839678283543287,0.258219238220454,1.3207285417616705,0.07198396668308456,2.918578519011226,11.056305629412023,0.9968162177403489,3.1587234685508663,0.6053171913066503,11.485782943200213,5,red
6.693848950072479,0.19483071755787518,0.5002684883370221,5.285312339277745,0.10554713470146102,49.20427003426422,187.859991920023,0.9962522817335626,3.0809302788467012,0.46055786529938914,10.321614445642389,5,white
8.057954875463802,0.8002400573519877,0.4276491593970432,0.5,0.08844513640511242,4.1481728382044984,9.711052745632028,0.9991615306524578,3.291677019365148,0.7094788231744817,12.177711914539017,6,red
10.125173974761614,0.17372603413235826,0.13342184635434126,1.3361021327948868,0.03841446126472077,17.46345720260954,100.50359321304325,0.9970666562810118,3.0028135279366177,0.6219391665894443,11.420431402509791,3,red
7.646255574809298,0.43411384886085597,0.44450634434905867,2.600391223569524,0.0795472056597277,2.186256208415319,4.745803314395135,1.0000695965763027,2.9706187993605138,0.7544565598751284,10.947503120514892,6,red
6.8407917736919375,0.8202100864379562,0.055183086361870026,2.757862181037415,0.0913677210033574,19.76454140156733,138.8730715212857,0.9983623629051814,3.116648961492435,0.8576892079370165,11.912255017813047,3,red
6.685398899565394,0.26017620603474373,0.10374693926111381,2.9227760223898454,0.024675857636423965,34.857816696219565,134.96574058243093,0.9979842327595839,3.0416687069846198,0.44462334457440744,13.456530837995917,5,white
6.711023434763828,0.2625052639004109,0.11482502587968887,6.286431683252429,0.057552484743487946,29.06359041358957,166.30077322239245,0.9943244764287099,2.8612597788769043,0.3344633953252175,12.128621096369125,4,white
7.502026988709351,0.36097357497947946,0.29620754358794127,2.606813897614404,0.03623361712243238,43.390859200117475,241.90692489561602,0.9924330439340385,3.088018135691442,0.3676687916657191,10.217054018087156,4,white
7.731347899070388,0.30969075198279383,0.2898276281294105,0.6690960716520934,0.05578239583452711,15.953117977083533,43.6336099662393,0.9996670730268147,2.998092184241858,0.8602100802403532,11.338086490612453,5,red
6.664502774192302,0.24486105320852086,0.21403340888024647,13.57440188775626,0.0945492199415322,23.10138732312526,120.34862003429839,1.001307452849682,3.3396554302578894,0.4514859011330682,9.29713482646022,3,white
6.9678196798700975,0.2606757557541036,0.329122418367834,2.5495442315056245,0.06006598255670586,17.72274768993932,68.6815086632145,0.9953872227902216,3.1121469086605438,0.4114820587247432,10.51470651675785,3,white
9.251643761482768,0.5448391555282106,0.17743144497296387,3.2311458372650206,0.10203012974413353,19.77884744487585,94.04752524551377,0.9967889884816443,2.984663447224843,0.9934770104606905,11.064098133003286,5,red
8.57069494202624,0.2744915245382921,0.18458676969540233,1.4754287347574266,0.03193724490269212,20.8666505100377,67.904818692153,1.0009005480796582,3.157089881708261,0.4835243159233447,10.339138276563586,3,white
9.798787586814067,0.7572651386168928,0.0,1.5716902465305171,0.12293047635437214,13.465425498646226,71.65202438515347,0.997610166552176,2.750097249400132,0.6189586279619018,10.819486739270408,3,red
8.798223204607758,0.8255627288245464,0.030568694617209763,2.217460110457814,0.08098273720478781,6.007225202860813,40.54781156499752,0.9986811925044564,3.3566950482686506,0.5565617861565156,9.962584104385018,3,red
10.559559301225134,0.5813997334743782,0.15436795258445696,1.7943578216132288,0.06864008305468645,6.078274207244158,20.175603044187792,0.9999921764465453,2.9859867298053193,0.9019596312320518,9.939848638064394,5,red
10.321328102882838,0.6954477512498003,0.3119028711326347,0.8792489610804578,0.15211785800435015,23.731285712061624,106.23496188886384,0.9983906732499913,2.7515446064678404,0.45474550164169025,10.371695068521712,5,red
6.955179357800433,0.3161014004681258,0.5182322527725508,8.35148759971123,0.037447603539226965,32.48903954956762,170.12550904411378,1.0005793230338969,2.8763675953395205,0.3921465866549474,10.278263000828648,4,white
7.430933350066986,0.7244086518286368,0.10639329706702164,6.243491902763208,0.025233974322072653,22.81159570138669,165.26140578423195,0.9979576496258781,2.943648238424723,0.8375932600648193,10.636952543003137,6,red
9.51209733129306,0.7437822899230815,0.3300696318647279,2.5398105872912073,0.11105361199657322,13.432945412751112,90.2303841042456,1.000282894990507,2.969121171990659,0.8539345460842717,9.885422789626253,5,red
7.822556966446006,0.31975059450909776,0.5803950738409727,10.499662172875851,0.13273128223774708,50.44613661324911,159.31124164930776,0.9999474695462789,3.1664620417518705,0.5667801746261585,10.790346482785214,3,white
7.7024270771297765,0.434770518077667,0.2254220917080914,2.528800213381496,0.0796192755421464,16.739574658906378,88.32791992407796,0.9988277788562269,3.1576757502764234,0.4457706442887872,11.023287444165177,4,red
6.890188922610558,0.27051730109530014,0.13717704643645892,7.096065987097484,0.05660487553883228,16.608782547030415,55.769510246490285,1.0010852834559034,3.0610878910657404,0.49142383781597554,9.050098259042981,3,white
8.834220465411967,0.44290054987022215,0.0,0.5,0.07767123044979213,16.478440236373896,70.83436494009743,1.0012967625108151,3.015964434803228,0.7298414337311057,10.785957588051987,3,red
7.337293859675288,0.3942303469965156,0.4817211219870857,4.335395893727071,0.07835814290861882,30.173811438799504,135.4325822923543,0.9984477649370354,3.4219202187545803,0.7899360344021656,10.736512078152154,4,red
6.109212587433797,0.3525740075270287,0.5368824858678606,6.960370109173032,0.0557405730688003,12.022040216170168,53.84549564237777,0.9918977059633666,3.237085049019371,0.2804795659513606,8.182726209559185,4,white
7.424418265513457,0.2041482203617203,0.36243984997935996,5.950572808412566,0.056592897052476734,50.67939619699406,198.79935547230826,0.9999365730197028,3.25805169442803,0.5231967713876902,10.31014222701875,4,white
7.925448237464547,0.3009326851491871,0.38137288721419615,3.8234967670073408,0.056983686682796617,44.14155096000324,243.59793839185122,1.0012298676718592,3.2550357125234863,0.5155214397248831,12.485390315465887,3,white
8.941260187609686,0.4785192400615801,0.31079550480240004,4.187504840321704,0.08436538840081073,14.353137807528391,36.54878838124288,1.0014296425025442,3.0495311266825924,0.5363764337391773,10.891304551820925,3,red
9.635860269706415,0.35510178778256857,0.32016381545339734,1.6931704425956076,0.01,4.172388895828886,29.046895369722577,0.9993401048847568,2.7941858162869373,0.724640731285461,8.386882862410651,3,red
8.48713704667597,0.21481763213354227,0.33171834093566754,8.46627743606227,0.0990722863863246,18.588635941006938,51.66182956603575,1.0063885061830873,3.1055147077016105,0.4070844795586627,10.727519852012472,5,white
7.540924581486065,0.5489675911062728,0.0,1.406643150322337,0.1707753481781938,12.080316952261876,61.96715853899286,1.0012146883301989,3.2241129179067594,0.6277724717679486,8.796796789040584,3,red
6.330268139494487,0.24842431627808115,0.3694034874400236,9.964993133321956,0.04203774277027013,47.25716976484945,243.9437832717973,1.0016213101701228,3.32165097043042,0.39556592397299933,9.207692257578785,4,white
7.879798449714986,0.7440044068654358,0.28368700364391153,1.536214736494845,0.01,7.7969866950223,36.38356955066304,0.9971864065235531,3.0447697083190377,0.7712613131947184,10.25578239941305,5,red
7.562957939610514,0.4324284860747478,0.21191622992994646,1.9861135327745851,0.0402855575652372,21.09579822806941,102.58205665887225,1.0007400844253589,3.0755291310328374,0.4898561712319402,9.4371023257489,3,white
7.440458817504469,0.11384097616583241,0.41314294495163667,1.82093353619218,0.030035312736573547,10.653582540447808,58.20573025501594,0.990814090194471,2.850370941912994,0.5060419892866167,10.875029778987912,3,white
6.984558361523927,0.5520806568790633,0.15509851373773959,1.7094089041698397,0.06782534052924111,7.474144359676585,52.17773274402444,0.99818633085201,3.113912436482447,0.8249930666958737,11.191754171425469,4,red
9.36363449120051,0.5623809472076261,0.23389258334971608,6.080040048506015,0.13262782806924853,13.198509838178605,103.44155669541077,0.9988035418844139,3.1384481324437883,0.7017235631180434,11.296361529662247,5,red
7.347692231665152,0.7085676229165742,0.08036848081026157,0.5,0.12018804180813833,6.527055019918809,50.53213761399839,0.9983676905998016,3.0008466536061156,0.8733066223474011,9.413537175705345,3,red
6.536681537645025,0.9010706437945516,0.2169970432369564,1.6699012496457721,0.07070465195482792,17.51583336093301,71.24340049891056,0.9995757469148282,2.948684087162614,0.7688290208500498,9.914078604153383,3,red
5.763792838501805,0.3151859429446575,0.34607283551166995,4.669774300095752,0.012877430497566962,55.36430280573755,326.7577282624518,1.001218784942405,3.0995009763919175,0.4484919198612075,12.142412392028143,5,white
8.112443364067744,0.27921840829094213,0.3365692745446046,5.363732142651706,0.0440035713385393,26.550713324448456,123.16984014543894,0.9980301534492976,3.044493476271752,0.5432303136617419,10.326207007127834,3,white
7.7643151371212715,0.34484793266972463,0.46671530693680174,3.114990044288943,0.07248709723022514,27.30817980706774,94.33369419734161,0.9930264471309866,3.0346045592785056,0.5727113099590707,10.05776186763492,3,white
7.290359154625217,0.23510635499709182,0.46325351330271586,2.8984772049410683,0.06917231694695279,57.299384757652575,246.45184983311987,0.9938538466296294,3.1421570921563484,0.3454908720727523,10.771184952125166,5,white
6.638156083842464,0.6435461032198599,0.0,3.2000159758635878,0.14459711562978006,21.119639600061163,63.85232148140953,0.9979123044682312,3.046734343408849,0.7773099177674733,11.532337379948853,5,red
5.758990292164512,0.20133700284457504,0.4407813966747502,15.051035146838764,0.054626818760729015,38.04242289885352,197.7012947882794,1.0015365749788032,2.9878650436048146,0.5958439471539432,11.309605842729194,4,white
6.1737195600240575,0.17116455489269952,0.37281941983895533,3.9068056773531605,0.08363778797051494,43.68003112440387,120.5033670460523,0.9960949574393768,3.1088554057686313,0.4402979598976127,11.020766496415625,3,white
9.280146837194804,0.5082293332505994,0.22613538896949392,6.295488809870861,0.15079500193707018,1.193460444472004,6.105362316589525,1.000816150124901,3.0613934254513886,0.5229822275422689,10.287541869395865,5,red
9.10551596555004,0.9354384449619756,0.20963413161631556,1.2746749888215858,0.07165023110981111,8.287733850488845,54.9212896795228,0.996360036098946,3.1778070205320414,0.6098991233964892,9.751418811183465,3,red
6.953919395716034,0.33468017883385887,0.3551985832896596,4.34047263835839,0.01949408449937599,27.374977135050173,100.43727902237333,0.997275736112543,3.0573510558713197,0.46376600572441207,11.106181284545583,3,white
6.468232294233994,0.1418022625327343,0.27597659960393606,7.823414542248661,0.06217975229649149,14.406991175352424,71.63775860162751,0.997556953193022,3.0061635656906134,0.6188850416945092,12.441551621257087,4,white
6.57818709543148,0.41274475934939936,0.21974218015098396,3.011413642760716,0.1622610215935466,28.945860107796033,109.65430324095126,0.998158182902976,2.90581544813825,0.9556286077555649,9.948718360486804,4,red
5.232561418621249,0.19427480995490598,0.33661538464368673,1.907270351663274,0.02486651011891783,58.76365208360414,170.9115076191681,0.9947849146320448,3.1940467960938212,0.49782142430490794,9.33847174287242,6,white
9.512647465654808,0.40154887216247837,0.33553020162485575,7.911877985494085,0.06391547592049321,37.32470125220028,147.80493982212462,1.0006110500420344,2.989989488271292,0.5973172404108004,10.30940116730171,4,white
7.82251322650346,0.1925939517600285,0.37046333070102744,12.941454696768357,0.04170351924448363,20.773870321068788,61.79516296715261,0.9995412022834866,3.047092825832128,0.4692960657579093,9.161907553908224,5,white
9.281022616206918,0.3502906209461076,0.008252674856694953,2.8300512098142465,0.09629420937028925,19.770580292730983,76.9142591630244,1.0015529593819843,3.189725211090531,0.3,9.770041890529239,3,red
5.71398132082254,0.30208762260865263,0.09338217987216724,7.934034612125679,0.052316214022827705,28.944093620613945,152.7310366931395,0.9950633404779365,2.896432527057903,0.2494487691601384,11.038620997609806,3,white
8.636744093305355,0.34882233824966463,0.30264947456077096,1.2763473557814038,0.05940375452553341,16.86143739854048,121.98901161393329,0.9966496657756732,3.0076298970390805,0.7284487926886407,11.149961500018092,6,red
6.28375546108674,0.14697076436852635,0.4575158008414794,6.101792191841685,0.036807882586193615,17.95407166053926,102.58471972148685,0.9982532737924449,3.0883998325861004,0.5720007600220051,10.48508237738184,6,white
6.994378529770752,0.2056640738374385,0.4699053373748735,1.872198396506462,0.049260465309813754,34.838553238414946,107.26070999481331,0.9934838323630969,3.0072141063749736,0.44000408707675026,10.972296780402859,4,white
6.865156707948141,0.15365153949388935,0.29009122459980374,9.291394737177551,0.03104073271149544,29.012293070362936,172.01421204165285,0.9944828882548492,2.7957233895425224,0.479991524815684,8.736345162391494,5,white
5.396839626825397,0.3204089614216914,0.2747287835607932,7.661567375770488,0.06728550588800186,33.38439991702644,88.0509253226321,0.9966733673388024,3.1698953088192923,0.317366283674973,11.645507808612402,3,white
9.061104552029436,0.5701830045432488,0.05980423264178952,1.0117384858408436,0.013770581414884867,11.664283545879197,62.176412219076475,0.9979334095766004,3.465721779120415,0.7615630210399109,8.01862561019674,3,red
8.49568546688732,0.352509972869941,0.3307519487898089,5.7745201244734865,0.049267682344113106,46.053977564432046,228.73714475815825,0.9937347952566721,2.9431223091536505,0.6098305117854208,8.732392249548544,3,white
6.195713651994357,0.7022064170230251,0.08357854908346052,0.9165012633258885,0.052433900741573954,9.464026354244146,28.365610271173242,0.995385510213944,3.333282433791034,0.9209176670376559,11.506114731706797,3,red
9.458551185533462,0.38671534577537203,0.0,6.988394897282677,0.12727882351106437,13.430572106337541,91.20668990748607,1.0032384497232918,3.0192457969506346,0.5477201816070897,9.538663921541204,4,red
7.180297876166101,0.26157305269538933,0.5093203945073383,8.038489764913297,0.059022061937380944,49.60033758857348,220.99496422591784,0.9988782927152209,3.059500345029489,0.49625064683642367,10.659785433805938,3,white
10.151216014844524,0.5066322740479833,0.5210477661318723,1.5581485238170538,0.11008010404193175,5.754950392052659,36.2939587568459,0.99742276018878,3.213219401671188,0.608890513244886,10.239900528996252,4,red
6.343310918382086,0.536840626070276,0.6120971244870622,1.64991062490586,0.10546929637303787,9.534875055543623,61.60497280388725,0.9989197973210959,3.059703423272337,0.3931555687451595,9.554730650321394,3,red
8.10030276703316,0.2989777613926385,0.36346421034696935,6.339769030444352,0.049193271315747814,45.45521149357961,227.71222462086754,1.000175480554846,3.031667528684841,0.30245934111981376,10.678524419099299,4,white
5.953827521034686,0.8193222036835988,0.4269489625738862,2.1799188508561005,0.10156236688039635,5.332889866563184,20.892709309277844,0.9958086157998915,2.9778230127789667,0.6971279397198313,11.92877183773801,4,red
6.962097805046237,0.22951846349013033,0.4076889031919723,5.493919550085764,0.10847170412577409,65.0260461457245,165.72638731481533,0.9994239780986779,2.8888478525828263,0.5154133358317126,9.798405745590909,3,white
7.215315288724947,0.29167548178384844,0.35044971225739036,1.7157462587821404,0.03937317883082999,26.07985539617524,105.59183978154819,0.991841183600969,3.125191052283254,0.5602922523015883,12.473256342841493,4,white
9.45531617318895,0.9278941402864432,0.46142760106901526,1.3906326109293008,0.09792687106571026,10.831905311496755,23.165806058164623,0.9997618650764146,2.955361476038857,0.7978235334306325,11.301744876423037,5,red
4.968560789404382,0.2664125215622324,0.17329691111557527,2.5671411577246914,0.07402693551788823,7.710881923469036,31.72716692010809,0.9949293495356982,3.1429053700200393,0.7724938849536716,10.047914284400658,4,red
5.908676135358023,0.7101882966620854,0.23115046801263692,3.4417491961833977,0.09686603009722405,24.301918177278008,75.93055907103621,0.9991075460655788,3.3409521462448475,0.6728898982666746,10.921149598044734,4,red
6.394115570866633,0.4317231025010245,0.32374970860246594,1.8521851643197036,0.035178651994081725,54.942579781754745,149.90819141541024,0.9951508329035662,3.037419339428894,0.4194128866535231,10.684418115812285,3,white
6.272042535603255,0.15661821982259722,0.14592967733565188,2.8508555611911595,0.03776319014402405,24.57959234702959,68.43100918968936,0.994288248894215,2.9314945994071655,0.7613246810275711,12.604851660392237,6,white
7.321108990904045,0.6100284802796253,0.23023037427992132,1.6093105595205437,0.13931937978513328,9.359548659654903,20.508086833443738,0.9966762774816501,3.1166278515527646,0.7022039520994863,10.78934587381468,3,red
8.433641831839726,0.14030174056556094,0.35494589143599936,1.71158423208826,0.024144460819071456,38.29647058866658,123.30537835201983,0.990440506155045,2.952951812080783,0.5975699096200422,10.27970125260821,4,white
6.808713996137859,0.09840680039801775,0.4176953508376438,8.825030410735407,0.034167775862969506,35.188213790882294,190.28830182198965,1.0000649734743576,3.190333238025853,0.5923094385270502,8.707020245828929,4,white
7.662804627165685,0.5662087380571111,0.0,4.410442449608516,0.12156103424729642,22.899180472265886,59.58836124691718,1.001059032496802,3.005342478771288,0.9008855755523858,11.340266801554352,5,red
7.6256988171530375,0.2533962748856254,0.40701729072002774,7.924932438151069,0.009,29.3014126369813,102.72942417282476,0.9985549613816178,2.8337741372550127,0.2863505421211089,9.131806632760924,4,white
6.098366087491853,0.3378440754342309,0.3456061394898937,1.4514318223641132,0.1809642657276746,12.861920918768373,101.07513973959792,0.9965015081926583,3.0290215573429333,0.937030064963429,10.62856003359884,5,red
7.8915484379301715,0.3642397701107452,0.4832339105597404,3.307069499941678,0.03855989222638569,62.18473404240475,206.72121911849268,0.9947847181354359,3.072980935824196,0.4793220997836591,12.444133926007725,5,white
7.54223773970158,0.30265215402416684,0.33674007077605417,6.6642163896097575,0.03997216559041305,35.63895120877894,120.53833632243196,0.9949426652472301,3.271965323741532,0.38326168156450396,11.190947972702139,4,white
6.968921938083121,0.3114474611120747,0.40291581112177677,3.2927836287938295,0.06345096579182216,44.5458890172636,185.30400667060658,0.9972837085664333,2.916404894642181,0.5207007070943698,11.362175686416775,5,white
4.023938320358967,0.08,0.4173024232630765,3.73832440722588,0.07498244619467606,18.84317256047279,72.73061647022654,1.0030776704877769,3.2815746037838673,0.40732001018787845,8.988644682102771,4,white
7.422377780820623,0.1795959138979773,0.17105123105557415,4.9859801612996835,0.056520926683577714,12.243670885185024,69.59888283076471,0.9990410402734429,2.954511021445363,0.6554524121470875,9.859542287946367,7,white
7.289536687138791,0.2848548544681036,0.42417711713488704,4.195003420988874,0.061342524531662564,33.11663994110023,121.61292660772196,0.994786574450756,2.8775628657760475,0.6911800595680896,10.71706034947902,3,white
5.238220506852749,0.3781139153571685,0.2997411778997306,5.543550442482392,0.09458366181547716,21.56556351368665,126.93090345183447,0.9931443467160003,3.081885509371675,0.47548210113962497,10.088985110400657,4,white
7.265886264376783,0.08,0.12523207074342618,7.94158479154984,0.04669118441626411,26.54200923050685,88.39939929861924,0.9942071479999828,2.8649194349977294,0.5895123230100825,9.817836598350697,4,white
9.895082470159197,0.8722143234355413,0.30492855810127584,3.9294009013744007,0.037732195305204566,21.8182344226824,155.3039676197159,0.9996752442154831,3.0258783580190145,0.4331926715226317,9.965363678891244,3,red
7.771030989724082,0.21993566629573355,0.42310573128974927,4.749427714269424,0.09359644678140312,26.259332348694063,87.42049283571474,0.9919347583846941,3.1580260738089296,0.3264609683104245,8.82743466492042,5,white
6.643041160613555,0.1,0.05882298818196394,5.094058526417862,0.06764908568568717,7.277497884507511,53.6531804378774,1.0025688127533956,3.338934854407236,0.47138915737724363,11.606337976245744,6,red
8.882633088842098,0.14557864148383487,0.44711639720947316,3.1098413563296283,0.07826338450457386,21.605903325940616,111.29661444042868,0.9994858584242593,3.332025434362613,0.4257079801883721,9.235588353421281,6,red
5.437410928153923,0.24250803279494254,0.24658768055081676,1.7775074866481897,0.061082283990778044,38.520610989629134,222.14990295097957,0.9934765539742452,3.0854592114046144,0.7746185351655204,10.860344269905006,3,white
10.695890648315487,0.5438333389325783,0.43058001452502115,1.8268900307202065,0.13180968406218505,16.29714915199529,55.61937512833825,0.9984234230705578,3.1293979622397647,0.5260034215586744,8.304075765317737,4,red
6.876745669755481,0.1635995089996647,0.271395949577303,2.242292859650154,0.07758489628359552,14.051281646346553,39.75794913537947,0.9958455901185885,2.9798599543098017,0.5041648450188422,10.112651758421535,4,white
8.680439517786128,0.492340062725985,0.14312188427091163,1.7334488083116326,0.07707977251539587,3.1358495126094255,11.850404867118941,0.9975639522915445,3.030250742717816,0.7530644211406436,10.144540992544147,3,red
10.981670575597906,0.6201520054900023,0.4140051514854877,6.335675714037764,0.07360355013108148,2.1184923496176884,10.970929329180699,0.9990628226195857,3.0339106451568507,0.5351929406969393,10.015252080860508,4,red
7.143957973316566,0.41498688541588963,0.2739684327762328,2.399961247059252,0.07986851335423613,12.048495553832945,38.440250440063,0.9977446507308328,2.9287189753714458,0.7073113487657402,11.208180634330295,3,red
7.205914436699149,0.32667492341202875,0.2261034884889741,4.2117915329301665,0.02777947447549546,46.24844147580621,198.78079655746038,0.9948762142200869,2.8949481939087796,0.516840666945708,9.37745392272745,4,white
7.986209414074558,0.2933984223943323,0.2500354310754358,6.5173697603186564,0.025421260280389543,23.91180905987682,120.84475289196493,1.0013091316432523,3.1736964536862713,0.4719882977979663,8.0,3,white
6.887384802101236,0.7959554145899472,0.018732988218721713,3.5004001906530107,0.09523322261752314,18.53230145443008,112.60041025651391,0.9950922944079257,3.1154898782860494,0.7964024635922998,10.446001282684874,3,red
6.39499375746878,0.40231129450683034,0.3888227128967779,6.971831722616103,0.04812719546351003,19.168299403568803,100.62510511943023,0.9940108806759222,3.0430513828065564,0.5886261424338363,9.618815396071229,4,white
6.10763342767224,0.3614825379788112,0.31281173497037285,3.7272307293137095,0.04516968048341079,38.95823467266298,213.80474886772026,0.996172210015,3.193196061898293,0.6383820256730991,12.077924454408354,3,white
7.432912162270814,0.37488652454468413,0.4095862104888522,7.903399266696908,0.0346560512502328,18.479867952356905,92.46840664087493,0.9986410711414127,3.05029777431773,0.5284702650284002,11.302366284613296,3,white
6.936128642323249,0.5048738669320687,0.4838326090388062,8.694851293663723,0.10678528577498797,8.816779062615812,59.628013221538296,1.0001581769066743,3.147741155085219,0.38220030518770415,9.20866820494845,5,red
7.813542249112629,0.18425131417554008,0.33758851884829477,4.636482661789607,0.030443556211549393,44.61485412344222,113.6389337365165,0.995946730393178,2.836154834429057,0.59461773869128,10.557796429364632,5,white
6.602685678103676,0.27991444004299626,0.15528173458756042,2.116778555462522,0.051466173264888414,51.471833450876545,153.5431103811031,0.9976216625405465,3.0168528287537004,0.41720855509436927,9.893212466185833,3,white
7.519086470781586,0.5617594799499006,0.01934303302623419,1.9324597280161235,0.025917029516466447,7.775766489000285,38.9439845937862,0.997659201503406,2.9262397308303996,1.0961930820715478,11.228883826210751,5,red
7.481320813877282,0.38303287322501545,0.3862530247336211,6.037709350666458,0.09780365075037001,36.87920860305857,164.26180905138537,0.9967211425747348,3.0952462296660714,0.4724774837181938,9.474588626724078,6,white
7.591423719437289,0.2798216989747573,0.19848746643955173,4.53801814652292,0.02751043522126645,46.013622103867576,162.66417918028424,0.9903621663619846,3.043873176455965,0.5067826173615028,8.717112641132992,5,white
9.339849691029476,0.5769212778483033,0.21229205453243372,1.1836554490620406,0.1278271629907186,12.637876090591591,35.76080609210306,0.99667291004759,3.170144900161892,0.9974861792022138,11.333391742076188,4,red
8.88896195614486,0.14238977955133136,0.5856793314883235,4.78375745307804,0.03368881870212701,13.00671226830989,78.96508228814342,0.9999064991441119,2.977454716535583,0.8657036229457764,12.048450206519274,6,red
8.379867009400062,0.659411595919712,0.2183855290380499,1.1749420726103752,0.05060783316107182,9.54437728631053,75.378337674259,0.997181481325317,3.1373616487352964,0.5118882119915332,9.743960103422213,3,red
6.790950696477296,0.25173747204519886,0.30623701212495585,3.4784872477155817,0.028424224241951127,49.25352181348124,192.73360097987702,0.9966157598000941,2.8602876283574292,0.48717572136100645,10.644076674877772,3,white
9.173436116550755,0.41067783484082937,0.3375665362692754,0.9175675089969021,0.06089409473534492,26.734475186743822,169.06846623553994,0.9955059591132298,3.135009205864628,0.5572707966264446,8.24921932499927,4,red
7.505681964422724,0.16498311598332077,0.11654619241017802,6.198174131698911,0.031216524626223097,27.66190559824513,157.88257238640867,0.9946725654854028,2.850793755029824,0.45394335414133635,12.25025131879258,3,white
6.121494149843948,0.2593514023533936,0.11163136321053904,7.775350786432902,0.07017960737618725,26.86511218194612,90.3399531379502,0.9924073185401374,3.1309205979289145,0.5635677212451791,10.155018996114153,4,white
7.156158942783366,0.25946427761211854,0.20685884304438462,1.335948277344337,0.0388704119563608,29.0053326882354,141.82645989293627,0.9902975080866183,2.8854317413475155,0.6003083007752091,11.406760179218479,4,white
7.501893543910582,0.7189194887574804,0.39525667700215694,1.3273912426100203,0.09382994860030967,25.688179757311378,102.07246184509523,0.9943134922632605,2.944126010806453,0.6928891130680007,11.420655642022735,4,red
7.4376244317597,0.29694810474206135,0.33345824562340315,5.967425289766116,0.034466974141699074,22.231315295056923,67.0360995379526,0.998801163999352,2.8789202711398048,0.4228458441100763,13.38910970585707,6,white
5.388516042553759,0.42545182356013245,0.3572960721456838,4.689477610928958,0.06577891372241673,60.42050643329544,300.3857257773774,1.0023521051402509,3.0600804692271883,0.5104236514948935,9.808090889417029,4,white
6.772266668753808,0.2546778723383407,0.4508650923597318,13.214320637249244,0.04069092946536723,11.859059959066272,39.2165566550252,1.0021790740228385,2.8886929254498623,0.4370176803839968,11.4382204290996,5,white
6.624265721229577,0.5733355723079423,0.25723612489062253,2.650775642074313,0.10057665250992526,2.623685896310393,16.558574705108708,0.9955976242349401,3.3382520717039386,0.5351792088924209,11.350210501557404,4,red
10.05519094293695,0.597330182572563,0.2677030999092497,1.489832457865397,0.09308471095088434,14.506415061198684,75.30953418910705,1.0004542533408731,2.9949545967551563,0.6475410605693923,8.0,5,red
8.444722648919509,0.3496476464167982,0.17805328027944492,3.825926070593372,0.05349915740961818,23.689915221847976,113.12871682938676,0.9971649350166252,3.012066167010889,0.418864446163027,9.254889754212412,3,white
8.015899263461348,0.4834167087199216,0.0,0.5,0.11279528650186772,20.859967461330506,96.0481867781763,1.0015497727287834,2.969371504001376,0.46443766144822773,12.055853671969821,3,red
7.735346550159105,0.30684125798529066,0.4478147803882883,3.459767800057623,0.05713999636336538,25.941212361351862,148.66469257926613,0.9922014704009712,3.171344396030834,0.49645376637066013,12.612099117046174,5,white
12.595785123985157,0.7036732939575424,0.0,4.151597710184514,0.05140075358661888,16.87324412472183,74.4344983259515,0.9993976911075072,3.033208576653997,0.7894292557734839,10.474945811269285,5,red
6.433052837172103,0.13307594192596284,0.6133561227345429,6.7222322474724026,0.02102022772458329,53.97001821018622,175.84502193632832,0.9960899273352851,3.15395034698644,0.4920220236048122,9.236989307032752,5,white
7.346418957169124,0.4261242227246195,0.21564347700741515,8.386523043308525,0.08088704049701945,39.61132027405627,127.90852498690198,0.9959394291468533,2.9679333676089055,0.4980662921075699,12.848002148658408,5,white
10.587214078463463,0.4097340646029811,0.5379872375886657,2.784791239271497,0.018535972257768152,5.281513021404331,25.90177383688947,0.9996425848242358,2.938355208063884,0.9360703927927656,11.279902047739885,5,red
8.694484893507983,0.2627183656790174,0.4784590152332022,0.5,0.12450881404756006,1.3455812523406077,2.7473344989022057,1.0014744029079423,3.25321678859962,0.7089881362991547,10.54678760694838,4,red
6.199996052666041,0.3686638721113739,0.32711722471614363,11.459289323392904,0.055023334489699066,29.435622635388977,108.00738087704075,0.9968774831265436,3.007081020390398,0.5468046543230264,9.928330324637347,3,white
4.0,0.6269760786403464,0.5047986164462093,2.0607221534069935,0.09765544925800661,5.696702829634372,11.500104379959888,0.9957874547815382,3.214316007003702,0.7367325653457293,9.568755477398213,5,red
6.533941756636338,0.2528488816896115,0.22234856394219868,11.808449502652353,0.047237397426609935,37.2469034570884,195.24916713989208,0.9938962229078602,3.028985013435022,0.4803305422014839,9.861813269722534,4,white
9.325939838522178,0.33467493539641235,0.14693040897793422,9.135427144495134,0.016945883490344257,55.65161277445361,192.68700560639093,0.9975963944312436,2.8529948317546254,0.32860003619886746,9.823435842834748,3,white
6.856612452921696,0.20077320140362867,0.29331156820430837,4.612665812041691,0.06367295294023223,19.046126102392734,82.00100647332299,0.993165647482023,2.923796303111235,0.5738761673961931,10.535606189972935,4,white
8.725837845587991,0.3515493770978647,0.2365876631579065,5.330502446542973,0.0837215888262465,15.609441363163619,101.5806047256927,1.0005595372426859,2.9306937240254887,0.8105734801599154,12.111283175707873,5,red
5.724175194262462,0.5058769099988748,0.12066265379935337,1.8550097809681383,0.01,30.220045610795875,132.53155777188775,0.996269879597763,3.1149746027480067,0.570029930911088,10.926706301008595,4,red
7.729166011206782,0.5343595022010965,0.6137682064492909,0.9159514228900373,0.14057883038152397,21.283128229663394,78.48281493713907,0.9944925595964178,2.7291398145450247,0.6096122292371491,10.169901522086263,4,red
5.815419750272621,0.17823607481662213,0.3023456517933823,9.047600000328767,0.06508674850513799,65.07466413350166,241.37991685474967,0.9990132462321671,3.088027593993417,0.5459009720336848,10.28806858780434,6,white
7.520286182684169,0.3103757949100927,0.19641323322275275,4.780806346695964,0.020589343511023598,60.47277734511317,230.53744701351812,0.991223784308212,2.9291154320772583,0.5665566937609461,8.338720674338418,3,white
8.447202638703931,0.5119722662336085,0.0,1.2721424635890402,0.01,30.73350677819822,195.17547402620943,0.9979786972867877,2.985504398156678,0.46701168949896477,11.791515657478868,3,red
4.946855155295861,0.08,0.3076668582292844,7.81237260721368,0.066962013098916,55.81960317940139,274.4835412689181,0.9963811427838912,2.913677568958188,0.5367949492360443,10.011094562154556,5,white
10.961390849698379,0.7281727342997428,0.5698424309368151,3.1767137671456545,0.06901811100429323,8.593100569307804,41.6208421423687,0.9998608917520337,2.8013753177291587,0.634470139262867,8.432473716604058,3,red
11.16814077962336,0.255381863377383,0.27482379990305794,3.2988346109171793,0.11342576330897683,12.920291005738136,90.48725292631102,0.9973758326763733,2.6559885412297857,0.4260516072089512,10.462356225028282,3,red
6.889417747445507,0.2782258165485622,0.48146721047104113,6.191253173215751,0.040856589912806225,42.10357518140668,132.16901463785587,0.9963187600992203,3.383257962026574,0.6204028570945795,10.305874338433396,3,white
6.90393322642467,0.38530192099399446,0.37452374591832205,10.33696400332519,0.03878806317473412,30.307264059019385,149.70168642442624,1.0035260690576489,3.1545741773932017,0.46792705425770126,10.177256318520667,4,white
6.197183791507261,0.3326704843588637,0.0,3.4428537016312255,0.11848098060643888,30.39624448012632,144.75655346678616,0.9957583697630774,3.1081772915705095,0.6939483534263177,8.84726674636243,4,red
5.789864481071887,0.40704333556647737,0.4967841845613593,14.198269432433477,0.0387815956560747,42.546001630149654,224.51390381543465,1.0008392190708502,2.976230677729572,0.6012505082909197,11.107709396336816,6,white
7.527615670174261,0.21996186094876644,0.04584728814796496,2.4688046011353495,0.06325607698695201,87.3263251808745,385.62052289177444,0.9909366680855951,3.0518452516048447,0.43859913178149584,11.449833284073328,5,white
8.308914289520912,0.7434267478393395,0.1661307839284196,0.6003526853981322,0.06847467875431451,21.215118567127675,81.09109338480425,1.000994459600955,2.8545392088198662,0.6551961819392993,8.936295830769376,4,red
8.160342996732634,0.42278096707217144,0.08970586104328093,2.224244847978285,0.09910405819706226,16.32621885854181,96.67762681515896,0.9992570330590208,3.0251547097895166,0.7038756360222272,9.061692594905258,5,red
7.254389618073637,0.450532903289761,0.5443892548774482,3.5617188073434223,0.02144161625337494,41.000358215085505,130.47846882608178,1.0022260880962808,2.8735437619291067,0.3908748870195222,10.341991461053617,6,white
8.054587299729299,0.7351781410032282,0.37511773179710894,3.1061247238493515,0.06198789455655805,20.826764364644017,130.6333912715141,0.9958516330091921,3.3237420928397374,0.3588059059303403,10.77075355992922,5,red
7.941599066106195,0.38298733405125823,0.2869946282121278,5.176509238180139,0.03044922516668444,23.580218721596463,69.94890387043174,1.0023018952074827,3.024501111566969,0.33159884100479664,9.341409370802356,4,white
8.663765848248179,0.376906318242326,0.03484413975781342,6.143505686964717,0.10396634587924283,7.508156896469772,16.79358250743378,1.0016583773019667,3.1486829361629596,0.6162732737364018,9.656236042743112,4,red
6.225483782955129,0.25319442315729473,0.31400429196072854,7.143273821983038,0.08862245330594645,33.601695511198436,161.79974346960316,1.001435160072499,2.9854668500895736,0.5465561598397735,12.974321947204336,5,white
9.104503961775027,0.35315226916310427,0.0,0.860282363439263,0.07644272259120055,7.965144984771346,42.71895323955922,0.9939943950943047,3.1973163005335263,0.5338754700603834,11.46723731649834,4,red
6.3644111330569535,0.23951703589216689,0.38175221299260675,3.6930148175980877,0.03415631193475851,14.500401214095188,45.49578550547495,0.9991772512225208,2.7505562914488335,0.41519278056195136,9.364426505130158,5,white
6.782742375644475,0.36425924426888157,0.17969805693507934,2.425252840710784,0.04254101222839536,34.098947226981636,145.90187486293206,1.0005410683396838,3.1147959367369404,0.49096597018600074,9.453191657639644,3,white
5.276175576862727,0.5881542691608852,0.44044257740855514,4.715310568749932,0.07366480729069594,8.476631128533548,38.84442872407469,0.9989490793962703,3.320508127840564,0.3,11.959318446294423,6,red
8.613877559504918,0.5526037616248777,0.3163511076026151,3.4862905105267252,0.15885966275624577,7.977956312781994,61.7704642168163,0.9988891038595782,2.9750101512611526,0.31874865511596107,9.356055679662877,4,red
6.002136170452234,0.6520175575155633,0.5688737477908228,7.718468466008898,0.10571638471675379,12.004925723202536,67.30147754825117,0.9995480271525865,3.2019693704041856,0.7387264782128419,8.709531534615053,5,red
7.046344810545035,0.11500846079722465,0.24306453981091514,3.0919238463526133,0.06241812457857866,35.0105320438244,90.4108826793806,0.9988440540423882,3.026129827679359,0.48936820449324914,11.75365349011752,4,white
9.02327785503444,0.28166873033799256,0.5117471650202859,0.5,0.173999546311939,6.4535124278539975,45.60411986689395,0.9987073575891936,2.9408755885032747,0.5519426253035284,10.682039515168222,5,red
8.561332680107398,0.6294481917950866,0.2736380777089929,0.5,0.04088812544436242,17.24285675262522,128.71426097008592,1.0026732471322752,2.944110630334072,0.6753992669918545,10.425390811272646,3,red
6.880626468880066,0.327982837151949,0.2892944257116054,12.160074287505296,0.012197886521985321,32.988800434282695,142.90578109140924,0.9989243840414347,3.320970202085814,0.3700188136504317,12.999371988250218,6,white
10.075073491017424,0.4233564333524791,0.3569604513501749,1.637472312532151,0.14242518872667592,13.171360649930165,85.6128156239935,0.9956244920953491,2.8402322598494774,0.9989293515852884,8.302273725323193,6,red
7.644966885335008,0.47435903644354976,0.35789234564225075,1.0869715748806983,0.09106221888711448,13.569667587394513,68.86024580161705,0.9980177957519178,3.138826379252794,0.5996747225773833,11.884386756202709,4,red
9.744323564935742,0.6809283394012956,0.11642951288822401,2.7707164947712273,0.027012211730552724,10.021275782463713,49.612768905451865,0.9995094653238398,3.091234986837577,0.656742715411121,9.790943732483488,4,red
6.633195436861748,0.24933123636232238,0.3554692185535375,2.1984906064100684,0.049632190132850966,42.01702692905268,207.97233835950613,0.9938274337629127,3.2140308432127536,0.43837390005506927,9.869468410278973,6,white
5.589472980049576,0.3415560231172509,0.1328698648659219,1.968207020231481,0.08987435361697844,17.453335918349623,119.45456917417093,0.9999047624113072,3.1101125846183084,0.6560957969465434,10.762175068375267,4,red
10.68475032859137,0.6449714399652533,0.266340527850465,5.013339566275311,0.1290498256945922,21.2143843782021,76.10188836735493,0.9982053239655663,3.164466280003666,0.6825859760534322,8.300443515952095,3,red
6.317411458648621,0.25799925508941246,0.3788639898967776,6.01733605561342,0.05018622401829328,50.18815063919345,130.5320475088086,0.9990252170041931,3.2990758336144648,0.30192554119373716,11.083237922744503,3,white
10.141187113397972,0.5520135505458111,0.4067540090081546,2.9106875352624706,0.14470676137221328,22.85660054003788,74.49395965627278,1.0006480609133857,2.9841381849261177,1.1005881026226256,11.915001825159315,4,red
7.740593000838408,0.36890417717343654,0.27986289340988896,3.6836469249146946,0.032576705597236806,50.16184554827928,139.7509844458442,1.0021419538889937,2.910775435301225,0.5297102140794812,10.770674420522901,5,white
8.698165045312086,0.5950706345370983,0.21303074270777272,4.8120691816988055,0.17031251341076778,9.82788453839823,46.36784726321984,1.0011319521239461,3.1030534202295086,0.5377642886863762,10.463136598754618,4,red
7.492592971026375,0.5361350242866607,0.09923103081860565,7.761226226987193,0.01,28.204184250936414,92.28880387324202,1.0008707215916992,3.040531071064822,0.375596526378687,11.215533500652187,4,red
6.9161259643997255,0.2314551866019824,0.3696297707202029,7.5044694652063395,0.00978269031966248,30.63701916460868,180.13073496716325,0.995670825830334,2.8621624232920237,0.661813481090546,9.67136636901419,4,white
6.77797067127405,0.32808826539338276,0.4400781873452034,3.643068416171327,0.04367695489564908,62.45787798623014,234.79592325495958,0.9934199120371946,3.093091731718839,0.5303518355715362,11.007514330213542,3,white
6.0129709613956,0.3249728475506112,0.30411552267256675,9.09832187816091,0.0855459865830917,48.306945654975955,146.04453403084474,1.001221297268296,3.2385010169863646,0.37943817490781834,11.420452954650333,4,white
8.445882918012726,0.37123865736422756,0.2512571116036615,5.329835790678227,0.04648359415815925,32.899387860011736,174.35043019666605,1.0012661364800501,2.8998561500547626,0.46741505907177033,11.192300616484427,5,white
7.723908168969628,0.32645569014871506,0.4601058244969636,7.415996786727545,0.038901117770000763,39.04979265974147,136.89447210372546,1.0000438509789324,2.902046793169504,0.5940234192673403,10.250717103181017,6,white
7.249003088426148,0.08,0.4484029463993401,5.092807833036923,0.056129289895656555,32.72376713789176,85.93945724343635,1.0025711692401318,3.117159973200186,0.4104757731041443,10.515605716779971,6,white
7.3786686184264205,0.28115579227714194,0.3386505004927946,2.307494172638735,0.029730767431530844,50.22460962214237,216.86046572870688,1.0021068084590365,2.9310352397233856,0.41786229573832284,10.897291069188588,4,white
7.180217144712646,0.11634768236002346,0.03604895545302811,6.9925586244979225,0.04043073299905521,12.865712077455722,73.58651552843754,0.9929798270025988,3.207207309428112,0.3990258678461733,9.50988843199798,5,white
7.009474475358714,0.6635771669616752,0.2762314291282015,5.633273895698294,0.15462483983434847,11.33543112129236,55.121691927976805,1.0018367244321906,2.9846218102034516,0.767719983892136,9.560234003858147,3,red
7.31431032434308,0.3494816142923094,0.24941869863099625,3.0129741822342684,0.08389961363585602,41.9026969207983,160.44732221191109,0.9971860253565007,3.1544913395894176,0.6177916530556342,9.439912607597558,3,white
10.714857221582754,0.7101048172477361,0.5014122389380561,2.829081290263283,0.06597345725746287,20.597091106575192,135.64160229613597,0.9969175429724791,3.070461493032002,0.8417157231323031,9.306620481328132,4,red
6.907303228624991,0.31304011110057856,0.5338938022644897,5.477146470089426,0.014132319275258598,76.83704883229214,387.24014376466846,0.992773893012629,3.265373888251222,0.508015455831214,13.016414293456336,4,white
8.439186036956748,0.9161268429992099,0.22306511685826064,1.5563690469690756,0.01,14.416204810561176,90.85506928147637,0.9966950536412233,3.260078801384025,0.5965434441407897,10.428231761797337,3,red
11.137336592991968,0.7841996999747773,0.22857127987544898,2.151115097794313,0.08222676442739006,6.385875144624298,49.30288310114116,0.9990977616095899,2.7794399001736556,0.7597304269575739,11.327637341876251,4,red
8.064950688008986,0.6964340629242984,0.24254145256405163,1.0197152369212081,0.1189701264274327,15.202265408271051,65.79104181817812,0.996615174787082,3.048314569447977,0.7598568756909843,10.687780278000822,3,red
8.402391356899745,0.6866121915239758,0.27777464332518703,3.0156097694414155,0.10413054720878508,15.475561664091217,118.03708972320892,0.9993257941176701,2.7893507264715014,0.44093940957580924,10.560072817372065,3,red
9.870845932651733,0.6225034129386047,0.3881932981581493,2.0543348367838314,0.12736805544301402,7.053844411829171,39.76888128986933,0.9978839741231739,3.342518903982599,0.7114921946322983,10.009044265458598,3,red
6.402385555466281,0.22457975450474213,0.47543448631977797,4.440050612055067,0.03824929278631825,28.97403124523951,85.04107716281645,0.9970944199513141,3.085761633222659,0.5007017601393221,10.94118665614653,5,white
8.898494174074305,0.7571458701285185,0.41770739702525717,2.692561895953461,0.13242757977446878,27.661060834669836,157.35342207719967,0.993331451666719,2.9671120215149065,0.7618658990948822,9.947435283378347,5,red
7.508005708114412,0.24152439967892886,0.38408587440389286,5.542396514217683,0.07434063036345383,12.322800361448843,63.993971538582315,1.001442599980938,2.8427876327776214,0.517538786929616,9.352821700666505,7,white
7.503861814886231,0.3362288917900411,0.2652084519732881,21.44031174041371,0.009290152616982718,43.53636711855334,227.82431613289995,1.0035245398451247,3.0248845636638833,0.6072176785679142,10.794795889652699,5,white
6.058568326705041,0.4135431728969585,0.39405840843022827,3.4568555996827883,0.0326774675833245,35.106966622504494,166.7445926740337,0.9910651873208243,3.030701749315635,0.37242429034879165,10.835261392080728,4,white
6.47345562357914,0.3192318219004534,0.361008205864156,6.169216009525031,0.010913831192181943,44.9626739999206,159.47288367525402,0.9942180386083787,3.2999304855821725,0.33031069461850926,9.053365674467114,3,white
8.837237519517586,0.09463087682303195,0.4053849614155607,1.8399039771127337,0.022874400660295734,54.081361833252444,305.26882963357593,0.9932317469433751,3.010364328735124,0.38398628549973146,10.40815687287792,5,white
6.645651659257897,0.11617040857976074,0.4784126267402648,10.459050500365517,0.08573821052041716,70.45884656357543,209.24954147845006,0.9969490348781034,3.0705976434264617,0.624719697410073,11.804782054390353,6,white
6.869773522338004,0.2672373821349515,0.35434720551193505,5.851451016917515,0.0607998507329231,45.62228451911731,184.85824607754742,1.0001113555307655,3.181721919739272,0.4679500695311772,11.634185682800195,4,white
8.063913347114646,0.30215980181367413,0.03414072080243841,6.617046507966671,0.057084918551794796,29.083902102706773,166.11386277325255,0.9958044525870957,2.8154400372029147,0.5333347209893329,9.77168204717343,4,white
8.244418928240043,0.7412252943473585,0.5324762749511924,0.5719277478705104,0.06129165407759436,7.754509682353766,48.28377812406278,0.9975319751614345,2.946471490101838,0.5145323259704663,9.051596054450105,4,red
5.967961822698067,0.2898703968415338,0.33190979556608047,11.931916642517088,0.0556692204140206,25.745125975226838,74.13230396258943,1.0015354024397682,2.9678622519505486,0.5368581433963541,11.400890151196611,3,white
5.731792362517508,0.1827844346605158,0.30614568225257616,10.244040825975059,0.046868928746448164,26.79020792104209,118.6404813261102,0.9964731536346729,3.0725877389089997,0.46351946220815166,9.821842353849112,5,white
6.271302255555555,0.36797386742198857,0.18479604390227206,1.6372543463645155,0.07820581729583509,24.890077016234304,133.613259489874,0.9990041216319469,2.9598299019225935,0.45784511396540034,10.876347252581123,4,white
6.454227081656927,0.3294871200201624,0.4398887782989054,1.1206199468863374,0.03748634981853081,53.60843062383235,217.08050800129897,0.9970188417152722,3.400636386288784,0.5775610967006444,12.869582834666172,4,white
6.695005851380433,0.19364778669852872,0.33490280655765825,2.236938070955068,0.07933388065575822,59.03927348786649,208.5707450729093,0.9994946031056414,3.0115192632028944,0.5061549530402056,12.241016802878562,6,white
7.618481913211024,0.4069813933809747,0.4616761546743108,3.3215850885367844,0.047982429443083896,36.633938130624706,97.04866932057986,1.000017310486684,3.104529166340372,0.6365068334702889,8.561293561838307,4,white
6.674125700373002,0.2218760802973856,0.33754916767137416,7.640251938514854,0.014686590512609496,36.86371352650383,184.15969926000503,1.0018158277454876,3.2951093573670325,0.4979639559366901,8.565381179209588,3,white
8.063872591831945,0.4550841071650028,0.43487693712380565,4.938275600578268,0.044263613132959775,77.6106624407403,271.2787698313657,0.9963757364008345,2.8403051019544256,0.4536356127695835,11.474921880988706,5,white
7.376177889072601,0.4205920423230022,0.08981387919740189,3.800463750781436,0.01,31.242313023208354,93.67962901827016,0.9997574397712248,2.998845815717562,0.6701750034345464,11.282001219221158,4,red
6.75990821553909,0.2083831483526624,0.48352232116393074,3.3195444039890036,0.016556479842917332,9.956813955131425,32.31646876257589,0.9942504534138721,3.100404053612648,0.5042958058726027,9.800440536885729,6,white
5.8346768921674865,0.333030993624796,0.2501889662301856,8.541217316801111,0.08052330598826359,25.732341054790865,83.78812521895422,0.9943768371454137,3.100774258812753,0.5957856857122312,10.70525288270898,3,white
6.393703403743141,0.3391624723284659,0.43696075762137576,2.725869242587107,0.028835222740971885,20.538524668779143,52.755510952649146,0.9871381953327568,3.004041114756108,0.3552161559133542,14.2,5,white
6.251293682871011,0.3234362489839566,0.42715469125522904,10.56185004933183,0.07495744053754802,24.989431556198742,72.19653574417046,0.9952375757610917,3.078670361338272,0.547148347576755,10.216112473566458,3,white
7.772546513791125,0.47505955321615984,0.1527218945560846,7.251781406974305,0.12220365588848416,9.553810503071949,21.023236138972695,0.9989346392165116,3.1014532661054792,0.5701363060795838,10.894018899759425,6,red
7.907411298645248,0.7437294892816553,0.2729674834504246,1.5399668996061713,0.04653715806211215,2.903546299534465,9.1312377558988,0.9995633601925146,2.818893856934468,0.7660953311413031,10.563295312016159,3,red
7.030608299634844,0.2965918171096042,0.2738944142540644,6.384451612788633,0.059159841265792476,29.03476406498998,88.91948569761924,0.9961429273324136,2.9314546274242907,0.4769192783375749,10.281996516459731,5,white
5.266166289272929,0.3119783540559672,0.37212013850698195,1.6826314408339265,0.05192317292349768,31.10964345188527,115.4675866874015,0.9967552217909668,3.2053446876580294,0.5031331475433619,11.087808917685471,3,white
11.183975826093066,0.3545847251592846,0.5670485381781005,0.5,0.055597611288514315,25.616814997962692,172.43934912122882,0.9984971638370037,3.054915732004431,0.5974821594024977,10.153978322325788,6,red
6.417191296479359,0.18849162493891336,0.2584863946660517,10.341937939644763,0.07280937983535893,37.881363657131004,135.20656637052497,0.9971411112159451,3.196231952365437,0.4882908025389827,8.0,3,white
6.225058577599573,0.3705323096075286,0.3743808828903655,7.190545091742788,0.027583660811567944,28.520144356961993,108.1609613726662,0.9916124519280571,3.142280460285118,0.5854426155161176,8.174432022613978,3,white
9.729094033280832,0.648062139775357,0.010020142621766037,3.7976771932612996,0.027097601956553634,25.591154510672713,196.3021979882151,0.9990476640791064,2.9500545206241013,0.6484361085801708,10.558794117047977,3,red
8.0861622358306,0.7605829451123203,0.40260162178241526,1.412456708472187,0.10667292564158426,22.092941016190167,50.215470899045044,0.9987768758343168,2.8725310485514797,0.6986816221623611,9.085380583713773,3,red
8.031386572415718,0.4141610301828569,0.3074855304699292,1.4601392993494107,0.04215944065708437,14.120135910744251,112.78445577322923,0.99860694319415,3.1746013105349973,0.9555957213616477,11.337518658398094,5,red
9.095120868459585,0.15453655150161297,0.4285083966523029,2.7552213333043163,0.03020327219220997,60.86693805443403,317.2382095659381,0.9922023728566313,2.953276865595492,0.47281274500545895,10.62614531583653,4,white
6.1247232257122,0.23242040552913942,0.3765465260495864,9.50736897799048,0.02876326117639077,16.311462448985225,97.77839896094439,0.9981565411712874,2.8852379062185647,0.5860214180592924,10.660181394497414,3,white
7.155981366406775,0.08,0.20437457966682013,8.60254609375602,0.03299699414400949,26.71508750834893,108.98845377203985,0.9954041607664325,3.2358895381315453,0.5457020792336864,11.00495866659302,5,white
7.085648765260411,0.2879276915436771,0.3067647168451624,2.465175621399622,0.057234935429652856,47.81106938462045,286.7842187916181,0.9978194640495405,3.0404552102238194,0.3907835047783811,11.652673624179874,5,white
6.769189216961036,0.21136557133510242,0.3085962723343823,9.231917515956521,0.014714342796631814,28.839133822216823,154.96175182738523,0.9977676398666964,3.229903890256987,0.3781628951972853,9.932146573859525,4,white
6.722438919791938,0.3031700619778356,0.17750922540939634,8.73734884236623,0.052126093367843025,40.438978794817444,116.1616951144714,0.9977305676975228,3.0048134179986365,0.6564895579162526,9.682320104760468,3,white
7.2374395816029145,0.13623974638884448,0.404110788564162,6.291875670874721,0.05718188107219367,29.14326215670045,105.12623118402342,0.9990339010945833,3.255606417611149,0.5125585337982177,10.012508552517799,5,white
6.097272660460795,0.2912376681627895,0.3084328362257037,4.902006676906506,0.009,30.932612634256838,84.89236954897486,0.9924290365447495,3.0597649847534845,0.3331346054134716,9.381442541863763,3,white
6.416174350330836,0.44998330137637854,0.4763919570643781,7.615464293835137,0.02843991033426675,25.591769435018296,137.41789381768487,0.9926087614982076,3.1363763409463403,0.5665846050819132,9.98001333677204,4,white
7.193152530819267,0.14879511229262846,0.26407645558655135,12.965894151104225,0.05707323302460247,23.11831116773549,114.01942466210687,1.0032414715553446,3.088289780625164,0.5235942950082768,10.312349427174047,5,white
7.236100819899996,0.3970930778595415,0.453757927432019,13.57225856016126,0.036515800230434756,45.308717180209094,146.55430118880957,1.0027114904195495,2.897162168052647,0.49929563863324683,9.819614503388786,4,white
6.457058182687168,0.3072199259753791,0.2743909998601794,11.336329871502489,0.03723655030084744,44.79346269897696,188.109296129844,0.996455120166652,3.069859161287718,0.6253599505729406,9.134219225900353,4,white
6.6198486445084175,0.2966959614395794,0.2873187183302346,3.2978177410603546,0.0632946520471614,47.36229157387241,152.62934986789176,0.9969154331622735,2.9538245379629515,0.5642733673454855,9.074666169841691,4,white
6.402049284418736,0.37149082035567693,0.3196086748034167,3.5683726915043636,0.047555334476626465,23.641535429264053,102.75089626776459,0.9962429057550453,3.1988355910143285,0.3199397201358355,10.039090898147041,3,white
6.864322129894578,0.31301080101151524,0.2571737685939465,12.589028652477914,0.048471434872112286,37.294032915282074,94.44467333792072,1.002570034057037,3.1234191743011746,0.6343119232864376,9.022359688687398,3,white
10.090359850665937,0.3946455202870126,0.10879855950374523,3.478541546669253,0.09563857053069119,45.052932844273826,204.70868138218708,0.9964432470426652,3.111775631817929,0.5226227202606296,12.086197111952789,6,red
7.836369931428961,0.6070952774973768,0.12089523745573635,1.419495715088657,0.020709921420261207,16.129750686268686,78.507730048572,0.9949834677581726,3.365688353092448,0.7428787499782653,11.597773083061567,4,red
5.715153474626679,0.3757926865336238,0.2528299041054772,6.729523787598037,0.01697821692769328,51.110371354494895,144.06167794078755,0.9985867479579145,3.071870818499471,0.4916837232330061,10.39732819891956,6,white
8.435816210172128,0.40123844528897523,0.37067152617596133,3.1623048315621394,0.04937540236847856,34.28813222070105,119.68174596711101,0.9986132734580548,3.0206585896677693,0.5436704027340674,12.079506259506182,4,white
7.471069419076762,0.6944452327219849,0.0,1.3328163759918152,0.07159873255754724,5.265201961376817,35.50033387658967,0.9989606626782181,2.9384628557215575,0.6769247915919944,11.888690414847023,3,red
6.380611988930712,0.5256447908496351,0.2126113550969258,1.3197874258867415,0.14377571987343818,20.62083469890608,54.46581585619726,0.9984978188475646,3.199871964921667,0.33372026159431545,11.620318183718085,5,red
9.610470829607845,0.7396530838022909,0.45940316695850353,5.6637264298630345,0.11927152502146951,6.117886035172524,48.36182644191601,1.0007497383457025,2.906547180286485,0.6301528944387127,9.46392372782175,5,red
7.44484070023217,0.307270840729128,0.38286086071243486,1.4080272504931524,0.06548035282468209,39.9076254102076,136.18159580507447,0.9990893022542872,3.182035028483175,0.46849943768749286,9.701597035879871,5,white
7.027973821627179,0.22443641118239843,0.11187055350017736,3.974840704627135,0.034646676116332355,35.04402487579405,92.1277178105668,0.9936819047445846,3.2427157594682843,0.48627277729046886,9.44033385406997,3,white
7.54522975714696,0.30406898222938783,0.3911942000091225,9.983706415228603,0.038629166375596255,25.055803335793808,140.79811387466987,1.0007155299689834,3.2695419878558245,0.6038804222798282,8.0,4,white
7.79457485766793,0.3982759019219523,0.2036242940513231,6.073165162336114,0.027710928999236446,43.52027955642817,170.6567314543091,0.9935112068572541,2.865269891497573,0.493976778071841,9.9479289093358,3,white
7.002459433877722,0.4630027803072105,0.4451422853756779,2.494827945684372,0.05556282638117838,18.027940135764297,136.57397601902338,0.999192147987095,3.04312824437312,0.8299471561707106,9.581556174864964,5,red
5.849853643571002,0.1455680702393412,0.46302378927036175,4.262983055132206,0.027886310156022005,21.651429574205714,113.29477883684694,0.9984962252029211,2.9924417631536406,0.4619809331015519,10.665050195366632,3,white
9.720676590510742,0.5250473170908855,0.13517982759765723,1.1093136764496725,0.01,16.157937535502285,64.42626783645954,0.9974262043667239,3.159030393830933,0.9156914927684338,11.679273408859645,4,red
8.053655125735766,0.29102446321191794,0.30219420397063057,6.887585738912554,0.06523050979999293,26.92836600306216,128.95733650680194,0.9994446525131289,3.0311830838689096,0.4148406633060391,9.61021832944796,5,white
6.63539301498086,0.32663977492476126,0.23262417592519408,10.640820997237633,0.026642851096377977,56.713862022933974,213.66338599874024,1.0014948095350098,2.805282734722969,0.5906850130299366,9.709436608353869,3,white
7.260419734913689,0.5641246909877738,0.3434014303841964,4.30085251602347,0.01,12.408469742698088,66.4574216255944,0.9987851101650653,2.935087971118084,0.7715002784175362,10.985235557964934,4,red
7.825504539262093,0.12235608064789108,0.38007641538043413,4.741118935196975,0.025514527296554772,29.803180463572218,87.81900941851745,0.9910779563696455,3.0956014808690235,0.4739016462814983,10.508438157419459,5,white
5.532208905470965,0.2669814811517831,0.5308749731599267,8.14657975796058,0.05683463666438169,33.97367220473055,93.34972565708,0.9932772152349274,2.9725820871228286,0.5460078948084339,8.81380336807226,4,white
7.014203733016685,0.5704432506353395,0.16558414417736977,1.8536628816603233,0.1524547797493504,20.73622974550012,93.36137866151148,0.9943311383654625,3.3261795185227045,0.4199926024739752,10.409014317616414,4,red
7.332450209822093,0.3254688951953637,0.28622513020637946,3.0874938178318,0.0679143053649762,76.20993699401029,284.011724131006,0.9917580514230087,3.0218580782573903,0.594944775260964,10.378104493532597,5,white
5.812024588175399,0.5154710155804552,0.25560478555826266,4.250328927939827,0.04488186800529189,13.670281672066235,79.34683061173972,1.0009635858569925,2.868915989549997,0.8139598035616454,10.625390943774837,4,red
7.348677172940105,0.3315515634015093,0.2925648824260577,6.105455207811696,0.030540004560599555,38.13249124479012,199.6081174824673,0.9924836475772504,2.9373420623735456,0.46138275424106573,11.74158884384185,5,white
7.745759995314671,0.6891281713449889,0.31852291357812024,6.10913234689835,0.13738237227715897,20.43461147514918,138.90369656660442,1.0018340379547288,3.146233415746091,0.6205729196406842,10.96766051625312,6,red
6.410553851464897,0.42648661065048177,0.3279394273694149,2.0939682196525493,0.08761201253592285,53.2247962386069,268.13725641395024,0.9959807856239122,3.0727694501309815,0.5607224465664908,11.745368329832527,4,white
7.237808417917346,0.5426093893603727,0.2782677870422586,2.664826446177313,0.05224752171467355,19.48564942867555,72.72040111218692,0.9962061700263217,3.2540111716009443,0.7082149249358517,10.433960502624679,4,red
11.352992044262388,0.21526424481712753,0.3994583069841601,1.7023408492668841,0.14734992732130547,10.93981330133444,61.056642350286225,1.000748315610362,3.0841416384330085,0.6722634691547834,9.299109886553037,4,red
6.473605157007684,0.35674391270011896,0.2566103315584085,14.41336894425164,0.038514067085008256,31.254424948064905,170.35608985636858,1.0002813394304693,2.897597966627779,0.535938366800892,12.274953466146531,4,white
7.867363849512572,0.34190988310119047,0.41912676737099114,6.742547186355301,0.08817970975908958,61.84875705137594,182.32179335536586,0.9979522689496708,2.9774851930624817,0.403355497393327,12.237215988565342,5,white
6.204449885967331,0.2917623984074843,0.2758935466224951,8.314201571607144,0.022275988396512965,33.55835320664148,126.67471782700044,0.9882257261087697,2.879036549536901,0.3616638584466807,8.594081827870166,3,white
9.162365852882406,0.5311560085659688,0.0,1.9938799150856443,0.07937272498313153,9.979572860476235,25.408699468638495,0.9998033980313563,3.136207047408527,0.8861096216960486,9.517983054388251,6,red
8.162614305565972,0.35601208090554415,0.21062326876682572,5.187114985269175,0.017783752753883674,25.098605652928413,63.801106511132964,1.0012908787384756,3.408007409764076,0.425014136488835,11.555815108748268,4,white
5.274096534388907,0.3637051004235523,0.32188750507789865,1.7997846982000727,0.07162363727527801,29.07461745555151,98.25154418065199,0.9988194914864398,3.224114211074001,0.44647122780373427,10.231891832710017,4,white
9.175559954254723,0.40364149619478407,0.5519820454218334,1.7301732676955681,0.1003867880953109,13.146010489019373,55.65326430806399,0.9947460438978359,2.9009300028280722,0.6978763572922063,9.716171794447732,5,red
6.055603548064909,0.8924097045547922,0.0,1.9930571401365447,0.07968917497442164,14.546811850210437,49.164856356302444,0.998379383807365,2.94701468302026,0.5175666396761655,10.861280681027479,3,red
6.462203881305955,0.5683753930827841,0.2640265576287925,0.5,0.021932111745153485,9.108293188901506,38.37592732935692,0.9999311031412299,2.881501539386797,0.6277436043278096,10.16541186158572,3,red
7.999189713260117,0.3309731596725316,0.148911528064529,0.8987718428152955,0.11090691680115253,3.2595113498797152,18.497521700150482,1.0002830181063336,3.0692636869080983,0.9091231262357126,9.801534860179286,5,red
10.601583036081202,0.35510947306808277,0.07924809930451529,3.9492386660362637,0.09194720594809669,10.750325765125325,53.982345630834274,1.0027881074122036,2.9219338212097523,0.5824999349867568,10.001611967255702,4,red
8.240519566155166,0.9207696891496064,0.2636136127062945,1.963303921842294,0.0492680223574084,3.56243286396055,17.827872642602863,0.9981773464751115,2.7522834344639286,0.8789312340747598,11.386067194098153,3,red
7.509302157582363,0.2611634153380345,0.3737794546730598,6.455006695544336,0.009,53.53936412332586,255.26051856752176,0.9999129884573167,3.0715649044525577,0.29575853542079467,8.76304029927126,5,white
5.996772178654703,0.38721858374302687,0.20117867437240505,2.4870069732952147,0.041494724332673816,47.62986446136215,241.17268585963103,0.9945574950533773,3.057476305515611,0.5169981384836668,9.51618705772812,3,white
5.836982583085216,0.2838485528340927,0.43140516807725915,6.5044310052396614,0.02858771186471722,23.720088879539738,64.28233904835061,1.0020783020190362,2.9508450765874588,0.5835270071305775,12.19990058801363,4,white
6.496268440694944,0.2799346926084459,0.2406754608234502,3.0014498664123317,0.0558218292327051,22.750842219634727,74.63843420403812,0.9905217418104568,3.1244840661709965,0.6255617120019019,10.128508471704299,3,white
7.8586947026818725,0.5156645495757713,0.1089495535623739,2.723785905051217,0.06433320612052873,12.916905099927734,29.983597244992122,1.0014301191923254,3.017525506516512,0.6690033852854841,9.410695992179019,4,red
8.464332082493526,0.4229730726192352,0.4013753647891929,6.859666157001983,0.012097272479789818,40.43780915856914,217.97431697513125,0.9939586348699695,3.0573992972760595,0.41014529096708274,10.841779458407771,3,white
8.775946664743696,0.6889597598864886,0.23171660854997161,1.7843384449596655,0.05079467493477041,33.347883908704475,232.55411449716652,0.9976896485809594,3.004841946181135,0.621354310156563,10.030888517533567,3,red
7.189742799770674,0.26818636100609744,0.0,7.31053269115454,0.044342250692289746,70.67947925301982,295.3384481154251,0.9961557744673968,3.088710442671018,0.4994387809915727,10.049432865357074,5,white
9.392628691774826,0.5201190798890685,0.11334230930974204,2.335006803263411,0.2201742937590308,4.325921051965767,27.92271894726743,0.9977243389118917,3.0900481694216415,0.6536265688067807,8.629250029631073,3,red
7.538644399346509,0.1663312383553846,0.15081084158993904,13.773861902606166,0.0452451067235042,27.345225479113058,95.18245519275001,1.0069088479788724,3.3682777928470196,0.4089595913731421,11.10022010584191,3,white
7.987228328200446,0.7254767809115058,0.270702177651091,4.056677438328422,0.08565805672682293,9.799966000326577,49.31335247405829,0.9991855150357437,3.0158929089505557,0.793077160248712,9.947497963175628,3,red
9.131936754087462,0.5883846707098885,0.40905543381477616,2.4542636492298433,0.16131978172610026,17.460712856554345,80.54679510479176,0.9986890506475368,3.0167148892292897,0.7169472044346472,9.016590018421049,4,red
8.308692876292184,0.6949389814464466,0.0,1.6575715628733043,0.01,6.730392777576705,20.746724689388852,0.9978054924062745,2.9911370089235176,0.7092410985530511,9.286630557845493,3,red
7.561356413365064,0.20543485827392993,0.25186179305307616,3.918737027553308,0.08547013951487743,22.171289831128984,102.2676633632492,0.9989228974808511,3.0770034584593517,0.5650685713571194,9.18464345453594,3,red
7.422866065251242,0.39966177360048205,0.17289475769589854,8.089739397468312,0.015495678706818037,40.97287099011234,189.04707058609992,0.9961334382748555,3.0986329395415,0.5520086194671823,11.136454430205346,4,white
7.258105584119354,0.13405051039736535,0.4039492571638252,12.777914469485092,0.01802603041321112,33.96580478213693,131.0137808424478,0.9997986374393053,3.28592288001881,0.47692970729980116,10.067733874432758,4,white
6.48504527004959,0.27407407998646816,0.023079564983756462,2.461136365458093,0.11719151180715369,11.935989686127487,55.53726102326792,0.9988999912745513,2.940275370729849,0.7485028020873707,10.154896224394603,4,red
5.9224351245074605,0.38272420098398474,0.20705140719516868,3.2233394417395633,0.0561477917101361,5.913171140204824,20.427125885132888,0.9996605242863844,3.15703129491597,0.759947805559637,8.871053077877795,3,red
8.488265777197617,0.32653629237318293,0.36379221047548593,6.294065078257574,0.0385916533389463,25.12464302159905,89.05732794080139,0.9921313668811557,3.2087404974371045,0.3086925309415668,10.853199654163813,4,white
6.429922505274278,0.18418991863378054,0.18646480095837056,4.878182502924323,0.017249930494454734,33.09139673556449,101.46978756114183,0.9956288618810084,3.0034278658416245,0.5245965118182966,10.43291516021851,4,white
8.188224556175921,0.8825025417597069,0.4572354402668915,3.1405917326068504,0.06918221782760887,2.1272949039623357,6.726935682358889,1.0025308414152612,3.214052090875944,0.5767787657616039,10.91215139293472,3,red
9.355142565836154,0.40536422362270597,0.36109388843635215,0.5,0.09754760877337346,19.504614255648146,124.31095844359615,0.9988436065339319,2.896765562599613,0.818893926877091,9.878270917598469,3,red
8.908238512592082,0.5525404104766234,0.6128261408594813,1.3985007558452043,0.1477831860157171,12.091886576104972,61.68096259504759,0.9961472485515414,2.9994985891083936,0.8436245083084162,11.99524131121708,4,red
6.736978801802535,0.48605180564768324,0.2027322649212055,1.154442839589648,0.1473188207571926,13.740165178575092,92.58180570119885,0.9993901545743216,3.132535735250197,0.6062675289969048,12.556008270697152,5,red
5.981860299725803,0.182366068074523,0.3277611847466849,2.242596323394449,0.0418674579585966,28.15626769355136,168.043998595134,0.9926706750545794,2.9499934076307945,0.4308388024701369,10.683641516481147,3,white
9.555393185992198,0.8331069844624164,0.13800450509307896,6.2214178818646015,0.048040927601708326,4.53708882396403,32.47645133991495,0.9996644281964212,3.3268659281351427,0.6815847436135639,9.785273033221616,3,red
7.7686207119280075,0.2949265510393298,0.0,4.856491573645432,0.032461368833392706,25.23720411376471,72.75163863010035,0.9960542110625535,3.4113747808614003,0.48386482285522053,12.472591116106912,6,white
7.058376726080868,0.42965147869859,0.13992033310559926,2.9628189832003566,0.1293703370577084,21.315713719473905,90.33690277700347,0.9979390944417789,3.071225889592079,0.958078786643205,12.281275430229046,7,red
6.030472174089148,0.26093914642407795,0.31235465274721297,3.7341113329466733,0.06981774826204863,53.88540930248432,271.32089787274936,0.9940128154385884,2.914581930000997,0.6137286937367664,10.468444558961231,5,white
5.340287590357795,0.23484739830783186,0.24441215872505348,5.9647325708628465,0.049089369083786354,27.516975739598703,162.81522234407132,0.9969256643663678,3.0123574232012533,0.3997506686550708,11.528091811012647,3,white
12.022664986470044,0.4209892028473645,0.19144161938657756,3.9029769898909374,0.09541631497848815,19.518112910435388,154.41255278479585,0.9973354986925421,2.7833945451153093,0.6434452289947106,8.0,5,red
8.777686175149556,0.3313940108887028,0.1564730630085881,0.8378677249882532,0.07397850428688271,28.23479940043816,96.11603030391738,0.9991926636656623,2.8442086162859552,0.4706732742760583,10.267372497553865,3,red
10.304805212908505,0.8051243167542557,0.3442322249763474,3.8628915609105743,0.17323654679557504,19.98159531257818,67.17827921801481,0.9985422489060479,2.6168352665898844,0.5078130854940657,12.73292504274403,3,red
8.168019681734634,0.10519325280862143,0.4089162797669295,15.039194147699234,0.06767484380180021,39.13328083942399,200.86239311147793,1.0005391818514149,2.9280712879982254,0.4781976662222732,9.990103753669684,6,white
9.13626259156106,0.4080112334446209,0.09339293656344211,1.8761861657323697,0.09940344650928165,32.474334609702666,178.58191819790383,0.9990469595583377,3.209168343181161,0.4996884013234162,9.71911142410735,5,red
9.114265703768867,0.6085807647483802,0.2618635575508008,5.196226850044135,0.0752236626749215,8.223114952336632,62.939779157090605,0.9992877251112678,2.925752130112335,0.6023754313600329,12.484856299847388,4,red
7.877994745065885,0.16079217354241832,0.37684184986751423,12.768047421432286,0.028569929008227635,42.15425039339531,246.1211249800611,0.9987853531543447,3.0903652200610106,0.6370210688927458,10.49971741810226,5,white
7.3283107510724825,0.33098251816073193,0.25025018208834404,8.9057388558255,0.029109958859090537,49.87637190414415,148.17060673531742,0.9991319554629772,3.263976735257801,0.3598158929386595,8.436423431891578,3,white
6.829251178422069,0.47098748679089975,0.2927524218053922,3.5827662389389183,0.009,30.259299144506027,149.52982938412597,0.9956620120383048,3.1707367411990135,0.517892505095163,10.444584944808877,3,white
5.810213370194099,0.2123029708938703,0.2986577617442408,4.146814366988122,0.07705402752083358,18.728153223912656,50.88576033674366,0.9964729538168668,3.2690000244752575,0.49638443322706644,9.027049544145246,4,white
8.20769872691972,0.7074313992223753,0.002942266356058043,2.827701335240283,0.07974444386797533,30.56082915985693,190.50321264335602,0.9992770596990064,3.095487861622824,0.7135478810214851,11.500663749367895,3,red
7.14995309070106,0.3984061614408482,0.35772852893783047,5.518941709055531,0.03587588492424666,52.95700333055446,237.2812341323811,0.9938398175341596,2.8724295294593913,0.5084911607387755,10.86308440192294,4,white
6.907986112967172,0.3609360072010501,0.5838735819997506,9.31762843866133,0.05681427422685691,27.328908650176906,130.70301837108912,0.9990343990846351,3.27405207843589,0.5480466153630135,10.921404171314078,3,white
5.462011022093669,0.7497860651945636,0.3032901695926173,1.0464520896273757,0.041116416781636834,10.374410375667278,39.499057908027254,0.9970429630208054,3.3592466403896575,0.5860794454844849,10.627805798376599,6,red
7.349195797781931,0.147135642577274,0.39088522593161057,1.9369936258042313,0.03415241802149347,45.77118573493267,235.68220074252568,0.9936342678746676,2.7558880069200655,0.36127942170134086,9.426332400673632,3,white
9.681293898070138,0.4647606305474362,0.32041884638592943,6.301607361060999,0.11563123597169132,14.191427243427764,79.86475849182025,1.0042495316371103,3.133860201285555,0.7335140159015303,10.977354335673839,6,red
7.725006340662466,0.13556697665772827,0.2820808339944351,5.983050717182673,0.049061706158117654,7.011239802432804,22.12465507854989,0.9916195243661298,3.0572650492663906,0.31916593775363056,9.348168473816083,5,white
5.367639684727845,0.8424734845697449,0.42760021996703224,1.5778387760619064,0.018889925413694303,21.2179578173225,99.79855758942338,0.9959813223339566,3.114003908037674,0.3305443269731869,9.75913502737725,3,red
7.243473360931832,0.34542295064967377,0.4406011583373081,15.121065306585944,0.023924456163318963,19.01712865600919,112.13278382060767,1.0031873484547604,2.9710368001250833,0.5455867338261435,10.749872234584275,6,white
6.968305168656084,0.3496688157953891,0.06354554981953181,3.557873647464546,0.020739439576622384,31.498802729815047,159.74884489599074,0.9973407086049327,3.01853827472986,0.4498040506789756,11.7437188268942,6,white
8.431526123000952,0.4284354322416701,0.17630666374404333,3.591336868726654,0.09910602363179213,8.424756337547878,36.647683811038036,0.9961420687838711,2.740530190937203,0.5318251195006305,9.98528538871453,3,red
6.925892914896243,0.8586817484384486,0.31945329625074836,4.921642590511083,0.09895804349905588,23.246011521682917,159.45552140055108,0.9969277752357302,2.966429090753631,0.776471137530602,11.893347030204527,3,red
8.176190848483317,0.4895660330005356,0.2193360574454612,4.955960229003133,0.045759627219854285,7.4126189526153805,29.594461205967054,1.0021063637611918,2.997520030424814,0.9590668226056129,10.760660966941504,5,red
8.136698170468096,0.24164615385850974,0.15000023145858704,4.165363695531018,0.1798595857994142,12.49927241934624,93.0863764878354,0.9985430059597922,3.039507578053198,0.6376463919618317,10.199783424118877,7,red
6.986197135286129,0.4087716876361037,0.18702325015228688,3.130782336170631,0.09589255526328905,42.166732262395556,287.7166122232307,0.9960390944185531,3.102079206287295,0.3616618671702378,10.793333479912231,3,red
8.65306906817729,0.5507046942465351,0.164089619909419,2.7034975819290215,0.07905763458672244,8.175465466298098,64.12988278972705,0.997201539318967,2.994940779727174,0.7810969953582725,9.40872955352715,5,red
7.514373193091601,0.41146637309753775,0.367693901925287,5.598188429392428,0.04979323674601078,36.56587135159935,191.5674560852003,0.9965461658725454,3.027857926179935,0.28405304315302166,9.812034093322321,3,white
8.272081076676322,0.22698112540022897,0.3255166183820109,5.136636111909842,0.15391644153944212,25.47483906299135,75.29593657763407,1.0003759238632528,2.859194694935293,0.43342264360000526,9.904150389377289,4,red
7.753644069189912,0.4755554564321369,0.27945700056438244,3.5499073842666227,0.06610055381815147,11.548994786341693,75.96574529373495,1.0015165687167369,3.0861357565430554,0.6398753872407978,11.185712373711512,5,red
7.8757449152593795,0.34288712544525035,0.3201692310184132,1.5551797916276136,0.04780591179180349,29.541525548946684,153.48757577878445,0.9903405335090745,3.0145947892741223,0.40022498609438,11.137184195234402,3,white
8.203192439674186,0.4516124532974282,0.29347406223156064,4.33134783672495,0.10256730610071083,27.198024254251454,199.042166952963,0.998559255902926,2.9547945009264285,0.4169655054336916,9.274167834994437,4,red
7.472238812832857,0.33643013511419073,0.5206005548672821,4.682705241695352,0.04728928666956582,31.600041266710797,126.97550404183052,0.9930260060203577,2.8024333191573483,0.6213451682028832,11.918971879739622,4,white
7.122053688056889,0.5121998624255943,0.36927768000049394,5.395156153271135,0.1017162531229729,12.42661568921215,78.20113650694212,1.000407862654,3.0210723617664725,0.7988167340750759,9.946941460832551,3,red
6.184154688566365,0.2792332197951932,0.4287897002055022,2.3448614067481826,0.05683982562447455,65.33099058891533,252.80115414177664,0.9928641097077007,3.0310400221057594,0.354213561072703,11.531007312808786,4,white
7.465465247178846,0.3437580137781812,0.15868019874388833,2.341099876098294,0.030200971507219943,32.343854251803116,132.843954963937,0.9962139696215826,3.208925802696028,0.5221047444316119,9.643762636542842,4,white
6.324168624727318,0.38272861697396854,0.27524359290045175,5.799838159477172,0.03727268404076545,26.547002159650848,72.26808480472215,0.9945925372538645,3.2801532278822667,0.4268396425181987,9.791487655128298,3,white
7.702843023084546,0.36226153699736485,0.29796408645797257,6.300385228886797,0.07391317294510452,37.390406799742664,121.3082207537124,0.9943266498575054,2.7451462800159,0.6265230209744911,8.642962769413277,4,white
7.650050540965271,0.42902968916692985,0.3608096713247436,4.061698090282272,0.056618630572908744,33.975754895202904,105.34224606209811,0.999941204199408,2.869065649954038,0.6154567968330841,8.257306312235215,4,white
6.952116185154016,0.21306270335195288,0.5525767695138262,4.817107413598582,0.05605473304943798,4.190649127236881,20.778121465151294,1.000328898463764,3.2207530737238232,0.727280075759271,10.777251894200838,5,red
7.235672403488617,0.11961330452026009,0.43271237504400895,3.6030465770112645,0.04313844149176228,35.47986006919522,108.72438443208397,0.9981240946604173,3.1542226455412266,0.3610483032354861,11.057543952414163,4,white
5.774547365837148,0.36958539942524826,0.42468883480247066,0.9241789939705773,0.15695454985149712,8.750040299341022,18.02296942013401,0.9961742729889868,3.076002495716363,0.6973802171838901,9.407125455223362,4,red
8.186761739571063,0.20230101657494176,0.48607960401187245,4.598637656537882,0.060273639955334656,33.80722677199831,90.65632240820558,0.9998285906342357,2.8440142777106305,0.3969740098258556,10.56594227235378,4,white
8.522258981386356,0.7524967715378788,0.2545106921106873,1.8735931987331975,0.050696495422502354,29.253179425504413,223.24603588802424,0.9986590374090425,3.2140509000102124,0.7922494204886521,9.828724558030757,3,red
7.822129502093877,0.722627042896957,0.2847212985185839,2.724498609539343,0.08114744605137336,24.50368415318102,49.50545684791552,0.9965423624315038,2.9224679786798995,1.012412448510599,9.80439520053599,3,red
9.253333694825999,0.4527070025974545,0.23372827957181327,2.478884049526686,0.0723666493057032,5.692247181684854,20.37927927137055,0.9951937937774037,3.246913507053791,0.6359976010446428,10.160637540642757,3,red
9.63804382636217,0.9423696630663335,0.31683590790208094,2.7849220897314337,0.13558885267240534,24.030418424426138,71.5001649409471,0.9975272805253529,2.8058857371138295,0.7894532556196915,11.785248237884556,3,red
7.544807873747374,0.128236259521359,0.4698119295678229,7.356042971844964,0.033484093232032656,36.74808770228238,174.9897360574314,0.9938597937372855,3.0341608500579813,0.3730732563324055,8.899294148738761,6,white
6.9768819668160695,0.8608730618231221,0.17779189128010503,1.2537707931725417,0.11742463621913349,12.735471704855332,38.59783546744903,0.9955671866957149,3.174010468325957,0.7069762433101795,10.741618732074706,3,red
7.281062460978587,0.6265974954549115,0.3035959657064856,1.602332579850011,0.12272107829472859,8.481847047940489,49.30973429024913,1.0005225947905607,3.0090921319319053,0.5435184006702137,11.010130507105709,3,red
7.10261572607731,0.6442498643411186,0.6523313846831453,1.4858018636464052,0.09220400140676532,12.09607503600722,57.92453785544069,0.999847277755868,3.0740810283707702,0.5284044481246386,9.075473793814936,3,red
6.28108384131304,0.26198088103360995,0.3453810228804815,6.716051378901559,0.06777891879680237,8.489840404172522,44.31670530154775,0.9944347821266453,3.1176517998136766,0.2741327535998592,10.405785954285893,3,white
7.5121584720569485,0.35470673189738317,0.0,1.4558472596354375,0.009,27.92399428972617,100.94335396447391,0.9966858340346996,2.958104677794777,0.7596787909019934,12.072173265160659,3,white
6.212861137757737,0.21019983446895646,0.5949900514796209,14.76536302669402,0.07029378747973469,55.811422410809286,182.45495459113283,0.9971037272669299,2.876059778968776,0.3793686837301268,12.219938607264234,8,white
5.723713086777666,0.2884948078366629,0.40545673809416494,3.036899583500827,0.035712590264820994,28.481802574946318,159.38018085922815,0.996053823504971,3.2320731594137406,0.6950855030245997,10.496968006982655,4,white
7.606271865863364,0.4793610397187216,0.1924608405595581,0.7520349357061707,0.08175993300511972,4.470698527826763,29.678914803683565,1.000086554588214,3.354820077912732,0.577810266603825,9.198286255476026,6,red
7.228678117570282,0.1843001514659735,0.24699724091010988,9.862088464263863,0.062438104982752055,14.631577026723011,46.888360200702884,0.9996303142311181,3.0718637752143483,0.27241294439442765,11.613109825409056,4,white
7.799709387216335,0.17966559362539133,0.25675201997511726,2.024995744026569,0.04638811979217043,53.41384345793448,288.67169621667915,0.9928946493107778,3.212864926661709,0.4735516599002404,11.083798820078435,5,white
6.330793745444221,0.3852649388647761,0.39843387653044027,2.8083809658371988,0.029450840196396263,52.689522057828334,308.3068390211871,0.9953399135135346,3.2162613388805004,0.28645845466299746,9.904364244604798,6,white
8.748889985006459,0.39827773704720837,0.3296482537792454,9.459122032986775,0.07487992952399855,30.56390007432263,117.84733975137178,1.0006454031443481,3.0929634392705436,0.3711540490588793,12.680841995738216,4,white
6.300734169584711,0.08,0.29089228585369514,3.8961432807068226,0.06626615883214032,19.167405792043656,51.835821057754735,0.9927904883028866,2.8974322584049017,0.4311672860022817,11.805726351120516,6,white
7.333845655470279,0.25769558867015324,0.2545909123245391,8.830731779244418,0.07374093708058041,40.057051511143634,202.14709911537216,0.9994052498206439,2.9618499043815,0.3819366807788135,10.209311809126193,4,white
6.467818447189467,0.20082757261109047,0.25623746489550925,5.536200069620641,0.029274227206523454,32.057721688957926,151.36392515926943,0.9960144924243052,3.256472036164967,0.6872811417364897,10.132086570429298,3,white
6.705697432144292,0.5373065044166988,0.3597571927972717,6.835047012360511,0.08968453850590521,8.106298206509162,19.04174760219486,1.0033803262239622,3.1137381904698853,0.6385177803304565,12.306798813265283,3,red
9.698326350575423,0.4430264367861127,0.4714398824247872,1.3941776838962983,0.08967554178092646,15.107635191184194,45.86156343277732,0.9950526259069093,2.9051630328741673,0.4101648883189306,11.40039457450893,4,red
5.630617976186224,0.292395947980273,0.21587365625976257,4.173363807542256,0.18985945234651158,2.0497048833122227,8.94808795011458,1.0000941941241095,3.2000806531763715,0.5647057231485857,11.560908053648589,5,red
8.382486767506206,0.5459132395325326,0.013295870420475975,3.0392250425079417,0.09137846265612966,12.682315898625609,80.73004355041866,0.9997219084661314,2.8574639641699413,0.7866928788990948,10.524756718017974,5,red
7.0984940162057,0.2613352062258411,0.20454545905441074,8.650040386849629,0.023620601875689488,26.241905012644033,105.34922893493189,1.0044187189899618,3.1903687461170978,0.3745498894570012,9.601724135887347,4,white
7.266657459879934,0.4171872586495703,0.1271617168947359,14.051362313899519,0.022901902001870398,29.826456875933403,135.90991404078,0.999277867497944,3.2489929881200204,0.3295565951369419,9.246480252745899,3,white
6.345116765584571,0.3298510804201182,0.5607592145794189,4.525896613090299,0.02094075334492637,68.79508754880042,197.07200753798872,1.0013544293726473,2.9879181926005964,0.2701278714140858,11.403858043198737,4,white
6.905142699497511,0.21541875472419997,0.14253181720196834,6.852183861584011,0.049114303871707475,38.88924391081211,160.22131102198304,0.9944078636308669,2.863778135467125,0.549376980670821,11.074309331843692,4,white
9.946696483905912,0.5232999974282285,0.3270901283260574,0.6226758557976604,0.04462972997597467,31.46381913244707,246.20832357901196,1.0000000066696229,3.1319682360655516,0.8597492115827688,9.838056556837378,5,red
6.924220551727226,0.31001537415269764,0.2326477519822805,8.101099277815702,0.06127012842985865,66.69598976990483,273.0391735797737,0.9936333503082052,2.929113765641366,0.356398769344504,12.446829790516038,3,white
8.54941326693665,0.817756490690849,0.5976923634546106,1.3817398722647003,0.19753327643168656,20.728468780753424,156.9379826300512,0.9992255852025734,2.909769383890783,0.47134745919015014,10.366982694747309,4,red
10.342063667678707,0.662631901476638,0.09988419875102542,3.8109321589524012,0.053252175769957985,9.025719777956429,49.494507089860285,0.9989287566489601,2.849057649495393,0.6294414573770107,11.356459330200131,4,red
6.165562199110214,0.10374478139583601,0.39950555309232305,4.123357338380897,0.03906577468168422,18.329861095197927,81.51405651407683,0.9938811441702146,3.127107191459632,0.5062357325716471,11.668748032255104,5,white
7.063866801097724,0.41988156363704865,0.2213258470258778,2.80949028367247,0.07601586444970243,13.23523968237252,80.23853246506309,0.9997784493881388,3.3468768445124697,0.5698305141783138,10.254612701712066,5,red
8.104948049506273,0.49335553518157493,0.381038466289772,6.075993964992985,0.1578765768681195,17.824734538915408,46.01834427464725,0.9992201376138264,2.8066492869646558,0.6085021948130436,8.958775774307396,3,red
5.047423584081745,0.40594619274387783,0.09141841078931573,1.4785987432321899,0.0477681454558591,6.201977095613333,33.017157865251455,0.9993955433463334,3.205409860647973,0.7311525344159754,10.347521027656514,3,red
8.335706530775692,0.2938694781769713,0.3501014560167466,1.0661063034492144,0.02902016907031242,13.932012207564973,55.01463913962822,0.9930860559014708,3.121977460307986,0.7119258614562635,10.477315773798049,4,red
9.586880648297099,0.49707864060112883,0.0,3.3276143646449663,0.0280711731262996,8.274971145236421,38.01524557009377,0.9932779116069057,2.791440605973797,0.5101379837474485,11.653784637875535,5,red
11.489490426667007,0.8110720154108335,0.09439570258902219,2.9591467121515294,0.10747623462347908,5.632005268500429,29.064602103144814,0.998830594836539,3.189914110427006,0.5397117585268527,10.324976730224094,3,red
7.191621090799859,0.280011464377036,0.3691873716405756,7.024562047881744,0.029612798723921974,20.908004838380275,54.38312021727905,0.9938366636970221,3.1772804555413674,0.6034978630059341,11.427913465704174,6,white
9.697502271990633,0.7791691073318933,0.11593707287003574,4.589035424447125,0.14850968390934727,21.237962932324642,73.68980704956357,0.9989064573455926,3.378187871146538,0.7614172986302035,9.99775713180073,3,red
8.215911693590865,0.5068632479409925,0.32616865286194807,1.0014570275632138,0.07311139239194504,3.582345229851736,19.116626513186674,0.9955396999446164,3.238523976259893,0.5986697097566218,10.22141378101837,3,red
10.791602907166642,0.62411038784639,0.2813871997506024,3.006512248318085,0.11468855440231482,9.358910119199175,43.34983796256551,0.9979839397369539,3.2068225844172704,0.5557917868812973,9.943449060529495,4,red
4.0,0.49631403229918125,0.19960346126789452,1.4584011919131468,0.13803360200375103,23.304851021750256,77.86071223114402,0.9963098420704268,3.1488562114948357,0.9496987885473567,9.481961364775124,4,red
7.897957277164536,0.2684517103608369,0.39464891108111394,3.166804298863726,0.06075918827904249,21.21283335505088,58.49307962669502,0.9989556337669215,3.2183569512000894,0.4212453651939927,13.272551129676446,4,white
6.561597158643323,0.42470703017347144,0.15276373661103773,4.912418866666214,0.009374641968479216,29.59057548024058,164.87386835040476,1.00237638199503,3.190275766335886,0.41560700976418263,11.305773205718504,3,white
7.9913261237761954,0.2639769216534481,0.4395299735896616,9.523793346184144,0.026277672369495592,36.50095404010702,102.14326080968902,0.9947806493288649,2.87405972068437,0.611500997749031,10.448072173246661,5,white
7.692506604876901,0.2267242460538781,0.3915776644679388,1.1632018291543136,0.03856952128055743,30.55285662898974,172.4438601213439,0.9978659869539689,3.110651874906,0.668516358291833,10.303083298665124,6,white
6.7382916909768635,0.5719789036274303,0.09435146225538468,2.8054440323137273,0.01,12.395475072018979,79.76175846367026,0.9971160250838501,2.9701960710142585,0.5051091083820821,10.855395455593662,4,red
7.170342843262097,0.26970627415209014,0.39498389957465346,5.858094707490352,0.04182546574028698,15.408453699076475,59.756470389915286,0.9949914566383709,3.1656602076355695,0.5755404481773536,11.849012142134823,6,white
6.970375618524083,0.2762589351826138,0.40548455807498046,5.803158833103211,0.017278726373174624,18.885189748456554,65.89574065944534,1.0032029626268562,3.0490478071634537,0.49601990676210234,11.089993409827212,6,white
6.287691642810114,0.18796095721643674,0.21520516414707652,2.8867382453388917,0.08953032832606707,30.08676562688776,119.23928616124557,0.9954295236976477,3.120379104803065,0.40169445576445445,9.971379666768225,4,white
9.780911995833877,0.1,0.09416932104867842,1.7592402876058253,0.04870824548199581,34.61176357233401,167.6095737318512,0.9986452129913245,3.1047913293752036,0.44459273456168746,11.046979640353225,5,red
8.023732022624417,0.28715220442777806,0.35708051591558254,4.6394709055574355,0.061257388612958937,46.29150703436793,159.20947708552077,0.9967162929456668,3.082724506411562,0.6210107204725761,9.082619530677981,3,white
7.891446823131171,0.44636888648628925,0.35916084206362,2.58330584225183,0.11608011439090989,12.589301479426132,53.65182397617001,0.9996671113972984,2.9431604206382818,0.3,11.645972390537723,4,red
9.076480472561434,1.0947947360587988,0.22505449542840028,6.128583960246957,0.052696129436258156,15.60976285036627,50.731131115688996,0.9993253254171213,2.703501421929353,0.6566190750451364,10.96338823121591,3,red
5.724759718034031,0.35569799812454567,0.38182512125643675,6.082521545217352,0.10169459658674417,17.340663532876064,123.01825800163952,1.0018294970499844,2.854386347175031,0.771063433416472,10.953777518631602,4,red
7.083172279693384,0.22032416819807094,0.21224414840937,7.386259400242519,0.07592648984489803,23.265133809281657,124.85041221171566,0.9950207663464637,3.2858723574065145,0.42237893583374714,11.18668407233347,4,white
5.087780757392598,0.46006667844400057,0.2900932203415813,2.126250812176171,0.16212604340181846,7.6800474415539455,56.43854310936002,0.9970040862593038,2.997853791917357,0.7496392862023457,8.62076124283427,5,red
7.985666368046919,0.5623247207491276,0.5224973307117278,2.836719885761398,0.07515242960223124,20.246507782784366,84.83594152038029,0.9966849769012475,3.0353861843606498,0.7056799270009685,11.06461620406467,3,red
8.550423473427404,0.2911432332724312,0.4685839856496923,9.941430341746193,0.0264824230560172,28.695383800421904,79.82949020473609,1.000513765861357,2.9703578174998917,0.4891163036084801,10.566185468809904,5,white
7.312596361667969,0.3289895106409644,0.27099700694883483,7.991900294725328,0.04495286060739284,33.17143985021,146.32647704053954,0.9977655384954406,3.1140069184255648,0.5695278564407606,11.175950274925437,3,white
8.759776603825726,0.3244959594559691,0.3615545517265134,5.87599330930919,0.04163201203882079,24.31603431950313,117.27633843541996,1.0010829587971377,3.1592746286953703,0.9371213768216706,9.633447384101421,5,red
6.619767682856106,0.39780256831922883,0.13531218038929177,6.812632712549651,0.06268138507540555,27.712927154053784,92.5123718396792,0.9993980438998635,3.0019463685479923,0.5639186514150145,8.425229279754255,5,white
11.096445112952182,0.3887183036451968,0.3277255331649264,1.8245814288204627,0.03626113065294681,8.821003430597184,58.91470613868737,0.9965474209648876,3.0919823638174995,0.8405725222966225,9.89336687687832,5,red
5.691552301645984,0.15070186477648126,0.3105812126188827,9.287773401579582,0.06411248987581727,22.399942537711905,131.06875857379305,0.9961558883798093,3.0962471052911806,0.4357286479752912,10.282931454088699,6,white
6.884995525722812,0.7806437540115791,0.13359541075795567,6.5217220222870464,0.12109925852244274,9.617245905001772,23.331829807941848,0.9967491483822055,2.994957954511392,0.7810717317965964,9.374253315038146,3,red
7.015849014999352,0.6201969505891721,0.05130732411229366,1.3733800206488156,0.01,8.143937195444085,36.72577282677249,0.999369855261404,3.0872039028349625,0.49942195761344554,10.086286077839038,3,red
11.907665534921478,0.17112758433713804,0.0,0.6084647948943093,0.1218056321960985,9.007434146999158,51.2031595895878,0.9988140877957261,2.9116357990194652,0.6499315513259686,8.929546533897227,3,red
7.91618028917289,0.4267339992910558,0.32270161821205645,0.9192771319035995,0.0796509325404811,7.136113717460184,31.114290965259205,0.9953833910409413,3.0439570158040405,0.7165320703775954,9.546095867635227,5,red
6.884645381573582,0.33103080062634344,0.3306171769769361,7.111938215049058,0.06745235715235379,54.107162740406864,307.4428529455784,0.9970967324752039,3.0314926929445476,0.4005705874649069,9.999573380905968,3,white
6.263607582598958,0.6511726432285925,0.35968043147466217,4.978291746536061,0.05856186095860723,8.038725931366468,63.996372401169104,1.000871890061577,3.232854340821336,0.5586737865259196,9.164483145626242,4,red
7.491870321906922,0.3603280035971742,0.2480036005383225,5.762737436569243,0.06346680767990778,47.443527526022955,173.29606880673919,0.9960451852054346,2.988339110283089,0.5199229586291709,11.459422618888317,4,white
8.6384014824749,0.947479317196705,0.39908092376173565,1.0031636146945582,0.18356095669544326,2.916155754958678,10.552915471245251,0.9990575266968892,3.0987183717944577,0.42025503021042054,12.0812618312304,3,red
10.199402913699817,0.7773988567707472,0.6019990076039561,3.1593595421177967,0.0594331373246461,35.91337609354001,252.43351194415027,0.9995961487492387,3.2485513855261012,0.5677733156884953,10.38142872209337,6,red
7.628665450255944,0.22643519274722756,0.2691077864595963,2.8318134747472237,0.015364723522953476,50.180464952726965,183.16902944114082,0.9952205193586169,2.8985862340256823,0.6746003916788801,11.665862053162154,6,white
8.555669437009554,0.5838726644731685,0.1258858864069868,1.9395119565173,0.04515804225771328,26.60495926470827,124.66400791848007,0.9968620564485471,3.066678046454673,0.6996806283882424,11.605203271890655,4,red
7.774407390103314,0.24485553025901186,0.0,3.148993381143835,0.04298703557249654,11.57330442656562,43.60697757770689,0.996792684453904,3.032519465646146,0.5301289416184601,10.496473847496764,5,red
7.2956091971993455,0.4097230353511788,0.5025852931537662,11.657412621945356,0.012004959470029233,54.22668111247512,198.61099510964803,1.0011648642499777,3.1724711909150844,0.5485461510536669,11.09791764863506,3,white
7.988207828955536,0.17526641056634215,0.24260732087773904,1.222180891686122,0.01774387301719817,38.484088701740845,190.43836494842105,0.9935371945618564,3.0380396403503918,0.5093705037053934,9.979111413888711,3,white
7.43819660186908,0.7443163294615415,0.17005337989315975,7.16724212312653,0.09600670221716728,9.87507275927929,49.56552314001447,1.0026698728600243,3.0365984078500823,0.9109523169540668,9.237760420865042,3,red
11.38116254859478,0.6292673676872842,0.23267134914866155,3.9948783902585543,0.1264967707249709,25.158155812207497,155.0358217405094,0.9978720018533123,2.9253290852535128,0.6602494531451588,9.634927213382909,4,red
4.781865125732019,0.34646860502621685,0.2406260579859419,0.6,0.009,19.89647992391643,119.0545292792028,0.9969319101581672,3.3147170955028935,0.5552892885038146,10.607800946554146,3,white
7.326721321064788,0.2546878423714188,0.13248733226777268,6.8620717807059,0.03072093044953418,66.32336996474903,209.45318423385797,0.9967218146720134,2.994684094511821,0.5159707023636583,10.14080763204494,4,white
5.663872167187575,0.5878442987810492,0.3533103903738482,4.1527319584214055,0.08703330550098452,16.317901258007996,52.21815746864715,0.9954640329256533,2.98812096289166,0.8516672424108335,11.622311652599706,4,red
5.658975106154401,0.35613423567935126,0.1265136611159461,7.907015669573057,0.07574306071876608,27.15918914037841,130.7179963018603,0.9977402123912774,2.844103725205337,0.44946665950656284,9.572778451951162,4,white
6.94289468428463,0.49131421454802765,0.35709347367478206,1.865818519174897,0.08965926889735634,16.695738803589,107.31551287739738,0.9947900906687461,3.264377761288784,0.8685321718327901,11.262154596220514,6,red
5.18717111462369,0.23314202904496836,0.4582826747036472,5.328201478825102,0.01594257415326356,23.191821417430177,92.95885130773362,0.993005276097447,3.2208549314018375,0.5131069974253171,11.661334633997955,5,white
6.835311123372902,0.17875060297963863,0.4061895505456387,2.053765058463716,0.04185097927566103,29.288850272999376,170.59986154158963,0.9918045424605533,3.0098619100133983,0.4779947556669669,10.239300805898283,5,white
8.858876886421465,0.5729820486247724,0.24192173942468043,0.7493782101682274,0.02229912797883389,2.3462109546973164,7.471326724855139,0.9994290265625078,3.101879615020112,0.4743127121146989,10.364108647899709,4,red
5.767468265125606,0.37618958986902395,0.22156387636891764,6.9911312693192755,0.034594416098694916,27.784930788145253,142.22607942257343,1.0025016352553189,3.2993685878156667,0.43577737193086435,8.009823640598654,4,white
8.279180486160246,0.8055351498218655,0.2141462799438054,1.8068789301145305,0.09348207648314882,12.672947697796076,50.65976089661752,0.9941254195361844,2.8818061608510432,0.8357168170328778,9.320629456539264,4,red
6.876226500821659,0.4056516636005701,0.285238601822023,2.370411395795914,0.009,38.32741517882657,116.25890191559762,0.9965101861815221,3.088093092123598,0.5133302348593707,11.410456589798292,4,white
9.344083390073823,0.8305828107832531,0.12497564020606952,0.5416699367473913,0.10463294366074803,7.054929886795163,41.58564009117409,0.9969279915279822,2.921874197827493,0.5343783259366814,12.009807481208677,3,red
6.754041326848944,0.7436654550008684,0.4190748147006246,1.0335202281845508,0.18781671177612924,3.7299400814359163,7.794706401126744,0.998548698773514,2.989926569324146,0.6413636054170884,10.766101778837514,3,red
5.3893489303065865,0.3110976345014223,0.4484784853950813,4.219854359113452,0.03525418599054968,15.970750152485905,60.63858527418703,0.9950946756485709,3.1052419877659103,0.5214035637519083,11.312234564801296,3,white
5.431438140200058,0.3499247622152061,0.15719729305797836,3.1452736766897815,0.04013540973156232,19.690114747271252,105.12117659564791,0.9985431718628288,3.065432249745788,0.33677202205572904,9.959497336118815,3,white
5.982319197829464,0.12575837961113312,0.5773494562152692,6.4556939953286765,0.013304429958654447,53.28738637485381,135.57902765301495,0.9981953126211373,3.1114524911724573,0.5646214919609089,8.97323398408562,6,white
7.052092288272898,0.38291905902035805,0.33451313355644857,4.560380411278739,0.019612182324982082,27.80109340855468,127.5883714416128,0.9956901340165323,3.133743607885176,0.46114121904239797,11.337748326487628,5,white
6.258660826279387,0.1418006448825246,0.31220014724385603,4.387142222760243,0.030057167342989296,65.96655627567294,356.02078965997157,0.9992857326470805,3.2011371125310975,0.38782292957488174,11.089009950591532,5,white
7.510746893163172,0.2812349689985717,0.26095309447954246,4.555478569726271,0.07535861171635708,41.4968323954562,135.87531106785798,0.9967483743241851,3.144780247575084,0.5595209155145844,10.530906421107915,4,white
8.64496913544721,0.5058244265353015,0.1690692840245563,5.631690411561615,0.01,18.950945041542592,124.18108666048835,0.9988592232127039,3.0730338196419233,0.7311567854590062,9.999692593414077,4,red
7.306707827504825,0.17082505707756643,0.4644910360726916,11.245617593960462,0.07080018471550553,46.02981761517665,154.63909581632552,0.9994709940155113,3.132969055462758,0.53725504336455,11.995915577146384,5,white
4.442893966706491,0.303179670952463,0.40173247804037715,5.6965711818930895,0.083786764510975,39.00309583973615,143.62664475450262,0.992763951958219,3.4409676764050627,0.41614891285941263,10.70504823449638,4,white
